S.No,NABL/NON NABL,Discipline / Group,Materials or Products tested,Parameter,Method,Sample Quantity g/mL,Lead time,Charges per sample,No of Sample,18% GST SAC 998343,Total amount,PROTOCOL NO.,NABL Range,Limit of quantification,,Protocol Link
1,NABL,CHEMICAL- BIO- STIMULANT,"Botanical Extracts, including seaweed extracts",6 Benzyl Amino Purine (6-BAP) % w/w,ABRL STP 006 (HPLC),50,15,3500,1,630,4130,ABRL PRO 002,1 mg/kg to 990000 mg/kg,0.86 mg/kg,,https://forms.gle/ZVvz31MkZnjJX1X38
2,NABL,CHEMICAL- BIO- STIMULANT,"Botanical Extracts, including seaweed extracts",Accelerated stability study,CIPAC MT 46,500 ml,22,40000,1,7200,47200,ABRL PRO 083,Not applicable,Not applicable,,
3,NABL,CHEMICAL- BIO- STIMULANT,"Botanical Extracts, including seaweed extracts",Acid Insoluble Ash % w/w,FCO 1985 SCD IV Part D Cl. No. 14,50,15,800,1,144,944,ABRL PRO 053,0.1 % w/w to 50 % w/w,,,https://forms.gle/pVZ3UfnzgqWD7U4x7
4,NABL,CHEMICAL- BIO- STIMULANT,"Botanical Extracts, including seaweed extracts",Acid soluble Ash % w/w,Calculative based on FCO 1985 SCD IV Part D Cl. No. 14,50,15,800,1,144,944,ABRL PRO 053,0.1 % w/w to 50 % w/w,,,https://forms.gle/pVZ3UfnzgqWD7U4x7
5,NABL,CHEMICAL- BIO- STIMULANT,"Botanical Extracts, including seaweed extracts",Alginic Acid % w/w,ABRL STP 050 (HPLC),50,15,3500,1,630,4130,ABRL PRO 002,0.0001 % to 99 %,44.70 mg/kg,,https://forms.gle/ZVvz31MkZnjJX1X38
6,NABL,CHEMICAL- BIO- STIMULANT,"Botanical Extracts, including seaweed extracts",Alpha-tocopherol (Vitamin E) % w/w,ABRL STP 010 (HPLC),50,15,3500,1,630,4130,ABRL PRO 002,0.0001 % to 99 %,,,https://forms.gle/ZVvz31MkZnjJX1X38
7,NABL,CHEMICAL- BIO- STIMULANT,"Botanical Extracts, including seaweed extracts",Aluminium as Al mg/kg,ABRL STP 043 (MP-AES),50,15,1000,1,180,1180,ABRL PRO 028,10 µg/kg to 100000 mg/kg,,,https://forms.gle/CYNtvab5hedeJEEMA
8,NABL,CHEMICAL- BIO- STIMULANT,"Botanical Extracts, including seaweed extracts",Ammoniacal nitrogen % w/w,FCO 1985 SCD II Part B Cl.No.03,50,15,600,1,108,708,ABRL PRO 014,0.1 % to 40 %,,,https://forms.gle/eCp5pXhcQKkRUFpd8
9,NABL,CHEMICAL- BIO- STIMULANT,"Botanical Extracts, including seaweed extracts",Appereance ,ABRL STP 091,50,15,100,1,18,118,ABRL PRO 092,NA,,,https://forms.gle/ZrVhayg6o6mkzWNy6
10,NABL,CHEMICAL- BIO- STIMULANT,"Botanical Extracts, including seaweed extracts",Arsenic as As/As2O3 mg/kg,FCO 1985 SCD IV Part D Cl. No. 12,50,15,1000,1,180,1180,ABRL PRO 060,10 µg/kg to 50000 mg/kg,,,https://forms.gle/ALxktWakYxGehtMa9
11,NABL,CHEMICAL- BIO- STIMULANT,"Botanical Extracts, including seaweed extracts",Arsenic as As / AS2O3 mg/kg,IS 16556,50,15,1000,1,180,1180,ABRL PRO 060,10 µg/kg to 50000 mg/kg,,,https://forms.gle/ALxktWakYxGehtMa9
12,NABL,CHEMICAL- BIO- STIMULANT,"Botanical Extracts, including seaweed extracts",Ascorbic acid % w/w,ABRL STP 005 (HPLC),50,15,3500,1,630,4130,ABRL PRO 002,0.00001 % to 99 %,,,https://forms.gle/ZVvz31MkZnjJX1X38
13,NABL,CHEMICAL- BIO- STIMULANT,"Botanical Extracts, including seaweed extracts",Barium as Ba mg/kg,ABRL STP 043 (MP-AES),50,15,1000,1,180,1180,ABRL PRO 028,10 µg/kg to 100000 mg/kg,,,https://forms.gle/CYNtvab5hedeJEEMA
14,NABL,CHEMICAL- BIO- STIMULANT,"Botanical Extracts, including seaweed extracts",Boron as B mg/kg,ABRL STP 043 (MP-AES),50,15,1000,1,180,1180,ABRL PRO 028,10 µg/kg to 100000 mg/kg,,,https://forms.gle/CYNtvab5hedeJEEMA
15,NABL,CHEMICAL- BIO- STIMULANT,"Botanical Extracts, including seaweed extracts",C:N Ratio,FCO 1985 SCD IV Part D Cl.No. 07,50,15,100,1,18,118,ABRL PRO 008,Calculative,,,"https://forms.gle/b51JKPnT1J9kNucy8 , https://forms.gle/Q3mPhs2GWZHCcP1T6"
16,NABL,CHEMICAL- BIO- STIMULANT,"Botanical Extracts, including seaweed extracts",C:N Ratio ,IS 16556,50,15,100,1,18,118,ABRL PRO 008,Calculative,,,"https://forms.gle/b51JKPnT1J9kNucy8 , https://forms.gle/Q3mPhs2GWZHCcP1T6"
17,NABL,CHEMICAL- BIO- STIMULANT,"Botanical Extracts, including seaweed extracts",Cadmium as Cd mg/kg,FCO 1985 SCD IV Part D Cl.No.10,50,15,3200,1,576,3776,ABRL PRO 060,10 µg/kg to 50000 mg/kg,,,https://forms.gle/ALxktWakYxGehtMa9
18,NABL,CHEMICAL- BIO- STIMULANT,"Botanical Extracts, including seaweed extracts",Cadmium as Cd mg/kg,IS 16556,50,15,3200,1,576,3776,ABRL PRO 060,10 µg/kg to 50000 mg/kg,,,https://forms.gle/ALxktWakYxGehtMa9
19,NABL,CHEMICAL- BIO- STIMULANT,"Botanical Extracts, including seaweed extracts",Calcium as Ca mg/kg,ABRL STP 043 (MP-AES),50,15,1000,1,180,1180,ABRL PRO 028,1 mg/kg to 500000 mg/kg,,,https://forms.gle/CYNtvab5hedeJEEMA
20,NABL,CHEMICAL- BIO- STIMULANT,"Botanical Extracts, including seaweed extracts",Carrabiitol % w/w,ABRL STP 092 (HPLC),100,15,3500,1,630,4130,,,,,
21,NABL,CHEMICAL- BIO- STIMULANT,"Botanical Extracts, including seaweed extracts",Cation Exchange Capacity meq/g,ABRL STP 053 (MP-AES),50,15,1500,1,270,1770,ABRL PRO 045, 1 meq/g to 50000 meq/g,,,https://forms.gle/8X4X79vm56r7wuts8
22,NABL,CHEMICAL- BIO- STIMULANT,"Botanical Extracts, including seaweed extracts",Chromium as Cr mg/kg,FCO 1985 SCD IV Part D Cl.No.10,50,15,600,1,108,708,ABRL PRO 060,10 µg/kg to 50000 mg/kg,,,https://forms.gle/ALxktWakYxGehtMa9
23,NABL,CHEMICAL- BIO- STIMULANT,"Botanical Extracts, including seaweed extracts",Chromium as Cr mg/kg,IS 16556,50,15,600,,108,708,ABRL PRO 060,10 µg/kg to 50000 mg/kg,,,https://forms.gle/ALxktWakYxGehtMa9
24,NABL,CHEMICAL- BIO- STIMULANT,"Botanical Extracts, including seaweed extracts",Clarity,European Pharmacopiea 9.2,50,15,100,1,18,118,ABRL PRO 092,NA,,,https://forms.gle/ZrVhayg6o6mkzWNy6
25,NABL,CHEMICAL- BIO- STIMULANT,"Botanical Extracts, including seaweed extracts",Cobalt as Co mg/kg,ABRL STP 043 (MP-AES),100,15,1000,1,180,1180,ABRL PRO 028,10 µg/kg to 100000 mg/kg,,,https://forms.gle/CYNtvab5hedeJEEMA
26,NABL,CHEMICAL- BIO- STIMULANT,"Botanical Extracts, including seaweed extracts",Colour,OPPTS 830.6302,50,15,100,1,18,118,ABRL PRO 092,NA,,,https://forms.gle/ZrVhayg6o6mkzWNy6
27,NABL,CHEMICAL- BIO- STIMULANT,"Botanical Extracts, including seaweed extracts",Conductivity µS/cm,FCO 1985 SCD IV Part D Cl.No.04,50,15,450,1,81,531,ABRL PRO 017,1 µS/cm to 50000 µS/cm,,,https://forms.gle/NjLm8u7U1By8uar4A
28,NABL,CHEMICAL- BIO- STIMULANT,"Botanical Extracts, including seaweed extracts",Conductivity µS/cm,IS 16556,50,15,450,1,81,531,ABRL PRO 017,1 µS/cm to 50000 µS/cm,,,https://forms.gle/NjLm8u7U1By8uar4A
29,NABL,CHEMICAL- BIO- STIMULANT,"Botanical Extracts, including seaweed extracts",Copper as Cu mg/kg,FCO 1985 SCD IV Part D Cl.No.10,50,15,600,1,108,708,ABRL PRO 060,10 µg/kg to 50000 mg/kg,,,https://forms.gle/ALxktWakYxGehtMa9
30,NABL,CHEMICAL- BIO- STIMULANT,"Botanical Extracts, including seaweed extracts",Copper as Cu mg/kg,IS 16556,50,15,600,1,108,708,ABRL PRO 060,10 µg/kg to 50000 mg/kg,,,https://forms.gle/ALxktWakYxGehtMa9
31,NABL,CHEMICAL- BIO- STIMULANT,"Botanical Extracts, including seaweed extracts",Density g/ml,FCO 1985 SCD IV Part D,50,15,350,1,63,413,ABRL PRO 041,0.500 to 2.500 g/ml,,,https://forms.gle/1ummEPEzcdMaeP1XA
32,NABL,CHEMICAL- BIO- STIMULANT,"Botanical Extracts, including seaweed extracts",Density g/ml,IS 16556,50,15,350,1,63,413,ABRL PRO 041,0.500 to 2.500 g/ml,,,https://forms.gle/1ummEPEzcdMaeP1XA
33,NABL,CHEMICAL- BIO- STIMULANT,"Botanical Extracts, including seaweed extracts",Dilution Stability,CIPAC MT 41,50,15,1500,1,270,1770,ABRL PRO 093,Not applicable,,,https://forms.gle/7WdUJ6YZ1kVrGfC77
34,NABL,CHEMICAL- BIO- STIMULANT,"Botanical Extracts, including seaweed extracts",Elemental Sulphur % w/w,FCO 1985 SCD II Part B Cl. No.24,50,15,400,1,72,472,ABRL PRO 011,0.1 % to 50 %,,,https://forms.gle/NEPfFA1GmooQ6YAg8
35,NABL,CHEMICAL- BIO- STIMULANT,"Botanical Extracts, including seaweed extracts",Folic acid % w/w,ABRL STP 001 (HPLC),50,15,3500,1,630,4130,ABRL PRO 002,0.005 % to 95 %,0.15 mg/kg,,https://forms.gle/ZVvz31MkZnjJX1X38
36,NABL,CHEMICAL- BIO- STIMULANT,"Botanical Extracts, including seaweed extracts",Formol nitrogen content % w/w,Thai industrial standard Page no.191,50,15,2000,1,360,2360,ABRL PRO 092,0.05 % to 50 %,,,https://forms.gle/Y7Ye6zMjosRonixA8
37,NABL,CHEMICAL- BIO- STIMULANT,"Botanical Extracts, including seaweed extracts",Free alkali as KOH % w/w,ABRL STP 038 (Titremetric),50,15,450,1,81,531,ABRL PRO 024,0.01 % to 50 %,,,https://forms.gle/UD2YCiGdzqo8VMFb6
38,NABL,CHEMICAL- BIO- STIMULANT,"Botanical Extracts, including seaweed extracts",Free alkali as NaOH % w/w,ABRL STP 038 (Titremetric),50,15,450,1,81,531,ABRL PRO 024,0.01 % to 50 %,,,https://forms.gle/UD2YCiGdzqo8VMFb6
39,NABL,CHEMICAL- BIO- STIMULANT,"Botanical Extracts, including seaweed extracts",Free amino nitrogen % w/w,ABRL STP 052 (Ninhydrin),50,15,1500,1,270,1770,ABRL PRO 044,0.001 % to 99 %,,,https://forms.gle/KnFSJs2pxi9pDKaTA
40,NABL,CHEMICAL- BIO- STIMULANT,"Botanical Extracts, including seaweed extracts",Fucoidan % w/w,ABRL STP 115 (HPLC),50,15,3500,1,630,4130,ABRL PRO 002,0.00001 % to 99 %,,,https://forms.gle/ZVvz31MkZnjJX1X38
41,NABL,CHEMICAL- BIO- STIMULANT,"Botanical Extracts, including seaweed extracts",Fulvic acid % w/w,ABRL STP 116 (Titrimetric),50,15,1000,1,180,1180,ABRL PRO 108,0.001 % to 60 %,,,https://forms.gle/rMyfSJtJSzRCT7Yj8
42,NABL,CHEMICAL- BIO- STIMULANT,"Botanical Extracts, including seaweed extracts",Gibbrellic Acid -3 (GA3) % w/w,ABRL STP 003 (HPLC),50,15,3500,1,630,4130,ABRL PRO 002,0.001 % to 97 %,0.17 mg/kg,,https://forms.gle/ZVvz31MkZnjJX1X38
43,NABL,CHEMICAL- BIO- STIMULANT,"Botanical Extracts, including seaweed extracts",Humic Acid % w/w,ISO 19822,50,15,4000,1,720,4720,ABRL PRO 029,1 % to 70 %,,,"https://forms.gle/BYPkiHP9Z2dBoFVs6 , https://forms.gle/NEPfFA1GmooQ6YAg8"
44,NABL,CHEMICAL- BIO- STIMULANT,"Botanical Extracts, including seaweed extracts",Hydrophobic fulvic acid % w/w,ISO 19822,50,15,4000,1,720,4720,ABRL PRO 029,1 % to 70 %,,,"https://forms.gle/BYPkiHP9Z2dBoFVs6 , https://forms.gle/NEPfFA1GmooQ6YAg8"
45,NABL,CHEMICAL- BIO- STIMULANT,"Botanical Extracts, including seaweed extracts",Indole Acetic Acid % w/w,ABRL STP 002 (HPLC),50,15,3500,1,630,4130,ABRL PRO 002,0.005 % to 99 %,0.14 mg/kg,,https://forms.gle/ZVvz31MkZnjJX1X38
46,NABL,CHEMICAL- BIO- STIMULANT,"Botanical Extracts, including seaweed extracts",Indole Butyric Acid % w/w,ABRL STP 022 (HPLC),50,15,3500,1,630,4130,ABRL PRO 002,0.003 % to 99 %,0.52 mg/kg,,https://forms.gle/ZVvz31MkZnjJX1X38
47,NABL,CHEMICAL- BIO- STIMULANT,"Botanical Extracts, including seaweed extracts",Inorganic matter (Ash) % w/w,Calculative based on FCO 1985 SCD IV Part D Cl.No.05,50,15,800,1,144,944,ABRL PRO 008,1 % to 55 %,,,https://forms.gle/b51JKPnT1J9kNucy8
48,NABL,CHEMICAL- BIO- STIMULANT,"Botanical Extracts, including seaweed extracts",Inorganic matter (Ash) % w/w,IS 16556,50,15,800,1,144,944,ABRL PRO 008,0.1 % to 99 %,,,https://forms.gle/b51JKPnT1J9kNucy8
49,NABL,CHEMICAL- BIO- STIMULANT,"Botanical Extracts, including seaweed extracts",Inorganic Nitrogen (Nitrate nitrogen) % w/w,FCO 1985 SCD II Part B Cl.No.03,50,15,1000,1,180,1180,ABRL PRO 055,0.1 % to 35 %,,,https://forms.gle/3CzKP7dHJ2b1ptPq6
50,NABL,CHEMICAL- BIO- STIMULANT,"Botanical Extracts, including seaweed extracts",Iron as Fe % w/w,ABRL STP 043 (MP-AES),50,15,1000,1,180,1180,ABRL PRO 028,10 µg/kg to 100000 mg/kg,,,https://forms.gle/CYNtvab5hedeJEEMA
51,NABL,CHEMICAL- BIO- STIMULANT,"Botanical Extracts, including seaweed extracts",K as K2O % w/w,IS 9497,,15,,,0,0,,,,,
52,NABL,CHEMICAL- BIO- STIMULANT,"Botanical Extracts, including seaweed extracts",Kinetin % w/w,ABRL STP 008 (HPLC),50,15,4000,1,720,4720,ABRL PRO 002,0.005 % to 99 %,0.03 mg/kg,,https://forms.gle/ZVvz31MkZnjJX1X38
53,NABL,CHEMICAL- BIO- STIMULANT,"Botanical Extracts, including seaweed extracts",Laminarin % w/w,ABRL STP 114 (HPLC),50,15,3500,1,630,4130,ABRL PRO 002,0.00001 % to 99 %,,,https://forms.gle/ZVvz31MkZnjJX1X38
54,NABL,CHEMICAL- BIO- STIMULANT,"Botanical Extracts, including seaweed extracts",Lead as Pb mg/kg,FCO 1985 SCD IV Part D Cl.No.10,50,15,600,1,108,708,ABRL PRO 060,10 µg/kg to 50000 mg/kg,,,https://forms.gle/ALxktWakYxGehtMa9
55,NABL,CHEMICAL- BIO- STIMULANT,"Botanical Extracts, including seaweed extracts",Lead as Pb mg/kg,IS 16556,50,15,600,1,108,708,ABRL PRO 060,10 µg/kg to 50000 mg/kg,,,https://forms.gle/ALxktWakYxGehtMa9
56,NABL,CHEMICAL- BIO- STIMULANT,"Botanical Extracts, including seaweed extracts",Magnesium as Mg mg/kg,ABRL STP 043 (MP-AES),50,15,1000,1,180,1180,ABRL PRO 028,10 µg/kg to 100000 mg/kg,,,https://forms.gle/CYNtvab5hedeJEEMA
57,NABL,CHEMICAL- BIO- STIMULANT,"Botanical Extracts, including seaweed extracts",Manganese as Mn mg/kg,ABRL STP 043 (MP-AES),50,15,1000,1,180,1180,ABRL PRO 028,10 µg/kg to 100000 mg/kg,,,https://forms.gle/CYNtvab5hedeJEEMA
58,NABL,CHEMICAL- BIO- STIMULANT,"Botanical Extracts, including seaweed extracts",Mannitol % w/w,ABRL STP 051 (HPLC),50,15,1500,1,270,1770,ABRL PRO 043,0.01 % to 95 %,,,https://forms.gle/Gx8Sx2CdHYh9FdJm7
59,NABL,CHEMICAL- BIO- STIMULANT,"Botanical Extracts, including seaweed extracts",Material Insoluble in water % w/w,CIPAC MT 10,50,15,350,1,63,413,ABRL PRO 020,0.1 % to 50 %,,,https://forms.gle/4mKKEZ5kDncKWzB86
60,NABL,CHEMICAL- BIO- STIMULANT,"Botanical Extracts, including seaweed extracts",Mercury as Hg mg/kg,FCO 1985 SCD IV Part D Cl.No.11,50,15,1000,1,180,1180,ABRL PRO 060,10 µg/kg to 50000 mg/kg,,,https://forms.gle/ALxktWakYxGehtMa9
61,NABL,CHEMICAL- BIO- STIMULANT,"Botanical Extracts, including seaweed extracts",Mercury as Hg mg/kg,IS 16556,50,15,1000,1,180,1180,ABRL PRO 060,10 µg/kg to 50000 mg/kg,,,https://forms.gle/ALxktWakYxGehtMa9
62,NABL,CHEMICAL- BIO- STIMULANT,"Botanical Extracts, including seaweed extracts",Moisture Content % w/w,FCO 1985 SCD IV Part D Cl.No.02,200,15,450,1,81,531,ABRL PRO 004,0.1 % to 65 %,,,https://forms.gle/r52g7ec3g7ZfoEhWA
63,NABL,CHEMICAL- BIO- STIMULANT,"Botanical Extracts, including seaweed extracts",Moisture Content % w/w,ABRL STP 090 (IR Balance),200,15,450,1,81,531,ABRL PRO 030,0.1 % to 65 %,,,https://forms.gle/GVr8x5kg84nXY8ML9
64,NABL,CHEMICAL- BIO- STIMULANT,"Botanical Extracts, including seaweed extracts",Moisture Content % w/w,IS 15106,50,15,450,1,81,531,ABRL PRO 004,0.01 % to 50 % w/w,,,https://forms.gle/r52g7ec3g7ZfoEhWA
65,NABL,CHEMICAL- BIO- STIMULANT,"Botanical Extracts, including seaweed extracts",Moisture Content % w/w,IS 16556,200,15,450,1,81,531,ABRL PRO 004,0.1 % to 65 %,,,https://forms.gle/r52g7ec3g7ZfoEhWA
66,NABL,CHEMICAL- BIO- STIMULANT,"Botanical Extracts, including seaweed extracts",Moisture Content % w/w,ISO 19822,50,15,500,1,90,590,ABRL PRO 004,1 % to 10 %,,,https://forms.gle/r52g7ec3g7ZfoEhWA
67,NABL,CHEMICAL- BIO- STIMULANT,"Botanical Extracts, including seaweed extracts",Molybdenum as Mo mg/kg,ABRL STP 043 (MP-AES),50,15,1000,1,180,1180,ABRL PRO 028,10 µg/kg to 100000 mg/kg,,,https://forms.gle/CYNtvab5hedeJEEMA
68,NABL,CHEMICAL- BIO- STIMULANT,"Botanical Extracts, including seaweed extracts",Myo-inositol % w/w,ABRL STP 113 (HPLC),50,15,3500,1,630,4130,ABRL PRO 002,0.00001 % to 99 %,,,https://forms.gle/ZVvz31MkZnjJX1X38
69,NABL,CHEMICAL- BIO- STIMULANT,"Botanical Extracts, including seaweed extracts",Na as Na2O % w/w,IS 9497,50,15,500,1,90,590,ABRL PRO 006,0.05% to 50 %,,,"https://forms.gle/xFDBDxZZHQdxNbVW8 , https://forms.gle/r52g7ec3g7ZfoEhWA"
70,NABL,CHEMICAL- BIO- STIMULANT,"Botanical Extracts, including seaweed extracts",Naphthyl Acetic Acid (NAA) % w/w,ABRL STP 071 (HPLC),50,15,3500,1,630,4130,ABRL PRO 002,0.0001% to 99 %,0.41 mg/kg,,https://forms.gle/ZVvz31MkZnjJX1X38
71,NABL,CHEMICAL- BIO- STIMULANT,"Botanical Extracts, including seaweed extracts",Nickel as Ni mg/kg,FCO 1985 SCD IV Part D Cl.No.10,50,15,600,1,108,708,ABRL PRO 060,10 µg/kg to 50000 mg/kg,,,https://forms.gle/ALxktWakYxGehtMa9
72,NABL,CHEMICAL- BIO- STIMULANT,"Botanical Extracts, including seaweed extracts",Nickel as Ni mg/kg,IS 16556,50,15,600,1,108,708,ABRL PRO 060,10 µg/kg to 50000 mg/kg,,,https://forms.gle/ALxktWakYxGehtMa9
73,NABL,CHEMICAL- BIO- STIMULANT,"Botanical Extracts, including seaweed extracts",Odor,OPPTS 830.6304,50,15,100,1,18,118,ABRL PRO 092,NA,,,https://forms.gle/ZrVhayg6o6mkzWNy6
74,NABL,CHEMICAL- BIO- STIMULANT,"Botanical Extracts, including seaweed extracts",Organic matter % w/w,FCO 1985 SCD IV Part D Cl.No.05,50,15,800,1,144,944,ABRL PRO 008, 0.1 % to 99 %,,,https://forms.gle/b51JKPnT1J9kNucy8
75,NABL,CHEMICAL- BIO- STIMULANT,"Botanical Extracts, including seaweed extracts",Organic matter % w/w,IS 16556,50,15,800,1,144,944,ABRL PRO 008, 0.1 % to 99 %,,,https://forms.gle/b51JKPnT1J9kNucy8
76,NABL,CHEMICAL- BIO- STIMULANT,"Botanical Extracts, including seaweed extracts",Particle size % w/w,FCO 1985 SCD IV Part D,100,15,300,1,54,354,ABRL PRO 061,0.1 % to 100 %,,,https://forms.gle/eSfFCX1syVcSxff18
77,NABL,CHEMICAL- BIO- STIMULANT,"Botanical Extracts, including seaweed extracts",Persistant foaming (ml),CIPAC MT 47,50,15,1000,1,180,1180,ABRL PRO 094,0.1 ml to 1000 ml,,,https://forms.gle/inQej5gjwJrvLm2S8
78,NABL,CHEMICAL- BIO- STIMULANT,"Botanical Extracts, including seaweed extracts",pH (% aqeous solution/ Liquid),ABRL STP 027(PH-Meter),100,15,350,1,63,413,ABRL PRO 001,1 to 14,,,https://forms.gle/sHECK8iCUHJm39wK9
79,NABL,CHEMICAL- BIO- STIMULANT,"Botanical Extracts, including seaweed extracts",pH ,FCO 1985 SCD II Part B Cl.No.08,200,15,350,1,63,413,ABRL PRO 001,1 to 14,,,https://forms.gle/sHECK8iCUHJm39wK9
80,NABL,CHEMICAL- BIO- STIMULANT,"Botanical Extracts, including seaweed extracts",pH ,FCO 1985 SCD IV Part D Cl.No.1,100,15,400,1,72,472,ABRL PRO 041,1 to 14,,Minimum sample handeling charge is to be considered if providing service lower than 500 Rs.,https://forms.gle/1ummEPEzcdMaeP1XA
81,NABL,CHEMICAL- BIO- STIMULANT,"Botanical Extracts, including seaweed extracts",pH,IS 16556,100,15,400,1,72,472,ABRL PRO 041,1 to 14,,Minimum sample handeling charge is to be considered if providing service lower than 500 Rs.,https://forms.gle/1ummEPEzcdMaeP1XA
82,NABL,CHEMICAL- BIO- STIMULANT,"Botanical Extracts, including seaweed extracts",Physical State (Form),OPPTS 830.6303,50,15,100,1,18,118,ABRL PRO 092,NA,,,https://forms.gle/ZrVhayg6o6mkzWNy6
83,NABL,CHEMICAL- BIO- STIMULANT,"Botanical Extracts, including seaweed extracts",Plant available silicon % w/w,FCO 1985 SCD II Part B Cl.No.29,50,15,1500,1,270,1770,ABRL PRO 069,0.01 % to 50 %,,,https://forms.gle/1ZzQ7V7cKb1dgmj4A
84,NABL,CHEMICAL- BIO- STIMULANT,"Botanical Extracts, including seaweed extracts",Potassium as K mg/kg,ABRL STP 043 (MP-AES),100,15,1000,1,180,1180,ABRL PRO 028,1 mg/kg to 500000 mg/kg,,,https://forms.gle/CYNtvab5hedeJEEMA
85,NABL,CHEMICAL- BIO- STIMULANT,"Botanical Extracts, including seaweed extracts",Pourability (Residue) % w/w,CIPAC MT 148,1000,15,2000,1,360,2360,ABRL PRO 095,0.1 % to 70 %,,,https://forms.gle/49mTRqwiD6QxDFU87
86,NABL,CHEMICAL- BIO- STIMULANT,"Botanical Extracts, including seaweed extracts",Pourability (Rinsed Residue) % w/w,CIPAC MT 148,1000,15,2000,1,360,2360,ABRL PRO 095,0.01 % to 50 %,,,https://forms.gle/49mTRqwiD6QxDFU87
87,NABL,CHEMICAL- BIO- STIMULANT,"Botanical Extracts, including seaweed extracts",Quercetin % w/w,ABRL STP 007 (HPLC),50,15,3500,1,630,4130,ABRL PRO 002,0.0001 % to 95 %,0.39 mg/kg,,https://forms.gle/ZVvz31MkZnjJX1X38
88,NABL,CHEMICAL- BIO- STIMULANT,"Botanical Extracts, including seaweed extracts",Shape ,ABRL STP 091,50,15,100,1,18,118,ABRL PRO 092,NA,,,https://forms.gle/ZrVhayg6o6mkzWNy6
89,NABL,CHEMICAL- BIO- STIMULANT,"Botanical Extracts, including seaweed extracts",Sodium as Na mg/kg,ABRL STP 043 (MP-AES),50,15,3500,1,630,4130,ABRL PRO 028,1 mg/kg to 500000 mg/kg,,,https://forms.gle/CYNtvab5hedeJEEMA
90,NABL,CHEMICAL- BIO- STIMULANT,"Botanical Extracts, including seaweed extracts",Solid Content % w/w,IS 15106,50,15,450,1,81,531,ABRL PRO 004,0.1 % to 99 % w/w,,,https://forms.gle/r52g7ec3g7ZfoEhWA
91,NABL,CHEMICAL- BIO- STIMULANT,"Botanical Extracts, including seaweed extracts",Solubility % w/w,ABRL STP 036 (Gravimetric),50,15,350,1,63,413,ABRL PRO 020,0.1 % to 100 %,,,https://forms.gle/4mKKEZ5kDncKWzB86
92,NABL,CHEMICAL- BIO- STIMULANT,"Botanical Extracts, including seaweed extracts",Specific gravity ,CIPAC MT 3,50,15,350,1,63,413,ABRL PRO 066,0.500 to 2.500 g/ml,,,https://forms.gle/WXPbz5i1fZHux8bM9
93,NABL,CHEMICAL- BIO- STIMULANT,"Botanical Extracts, including seaweed extracts",Specific gravity,FCO 1985 SCD II Part B,50,15,350,1,63,413,ABRL PRO 066,0.500 to 2.500 g/ml,,,https://forms.gle/WXPbz5i1fZHux8bM9
94,NABL,CHEMICAL- BIO- STIMULANT,"Botanical Extracts, including seaweed extracts",Strontium as Sr mg/kg,ABRL STP 043 (MP-AES),50,15,3500,1,630,4130,ABRL PRO 028,1 mg/kg to 500000 mg/kg,,,https://forms.gle/CYNtvab5hedeJEEMA
95,NABL,CHEMICAL- BIO- STIMULANT,"Botanical Extracts, including seaweed extracts",Sulphate Sulphur % w/w,FCO 1985 SCD II Part B Cl. No.24,50,15,800,1,144,944,ABRL PRO 011,0.1 % to 70 %,,,https://forms.gle/NEPfFA1GmooQ6YAg8
96,NABL,CHEMICAL- BIO- STIMULANT,"Botanical Extracts, including seaweed extracts",Suspensibility % w/w,CIPAC MT 161,100,15,2000,1,360,2360,ABRL PRO 096,0.1 % to 105 %,,,https://forms.gle/1KM8MciJYXpU9Noz8
97,NABL,CHEMICAL- BIO- STIMULANT,"Botanical Extracts, including seaweed extracts",Thiamin mononitrate (Vitamin B1) % w/w,ABRL STP 009 (HPLC),50,15,3500,1,630,4130,ABRL PRO 002,0.0001 % to 99 %,,,https://forms.gle/ZVvz31MkZnjJX1X38
98,NABL,CHEMICAL- BIO- STIMULANT,"Botanical Extracts, including seaweed extracts",Total Amino acid % w/w,ABRL STP 052 (Ninhydrin),50,15,1500,1,270,1770,ABRL PRO 044,0.001 % to 99 %,,,https://forms.gle/KnFSJs2pxi9pDKaTA
99,NABL,CHEMICAL- BIO- STIMULANT,"Botanical Extracts, including seaweed extracts",Total Amino Nitrogen % w/w,Thai industrial standard Page no. 191-193,1500,15,2000,1,360,2360,ABRL PRO 092,0.001 % to 99 %,,,https://forms.gle/KnFSJs2pxi9pDKaTA
100,NABL,CHEMICAL- BIO- STIMULANT,"Botanical Extracts, including seaweed extracts",Total Carbohydrate % w/w,ABRL STP 046 (Anthrone),50,15,1500,1,270,1770,ABRL PRO 035,0.001 % to 99 %,10.05 mg/kg,,https://forms.gle/QExDSnE6janEauz8A
101,NABL,CHEMICAL- BIO- STIMULANT,"Botanical Extracts, including seaweed extracts",Total Chloride % w/w,FCO 1985 SCD II Part B Cl.No.18,50,15,300,1,54,354,ABRL PRO 078,0.01 % to 99 %,,,https://forms.gle/k6tf57dYD8yuAbRD8
102,NABL,CHEMICAL- BIO- STIMULANT,"Botanical Extracts, including seaweed extracts",Total Dissolved Solids (TDS) % w/w,ABRL STP 098 (Gravimetric),100,15,350,1,63,413,ABRL PRO 097,0.01 % to 60 % ,,,https://forms.gle/JbV95JkQizSL42Vm8
103,NABL,CHEMICAL- BIO- STIMULANT,"Botanical Extracts, including seaweed extracts",Total Humic acid % w/w,ISO 5073,50,15,1200,1,216,1416,ABRL PRO 005,0.1 % to 99 %,,,https://forms.gle/kGrK8JuttwQrNZqp7
104,NABL,CHEMICAL- BIO- STIMULANT,"Botanical Extracts, including seaweed extracts",Total Nitrogen % w/w,FCO 1985 SCD IV Part D Cl.No.06,50,15,1000,1,180,1180,ABRL PRO 007,0.05 % to 35 %,,,https://forms.gle/Q3mPhs2GWZHCcP1T6
105,NABL,CHEMICAL- BIO- STIMULANT,"Botanical Extracts, including seaweed extracts",Total Nitrogen % w/w,IS 16556,50,15,1000,1,180,1180,ABRL PRO 007,0.05 % to 35 %,,,https://forms.gle/Q3mPhs2GWZHCcP1T6
106,NABL,CHEMICAL- BIO- STIMULANT,"Botanical Extracts, including seaweed extracts",Total Organic Carbon/Organic Carbon % w/w,FCO 1985 SCD IV Part D Cl.No.05,50,15,900,1,162,1062,ABRL PRO 008,1 % to 55 %,,,https://forms.gle/b51JKPnT1J9kNucy8
107,NABL,CHEMICAL- BIO- STIMULANT,"Botanical Extracts, including seaweed extracts",Total Organic Carbon/Organic Carbon % w/w,IS 16556,50,15,900,1,162,1062,ABRL PRO 008,1 % to 55 %,,,https://forms.gle/b51JKPnT1J9kNucy8
108,NABL,CHEMICAL- BIO- STIMULANT,"Botanical Extracts, including seaweed extracts",Total phosphorous as P2O5 % w/w,FCO 1985 SCD IV Part D Cl.No.08,50,15,1200,1,216,1416,ABRL PRO 060,0.05% to 35 %,,,https://forms.gle/ALxktWakYxGehtMa9
109,NABL,CHEMICAL- BIO- STIMULANT,"Botanical Extracts, including seaweed extracts",Total phosphorous as P2O5 % w/w,IS 16556,50,15,1200,1,216,1416,ABRL PRO 060,0.05% to 35 %,,,https://forms.gle/ALxktWakYxGehtMa9
110,NABL,CHEMICAL- BIO- STIMULANT,"Botanical Extracts, including seaweed extracts",Total Potash K & K as K2O % w/w,IS 16556,50,15,800,1,144,944,ABRL PRO 060,0.05 % to 35 %,,,https://forms.gle/ALxktWakYxGehtMa9
111,NABL,CHEMICAL- BIO- STIMULANT,"Botanical Extracts, including seaweed extracts",Total Potash K & K as K2O % w/w,FCO 1985 SCD IV Part D Cl.No.09,50,15,800,1,144,944,ABRL PRO 060,0.05 % to 35 %,,,https://forms.gle/ALxktWakYxGehtMa9
112,NABL,CHEMICAL- BIO- STIMULANT,"Botanical Extracts, including seaweed extracts",Total Protein % w/w,ABRL STP 016 (Folin-lowery),50,15,1500,1,270,1770,ABRL PRO 018,0.001 % to 99 %,,,https://forms.gle/NVvh6HsVcqMFKm8bA
113,NABL,CHEMICAL- BIO- STIMULANT,"Botanical Extracts, including seaweed extracts",Total protein Calculative % w/w,Calculative based on conversion factor (Kjeldahl),50,15,100,1,18,118,ABRL PRO 007,0.05 % to 99 %,,,https://forms.gle/Q3mPhs2GWZHCcP1T6
114,NABL,CHEMICAL- BIO- STIMULANT,"Botanical Extracts, including seaweed extracts",Total Sulphur % w/w,FCO 1985 SCD IV Part D Cl.No.15,100,15,1200,1,216,1416,ABRL PRO 011, 0.05 % to 50 %,,,https://forms.gle/NEPfFA1GmooQ6YAg8
115,NABL,CHEMICAL- BIO- STIMULANT,"Botanical Extracts, including seaweed extracts",Triacontanol % w/w,ABRL STP 011 (GC),50,15,3500,1,630,4130,ABRL PRO 003,0.05 % to 99 %,502 mg/kg,,https://forms.gle/SWkKy6Q53AmRiEDg9
116,NABL,CHEMICAL- BIO- STIMULANT,"Botanical Extracts, including seaweed extracts",Viscosity cps,CIPAC MT 22,500,15,1000,1,180,1180,ABRL PRO 051,1 to 25000 cps,,,https://forms.gle/xMxncb1RieE6p3Gr7
117,NABL,CHEMICAL- BIO- STIMULANT,"Botanical Extracts, including seaweed extracts",Water Insoluble Nitrogen % w/w,FCO 1985 SCD IV Part D Cl.No.14,50,15,1000,1,180,1180,ABRL PRO 083,0.05 % to 35 %,,,https://forms.gle/pWdSyPGRKo795T8EA
118,NABL,CHEMICAL- BIO- STIMULANT,"Botanical Extracts, including seaweed extracts",Water Solubility % w/w,ABRL STP 036 (Gravimetric),50,15,350,1,63,413,ABRL PRO 020,0.1 % to 99 %,,,https://forms.gle/4mKKEZ5kDncKWzB86
119,NABL,CHEMICAL- BIO- STIMULANT,"Botanical Extracts, including seaweed extracts",Water Soluble potash as K2O % w/w,FCO 1985 SCD IV Part D Cl.No.09,50,15,800,1,144,944,ABRL PRO 060,0.05 % to 35 %,,,https://forms.gle/ALxktWakYxGehtMa9
120,NABL,CHEMICAL- BIO- STIMULANT,"Botanical Extracts, including seaweed extracts",Zinc as Zn mg/kg,FCO 1985 SCD IV Part D Cl.No.10,50,15,600,1,108,708,ABRL PRO 060,10 µg/kg to 50000 mg/kg,,,https://forms.gle/ALxktWakYxGehtMa9
121,NABL,CHEMICAL- BIO- STIMULANT,"Botanical Extracts, including seaweed extracts",Zinc as Zn mg/kg,IS 16556,50,15,600,1,108,708,ABRL PRO 060,10 µg/kg to 50000 mg/kg,,,https://forms.gle/ALxktWakYxGehtMa9
122,NABL,CHEMICAL- BIO- STIMULANT,Anti-transpirants formulations,6 Benzyl Amino Purine (6-BAP) % w/w,ABRL STP 006 (HPLC),50,15,3500,1,630,4130,ABRL PRO 002,1 mg/kg to 990000 mg/kg,0.86 mg/kg,,https://forms.gle/ZVvz31MkZnjJX1X38
123,NABL,CHEMICAL- BIO- STIMULANT,Anti-transpirants formulations,Accelerated stability study,CIPAC MT 46,500 ml,22,40000,1,7200,47200,ABRL PRO 083,Not applicable,Not applicable,,
124,NABL,CHEMICAL- BIO- STIMULANT,Anti-transpirants formulations,Acid Insoluble Ash % w/w,FCO 1985 SCD IV Part D Cl. No. 14,50,15,800,1,144,944,ABRL PRO 053,0.1 % w/w to 50 % w/w,,,https://forms.gle/pVZ3UfnzgqWD7U4x7
125,NABL,CHEMICAL- BIO- STIMULANT,Anti-transpirants formulations,Acid soluble Ash % w/w,Calculative based on FCO 1985 SCD IV Part D Cl. No. 14,50,15,800,1,144,944,ABRL PRO 053,0.1 % w/w to 50 % w/w,,,https://forms.gle/pVZ3UfnzgqWD7U4x7
126,NABL,CHEMICAL- BIO- STIMULANT,Anti-transpirants formulations,Alginic Acid % w/w,ABRL STP 050 (HPLC),50,15,3500,1,630,4130,ABRL PRO 002,0.0001 % to 99 %,44.70 mg/kg,,https://forms.gle/ZVvz31MkZnjJX1X38
127,NABL,CHEMICAL- BIO- STIMULANT,Anti-transpirants formulations,Alpha-tocopherol (Vitamin E) % w/w,ABRL STP 010 (HPLC),50,15,3500,1,630,4130,ABRL PRO 002,0.0001 % to 99 %,,,https://forms.gle/ZVvz31MkZnjJX1X38
128,NABL,CHEMICAL- BIO- STIMULANT,Anti-transpirants formulations,Aluminium as Al mg/kg,ABRL STP 043 (MP-AES),50,15,1000,1,180,1180,ABRL PRO 028,10 µg/kg to 100000 mg/kg,,,https://forms.gle/CYNtvab5hedeJEEMA
129,NABL,CHEMICAL- BIO- STIMULANT,Anti-transpirants formulations,Ammoniacal nitrogen % w/w,FCO 1985 SCD II Part B Cl.No.03,50,15,600,1,108,708,ABRL PRO 014,0.1 % to 40 %,,,https://forms.gle/eCp5pXhcQKkRUFpd8
130,NABL,CHEMICAL- BIO- STIMULANT,Anti-transpirants formulations,Appereance ,ABRL STP 091,50,15,100,1,18,118,ABRL PRO 092,NA,,,https://forms.gle/ZrVhayg6o6mkzWNy6
131,NABL,CHEMICAL- BIO- STIMULANT,Anti-transpirants formulations,Arsenic as As/As2O3 mg/kg,FCO 1985 SCD IV Part D Cl. No. 12,50,15,1000,1,180,1180,ABRL PRO 060,10 µg/kg to 50000 mg/kg,,,https://forms.gle/ALxktWakYxGehtMa9
132,NABL,CHEMICAL- BIO- STIMULANT,Anti-transpirants formulations,Arsenic as As / AS2O3 mg/kg,IS 16556,50,15,1000,1,180,1180,ABRL PRO 060,10 µg/kg to 50000 mg/kg,,,https://forms.gle/ALxktWakYxGehtMa9
133,NABL,CHEMICAL- BIO- STIMULANT,Anti-transpirants formulations,Ascorbic acid % w/w,ABRL STP 005 (HPLC),50,15,3500,1,630,4130,ABRL PRO 002,0.00001 % to 99 %,,,https://forms.gle/ZVvz31MkZnjJX1X38
134,NABL,CHEMICAL- BIO- STIMULANT,Anti-transpirants formulations,Barium as Ba mg/kg,ABRL STP 043 (MP-AES),50,15,1000,1,180,1180,ABRL PRO 028,10 µg/kg to 100000 mg/kg,,,https://forms.gle/CYNtvab5hedeJEEMA
135,NABL,CHEMICAL- BIO- STIMULANT,Anti-transpirants formulations,Boron as B mg/kg,ABRL STP 043 (MP-AES),50,15,1000,1,180,1180,ABRL PRO 028,10 µg/kg to 100000 mg/kg,,,https://forms.gle/CYNtvab5hedeJEEMA
136,NABL,CHEMICAL- BIO- STIMULANT,Anti-transpirants formulations,C:N Ratio,FCO 1985 SCD IV Part D Cl.No. 07,50,15,100,1,18,118,ABRL PRO 008,Calculative,,,"https://forms.gle/b51JKPnT1J9kNucy8 , https://forms.gle/Q3mPhs2GWZHCcP1T6"
137,NABL,CHEMICAL- BIO- STIMULANT,Anti-transpirants formulations,C:N Ratio ,IS 16556,50,15,100,1,18,118,ABRL PRO 008,Calculative,,,"https://forms.gle/b51JKPnT1J9kNucy8 , https://forms.gle/Q3mPhs2GWZHCcP1T6"
138,NABL,CHEMICAL- BIO- STIMULANT,Anti-transpirants formulations,Cadmium as Cd mg/kg,FCO 1985 SCD IV Part D Cl.No.10,50,15,3200,1,576,3776,ABRL PRO 060,10 µg/kg to 50000 mg/kg,,,https://forms.gle/ALxktWakYxGehtMa9
139,NABL,CHEMICAL- BIO- STIMULANT,Anti-transpirants formulations,Cadmium as Cd mg/kg,IS 16556,50,15,3200,1,576,3776,ABRL PRO 060,10 µg/kg to 50000 mg/kg,,,https://forms.gle/ALxktWakYxGehtMa9
140,NABL,CHEMICAL- BIO- STIMULANT,Anti-transpirants formulations,Calcium as Ca mg/kg,ABRL STP 043 (MP-AES),50,15,1000,1,180,1180,ABRL PRO 028,1 mg/kg to 500000 mg/kg,,,https://forms.gle/CYNtvab5hedeJEEMA
141,NABL,CHEMICAL- BIO- STIMULANT,Anti-transpirants formulations,Carrabiitol % w/w,ABRL STP 092 (HPLC),100,15,3500,1,630,4130,,,,,
142,NABL,CHEMICAL- BIO- STIMULANT,Anti-transpirants formulations,Cation Exchange Capacity meq/g,ABRL STP 053 (MP-AES),50,15,1500,1,270,1770,ABRL PRO 045, 1 meq/g to 50000 meq/g,,,https://forms.gle/8X4X79vm56r7wuts8
143,NABL,CHEMICAL- BIO- STIMULANT,Anti-transpirants formulations,Chromium as Cr mg/kg,FCO 1985 SCD IV Part D Cl.No.10,50,15,600,1,108,708,ABRL PRO 060,10 µg/kg to 50000 mg/kg,,,https://forms.gle/ALxktWakYxGehtMa9
144,NABL,CHEMICAL- BIO- STIMULANT,Anti-transpirants formulations,Chromium as Cr mg/kg,IS 16556,50,15,600,,108,708,ABRL PRO 060,10 µg/kg to 50000 mg/kg,,,https://forms.gle/ALxktWakYxGehtMa9
145,NABL,CHEMICAL- BIO- STIMULANT,Anti-transpirants formulations,Clarity,European Pharmacopiea 9.2,50,15,100,1,18,118,ABRL PRO 092,NA,,,https://forms.gle/ZrVhayg6o6mkzWNy6
146,NABL,CHEMICAL- BIO- STIMULANT,Anti-transpirants formulations,Cobalt as Co mg/kg,ABRL STP 043 (MP-AES),100,15,1000,1,180,1180,ABRL PRO 028,10 µg/kg to 100000 mg/kg,,,https://forms.gle/CYNtvab5hedeJEEMA
147,NABL,CHEMICAL- BIO- STIMULANT,Anti-transpirants formulations,Colour,OPPTS 830.6302,50,15,100,1,18,118,ABRL PRO 092,NA,,,https://forms.gle/ZrVhayg6o6mkzWNy6
148,NABL,CHEMICAL- BIO- STIMULANT,Anti-transpirants formulations,Conductivity µS/cm,FCO 1985 SCD IV Part D Cl.No.04,50,15,450,1,81,531,ABRL PRO 017,1 µS/cm to 50000 µS/cm,,,https://forms.gle/NjLm8u7U1By8uar4A
149,NABL,CHEMICAL- BIO- STIMULANT,Anti-transpirants formulations,Conductivity µS/cm,IS 16556,50,15,450,1,81,531,ABRL PRO 017,1 µS/cm to 50000 µS/cm,,,https://forms.gle/NjLm8u7U1By8uar4A
150,NABL,CHEMICAL- BIO- STIMULANT,Anti-transpirants formulations,Copper as Cu mg/kg,FCO 1985 SCD IV Part D Cl.No.10,50,15,600,1,108,708,ABRL PRO 060,10 µg/kg to 50000 mg/kg,,,https://forms.gle/ALxktWakYxGehtMa9
151,NABL,CHEMICAL- BIO- STIMULANT,Anti-transpirants formulations,Copper as Cu mg/kg,IS 16556,50,15,600,1,108,708,ABRL PRO 060,10 µg/kg to 50000 mg/kg,,,https://forms.gle/ALxktWakYxGehtMa9
152,NABL,CHEMICAL- BIO- STIMULANT,Anti-transpirants formulations,Density g/ml,FCO 1985 SCD IV Part D,50,15,350,1,63,413,ABRL PRO 041,0.500 to 2.500 g/ml,,,https://forms.gle/1ummEPEzcdMaeP1XA
153,NABL,CHEMICAL- BIO- STIMULANT,Anti-transpirants formulations,Density g/ml,IS 16556,50,15,350,1,63,413,ABRL PRO 041,0.500 to 2.500 g/ml,,,https://forms.gle/1ummEPEzcdMaeP1XA
154,NABL,CHEMICAL- BIO- STIMULANT,Anti-transpirants formulations,Dilution Stability,CIPAC MT 41,50,15,1500,1,270,1770,ABRL PRO 093,Not applicable,,,https://forms.gle/7WdUJ6YZ1kVrGfC77
155,NABL,CHEMICAL- BIO- STIMULANT,Anti-transpirants formulations,Elemental Sulphur % w/w,FCO 1985 SCD II Part B Cl. No.24,50,15,400,1,72,472,ABRL PRO 011,0.1 % to 50 %,,,https://forms.gle/NEPfFA1GmooQ6YAg8
156,NABL,CHEMICAL- BIO- STIMULANT,Anti-transpirants formulations,Folic acid % w/w,ABRL STP 001 (HPLC),50,15,3500,1,630,4130,ABRL PRO 002,0.005 % to 95 %,0.15 mg/kg,,https://forms.gle/ZVvz31MkZnjJX1X38
157,NABL,CHEMICAL- BIO- STIMULANT,Anti-transpirants formulations,Formol nitrogen content % w/w,Thai industrial standard Page no.191,50,15,2000,1,360,2360,ABRL PRO 092,0.05 % to 50 %,,,https://forms.gle/Y7Ye6zMjosRonixA8
158,NABL,CHEMICAL- BIO- STIMULANT,Anti-transpirants formulations,Free alkali as KOH % w/w,ABRL STP 038 (Titremetric),50,15,450,1,81,531,ABRL PRO 024,0.01 % to 50 %,,,https://forms.gle/UD2YCiGdzqo8VMFb6
159,NABL,CHEMICAL- BIO- STIMULANT,Anti-transpirants formulations,Free alkali as NaOH % w/w,ABRL STP 038 (Titremetric),50,15,450,1,81,531,ABRL PRO 024,0.01 % to 50 %,,,https://forms.gle/UD2YCiGdzqo8VMFb6
160,NABL,CHEMICAL- BIO- STIMULANT,Anti-transpirants formulations,Free amino nitrogen % w/w,ABRL STP 052 (Ninhydrin),50,15,1500,1,270,1770,ABRL PRO 044,0.001 % to 99 %,,,https://forms.gle/KnFSJs2pxi9pDKaTA
161,NABL,CHEMICAL- BIO- STIMULANT,Anti-transpirants formulations,Fucoidan % w/w,ABRL STP 115 (HPLC),50,15,3500,1,630,4130,ABRL PRO 002,0.00001 % to 99 %,,,https://forms.gle/ZVvz31MkZnjJX1X38
162,NABL,CHEMICAL- BIO- STIMULANT,Anti-transpirants formulations,Fulvic acid % w/w,ABRL STP 116 (Titrimetric),50,15,1000,1,180,1180,ABRL PRO 108,0.001 % to 60 %,,,https://forms.gle/rMyfSJtJSzRCT7Yj8
163,NABL,CHEMICAL- BIO- STIMULANT,Anti-transpirants formulations,Gibbrellic Acid -3 (GA3) % w/w,ABRL STP 003 (HPLC),50,15,3500,1,630,4130,ABRL PRO 002,0.001 % to 97 %,0.17 mg/kg,,https://forms.gle/ZVvz31MkZnjJX1X38
164,NABL,CHEMICAL- BIO- STIMULANT,Anti-transpirants formulations,Humic Acid % w/w,ISO 19822,50,15,4000,1,720,4720,ABRL PRO 029,1 % to 70 %,,,"https://forms.gle/BYPkiHP9Z2dBoFVs6 , https://forms.gle/NEPfFA1GmooQ6YAg8"
165,NABL,CHEMICAL- BIO- STIMULANT,Anti-transpirants formulations,Hydrophobic fulvic acid % w/w,ISO 19822,50,15,4000,1,720,4720,ABRL PRO 029,1 % to 70 %,,,"https://forms.gle/BYPkiHP9Z2dBoFVs6 , https://forms.gle/NEPfFA1GmooQ6YAg8"
166,NABL,CHEMICAL- BIO- STIMULANT,Anti-transpirants formulations,Indole Acetic Acid % w/w,ABRL STP 002 (HPLC),50,15,3500,1,630,4130,ABRL PRO 002,0.005 % to 99 %,0.14 mg/kg,,https://forms.gle/ZVvz31MkZnjJX1X38
167,NABL,CHEMICAL- BIO- STIMULANT,Anti-transpirants formulations,Indole Butyric Acid % w/w,ABRL STP 022 (HPLC),50,15,3500,1,630,4130,ABRL PRO 002,0.003 % to 99 %,0.52 mg/kg,,https://forms.gle/ZVvz31MkZnjJX1X38
168,NABL,CHEMICAL- BIO- STIMULANT,Anti-transpirants formulations,Inorganic matter (Ash) % w/w,Calculative based on FCO 1985 SCD IV Part D Cl.No.05,50,15,800,1,144,944,ABRL PRO 008,1 % to 55 %,,,https://forms.gle/b51JKPnT1J9kNucy8
169,NABL,CHEMICAL- BIO- STIMULANT,Anti-transpirants formulations,Inorganic matter (Ash) % w/w,IS 16556,50,15,800,1,144,944,ABRL PRO 008,0.1 % to 99 %,,,https://forms.gle/b51JKPnT1J9kNucy8
170,NABL,CHEMICAL- BIO- STIMULANT,Anti-transpirants formulations,Inorganic Nitrogen (Nitrate nitrogen) % w/w,FCO 1985 SCD II Part B Cl.No.03,50,15,1000,1,180,1180,ABRL PRO 055,0.1 % to 35 %,,,https://forms.gle/3CzKP7dHJ2b1ptPq6
171,NABL,CHEMICAL- BIO- STIMULANT,Anti-transpirants formulations,Iron as Fe % w/w,ABRL STP 043 (MP-AES),50,15,1000,1,180,1180,ABRL PRO 028,10 µg/kg to 100000 mg/kg,,,https://forms.gle/CYNtvab5hedeJEEMA
172,NABL,CHEMICAL- BIO- STIMULANT,Anti-transpirants formulations,K as K2O % w/w,IS 9497,,15,,,0,0,,,,,
173,NABL,CHEMICAL- BIO- STIMULANT,Anti-transpirants formulations,Kinetin % w/w,ABRL STP 008 (HPLC),50,15,4000,1,720,4720,ABRL PRO 002,0.005 % to 99 %,0.03 mg/kg,,https://forms.gle/ZVvz31MkZnjJX1X38
174,NABL,CHEMICAL- BIO- STIMULANT,Anti-transpirants formulations,Laminarin % w/w,ABRL STP 114 (HPLC),50,15,3500,1,630,4130,ABRL PRO 002,0.00001 % to 99 %,,,https://forms.gle/ZVvz31MkZnjJX1X38
175,NABL,CHEMICAL- BIO- STIMULANT,Anti-transpirants formulations,Lead as Pb mg/kg,FCO 1985 SCD IV Part D Cl.No.10,50,15,600,1,108,708,ABRL PRO 060,10 µg/kg to 50000 mg/kg,,,https://forms.gle/ALxktWakYxGehtMa9
176,NABL,CHEMICAL- BIO- STIMULANT,Anti-transpirants formulations,Lead as Pb mg/kg,IS 16556,50,15,600,1,108,708,ABRL PRO 060,10 µg/kg to 50000 mg/kg,,,https://forms.gle/ALxktWakYxGehtMa9
177,NABL,CHEMICAL- BIO- STIMULANT,Anti-transpirants formulations,Magnesium as Mg mg/kg,ABRL STP 043 (MP-AES),50,15,1000,1,180,1180,ABRL PRO 028,10 µg/kg to 100000 mg/kg,,,https://forms.gle/CYNtvab5hedeJEEMA
178,NABL,CHEMICAL- BIO- STIMULANT,Anti-transpirants formulations,Manganese as Mn mg/kg,ABRL STP 043 (MP-AES),50,15,1000,1,180,1180,ABRL PRO 028,10 µg/kg to 100000 mg/kg,,,https://forms.gle/CYNtvab5hedeJEEMA
179,NABL,CHEMICAL- BIO- STIMULANT,Anti-transpirants formulations,Mannitol % w/w,ABRL STP 051 (HPLC),50,15,1500,1,270,1770,ABRL PRO 043,0.01 % to 95 %,,,https://forms.gle/Gx8Sx2CdHYh9FdJm7
180,NABL,CHEMICAL- BIO- STIMULANT,Anti-transpirants formulations,Material Insoluble in water % w/w,CIPAC MT 10,50,15,350,1,63,413,ABRL PRO 020,0.1 % to 50 %,,,https://forms.gle/4mKKEZ5kDncKWzB86
181,NABL,CHEMICAL- BIO- STIMULANT,Anti-transpirants formulations,Mercury as Hg mg/kg,FCO 1985 SCD IV Part D Cl.No.11,50,15,1000,1,180,1180,ABRL PRO 060,10 µg/kg to 50000 mg/kg,,,https://forms.gle/ALxktWakYxGehtMa9
182,NABL,CHEMICAL- BIO- STIMULANT,Anti-transpirants formulations,Mercury as Hg mg/kg,IS 16556,50,15,1000,1,180,1180,ABRL PRO 060,10 µg/kg to 50000 mg/kg,,,https://forms.gle/ALxktWakYxGehtMa9
183,NABL,CHEMICAL- BIO- STIMULANT,Anti-transpirants formulations,Moisture Content % w/w,FCO 1985 SCD IV Part D Cl.No.02,200,15,450,1,81,531,ABRL PRO 004,0.1 % to 65 %,,,https://forms.gle/r52g7ec3g7ZfoEhWA
184,NABL,CHEMICAL- BIO- STIMULANT,Anti-transpirants formulations,Moisture Content % w/w,ABRL STP 090 (IR Balance),200,15,450,1,81,531,ABRL PRO 030,0.1 % to 65 %,,,https://forms.gle/GVr8x5kg84nXY8ML9
185,NABL,CHEMICAL- BIO- STIMULANT,Anti-transpirants formulations,Moisture Content % w/w,IS 15106,50,15,450,1,81,531,ABRL PRO 004,0.01 % to 50 % w/w,,,https://forms.gle/r52g7ec3g7ZfoEhWA
186,NABL,CHEMICAL- BIO- STIMULANT,Anti-transpirants formulations,Moisture Content % w/w,IS 16556,200,15,450,1,81,531,ABRL PRO 004,0.1 % to 65 %,,,https://forms.gle/r52g7ec3g7ZfoEhWA
187,NABL,CHEMICAL- BIO- STIMULANT,Anti-transpirants formulations,Moisture Content % w/w,ISO 19822,50,15,500,1,90,590,ABRL PRO 004,1 % to 10 %,,,https://forms.gle/r52g7ec3g7ZfoEhWA
188,NABL,CHEMICAL- BIO- STIMULANT,Anti-transpirants formulations,Molybdenum as Mo mg/kg,ABRL STP 043 (MP-AES),50,15,1000,1,180,1180,ABRL PRO 028,10 µg/kg to 100000 mg/kg,,,https://forms.gle/CYNtvab5hedeJEEMA
189,NABL,CHEMICAL- BIO- STIMULANT,Anti-transpirants formulations,Myo-inositol % w/w,ABRL STP 113 (HPLC),50,15,3500,1,630,4130,ABRL PRO 002,0.00001 % to 99 %,,,https://forms.gle/ZVvz31MkZnjJX1X38
190,NABL,CHEMICAL- BIO- STIMULANT,Anti-transpirants formulations,Na as Na2O % w/w,IS 9497,50,15,500,1,90,590,ABRL PRO 006,0.05% to 50 %,,,"https://forms.gle/xFDBDxZZHQdxNbVW8 , https://forms.gle/r52g7ec3g7ZfoEhWA"
191,NABL,CHEMICAL- BIO- STIMULANT,Anti-transpirants formulations,Naphthyl Acetic Acid (NAA) % w/w,ABRL STP 071 (HPLC),50,15,3500,1,630,4130,ABRL PRO 002,0.0001% to 99 %,0.41 mg/kg,,https://forms.gle/ZVvz31MkZnjJX1X38
192,NABL,CHEMICAL- BIO- STIMULANT,Anti-transpirants formulations,Nickel as Ni mg/kg,FCO 1985 SCD IV Part D Cl.No.10,50,15,600,1,108,708,ABRL PRO 060,10 µg/kg to 50000 mg/kg,,,https://forms.gle/ALxktWakYxGehtMa9
193,NABL,CHEMICAL- BIO- STIMULANT,Anti-transpirants formulations,Nickel as Ni mg/kg,IS 16556,50,15,600,1,108,708,ABRL PRO 060,10 µg/kg to 50000 mg/kg,,,https://forms.gle/ALxktWakYxGehtMa9
194,NABL,CHEMICAL- BIO- STIMULANT,Anti-transpirants formulations,Odor,OPPTS 830.6304,50,15,100,1,18,118,ABRL PRO 092,NA,,,https://forms.gle/ZrVhayg6o6mkzWNy6
195,NABL,CHEMICAL- BIO- STIMULANT,Anti-transpirants formulations,Organic matter % w/w,FCO 1985 SCD IV Part D Cl.No.05,50,15,800,1,144,944,ABRL PRO 008, 0.1 % to 99 %,,,https://forms.gle/b51JKPnT1J9kNucy8
196,NABL,CHEMICAL- BIO- STIMULANT,Anti-transpirants formulations,Organic matter % w/w,IS 16556,50,15,800,1,144,944,ABRL PRO 008, 0.1 % to 99 %,,,https://forms.gle/b51JKPnT1J9kNucy8
197,NABL,CHEMICAL- BIO- STIMULANT,Anti-transpirants formulations,Particle size % w/w,FCO 1985 SCD IV Part D,100,15,300,1,54,354,ABRL PRO 061,0.1 % to 100 %,,,https://forms.gle/eSfFCX1syVcSxff18
198,NABL,CHEMICAL- BIO- STIMULANT,Anti-transpirants formulations,Persistant foaming (ml),CIPAC MT 47,50,15,1000,1,180,1180,ABRL PRO 094,0.1 ml to 1000 ml,,,https://forms.gle/inQej5gjwJrvLm2S8
199,NABL,CHEMICAL- BIO- STIMULANT,Anti-transpirants formulations,pH (% aqeous solution/ Liquid),ABRL STP 027(PH-Meter),100,15,350,1,63,413,ABRL PRO 001,1 to 14,,,https://forms.gle/sHECK8iCUHJm39wK9
200,NABL,CHEMICAL- BIO- STIMULANT,Anti-transpirants formulations,pH ,FCO 1985 SCD II Part B Cl.No.08,200,15,350,1,63,413,ABRL PRO 001,1 to 14,,,https://forms.gle/sHECK8iCUHJm39wK9
201,NABL,CHEMICAL- BIO- STIMULANT,Anti-transpirants formulations,pH ,FCO 1985 SCD IV Part D Cl.No.1,100,15,400,1,72,472,ABRL PRO 041,1 to 14,,Minimum sample handeling charge is to be considered if providing service lower than 500 Rs.,https://forms.gle/1ummEPEzcdMaeP1XA
202,NABL,CHEMICAL- BIO- STIMULANT,Anti-transpirants formulations,pH,IS 16556,100,15,400,1,72,472,ABRL PRO 041,1 to 14,,Minimum sample handeling charge is to be considered if providing service lower than 500 Rs.,https://forms.gle/1ummEPEzcdMaeP1XA
203,NABL,CHEMICAL- BIO- STIMULANT,Anti-transpirants formulations,Physical State (Form),OPPTS 830.6303,50,15,100,1,18,118,ABRL PRO 092,NA,,,https://forms.gle/ZrVhayg6o6mkzWNy6
204,NABL,CHEMICAL- BIO- STIMULANT,Anti-transpirants formulations,Plant available silicon % w/w,FCO 1985 SCD II Part B Cl.No.29,50,15,1500,1,270,1770,ABRL PRO 069,0.01 % to 50 %,,,https://forms.gle/1ZzQ7V7cKb1dgmj4A
205,NABL,CHEMICAL- BIO- STIMULANT,Anti-transpirants formulations,Potassium as K mg/kg,ABRL STP 043 (MP-AES),100,15,1000,1,180,1180,ABRL PRO 028,1 mg/kg to 500000 mg/kg,,,https://forms.gle/CYNtvab5hedeJEEMA
206,NABL,CHEMICAL- BIO- STIMULANT,Anti-transpirants formulations,Pourability (Residue) % w/w,CIPAC MT 148,1000,15,2000,1,360,2360,ABRL PRO 095,0.1 % to 70 %,,,https://forms.gle/49mTRqwiD6QxDFU87
207,NABL,CHEMICAL- BIO- STIMULANT,Anti-transpirants formulations,Pourability (Rinsed Residue) % w/w,CIPAC MT 148,1000,15,2000,1,360,2360,ABRL PRO 095,0.01 % to 50 %,,,https://forms.gle/49mTRqwiD6QxDFU87
208,NABL,CHEMICAL- BIO- STIMULANT,Anti-transpirants formulations,Quercetin % w/w,ABRL STP 007 (HPLC),50,15,3500,1,630,4130,ABRL PRO 002,0.0001 % to 95 %,0.39 mg/kg,,https://forms.gle/ZVvz31MkZnjJX1X38
209,NABL,CHEMICAL- BIO- STIMULANT,Anti-transpirants formulations,Shape ,ABRL STP 091,50,15,100,1,18,118,ABRL PRO 092,NA,,,https://forms.gle/ZrVhayg6o6mkzWNy6
210,NABL,CHEMICAL- BIO- STIMULANT,Anti-transpirants formulations,Sodium as Na mg/kg,ABRL STP 043 (MP-AES),50,15,3500,1,630,4130,ABRL PRO 028,1 mg/kg to 500000 mg/kg,,,https://forms.gle/CYNtvab5hedeJEEMA
211,NABL,CHEMICAL- BIO- STIMULANT,Anti-transpirants formulations,Solid Content % w/w,IS 15106,50,15,450,1,81,531,ABRL PRO 004,0.1 % to 99 % w/w,,,https://forms.gle/r52g7ec3g7ZfoEhWA
212,NABL,CHEMICAL- BIO- STIMULANT,Anti-transpirants formulations,Solubility % w/w,ABRL STP 036 (Gravimetric),50,15,350,1,63,413,ABRL PRO 020,0.1 % to 100 %,,,https://forms.gle/4mKKEZ5kDncKWzB86
213,NABL,CHEMICAL- BIO- STIMULANT,Anti-transpirants formulations,Specific gravity ,CIPAC MT 3,50,15,350,1,63,413,ABRL PRO 066,0.500 to 2.500 g/ml,,,https://forms.gle/WXPbz5i1fZHux8bM9
214,NABL,CHEMICAL- BIO- STIMULANT,Anti-transpirants formulations,Specific gravity,FCO 1985 SCD II Part B,50,15,350,1,63,413,ABRL PRO 066,0.500 to 2.500 g/ml,,,https://forms.gle/WXPbz5i1fZHux8bM9
215,NABL,CHEMICAL- BIO- STIMULANT,Anti-transpirants formulations,Strontium as Sr mg/kg,ABRL STP 043 (MP-AES),50,15,3500,1,630,4130,ABRL PRO 028,1 mg/kg to 500000 mg/kg,,,https://forms.gle/CYNtvab5hedeJEEMA
216,NABL,CHEMICAL- BIO- STIMULANT,Anti-transpirants formulations,Sulphate Sulphur % w/w,FCO 1985 SCD II Part B Cl. No.24,50,15,800,1,144,944,ABRL PRO 011,0.1 % to 70 %,,,https://forms.gle/NEPfFA1GmooQ6YAg8
217,NABL,CHEMICAL- BIO- STIMULANT,Anti-transpirants formulations,Suspensibility % w/w,CIPAC MT 161,100,15,2000,1,360,2360,ABRL PRO 096,0.1 % to 105 %,,,https://forms.gle/1KM8MciJYXpU9Noz8
218,NABL,CHEMICAL- BIO- STIMULANT,Anti-transpirants formulations,Thiamin mononitrate (Vitamin B1) % w/w,ABRL STP 009 (HPLC),50,15,3500,1,630,4130,ABRL PRO 002,0.0001 % to 99 %,,,https://forms.gle/ZVvz31MkZnjJX1X38
219,NABL,CHEMICAL- BIO- STIMULANT,Anti-transpirants formulations,Total Amino acid % w/w,ABRL STP 052 (Ninhydrin),50,15,1500,1,270,1770,ABRL PRO 044,0.001 % to 99 %,,,https://forms.gle/KnFSJs2pxi9pDKaTA
220,NABL,CHEMICAL- BIO- STIMULANT,Anti-transpirants formulations,Total Amino Nitrogen % w/w,Thai industrial standard Page no. 191-193,1500,15,2000,1,360,2360,ABRL PRO 092,0.001 % to 99 %,,,https://forms.gle/KnFSJs2pxi9pDKaTA
221,NABL,CHEMICAL- BIO- STIMULANT,Anti-transpirants formulations,Total Carbohydrate % w/w,ABRL STP 046 (Anthrone),50,15,1500,1,270,1770,ABRL PRO 035,0.001 % to 99 %,10.05 mg/kg,,https://forms.gle/QExDSnE6janEauz8A
222,NABL,CHEMICAL- BIO- STIMULANT,Anti-transpirants formulations,Total Chloride % w/w,FCO 1985 SCD II Part B Cl.No.18,50,15,300,1,54,354,ABRL PRO 078,0.01 % to 99 %,,,https://forms.gle/k6tf57dYD8yuAbRD8
223,NABL,CHEMICAL- BIO- STIMULANT,Anti-transpirants formulations,Total Dissolved Solids (TDS) % w/w,ABRL STP 098 (Gravimetric),100,15,350,1,63,413,ABRL PRO 097,0.01 % to 60 % ,,,https://forms.gle/JbV95JkQizSL42Vm8
224,NABL,CHEMICAL- BIO- STIMULANT,Anti-transpirants formulations,Total Humic acid % w/w,ISO 5073,50,15,1200,1,216,1416,ABRL PRO 005,0.1 % to 99 %,,,https://forms.gle/kGrK8JuttwQrNZqp7
225,NABL,CHEMICAL- BIO- STIMULANT,Anti-transpirants formulations,Total Nitrogen % w/w,FCO 1985 SCD IV Part D Cl.No.06,50,15,1000,1,180,1180,ABRL PRO 007,0.05 % to 35 %,,,https://forms.gle/Q3mPhs2GWZHCcP1T6
226,NABL,CHEMICAL- BIO- STIMULANT,Anti-transpirants formulations,Total Nitrogen % w/w,IS 16556,50,15,1000,1,180,1180,ABRL PRO 007,0.05 % to 35 %,,,https://forms.gle/Q3mPhs2GWZHCcP1T6
227,NABL,CHEMICAL- BIO- STIMULANT,Anti-transpirants formulations,Total Organic Carbon/Organic Carbon % w/w,FCO 1985 SCD IV Part D Cl.No.05,50,15,900,1,162,1062,ABRL PRO 008,1 % to 55 %,,,https://forms.gle/b51JKPnT1J9kNucy8
228,NABL,CHEMICAL- BIO- STIMULANT,Anti-transpirants formulations,Total Organic Carbon/Organic Carbon % w/w,IS 16556,50,15,900,1,162,1062,ABRL PRO 008,1 % to 55 %,,,https://forms.gle/b51JKPnT1J9kNucy8
229,NABL,CHEMICAL- BIO- STIMULANT,Anti-transpirants formulations,Total phosphorous as P2O5 % w/w,FCO 1985 SCD IV Part D Cl.No.08,50,15,1200,1,216,1416,ABRL PRO 060,0.05% to 35 %,,,https://forms.gle/ALxktWakYxGehtMa9
230,NABL,CHEMICAL- BIO- STIMULANT,Anti-transpirants formulations,Total phosphorous as P2O5 % w/w,IS 16556,50,15,1200,1,216,1416,ABRL PRO 060,0.05% to 35 %,,,https://forms.gle/ALxktWakYxGehtMa9
231,NABL,CHEMICAL- BIO- STIMULANT,Anti-transpirants formulations,Total Potash K & K as K2O % w/w,IS 16556,50,15,800,1,144,944,ABRL PRO 060,0.05 % to 35 %,,,https://forms.gle/ALxktWakYxGehtMa9
232,NABL,CHEMICAL- BIO- STIMULANT,Anti-transpirants formulations,Total Potash K & K as K2O % w/w,FCO 1985 SCD IV Part D Cl.No.09,50,15,800,1,144,944,ABRL PRO 060,0.05 % to 35 %,,,https://forms.gle/ALxktWakYxGehtMa9
233,NABL,CHEMICAL- BIO- STIMULANT,Anti-transpirants formulations,Total Protein % w/w,ABRL STP 016 (Folin-lowery),50,15,1500,1,270,1770,ABRL PRO 018,0.001 % to 99 %,,,https://forms.gle/NVvh6HsVcqMFKm8bA
234,NABL,CHEMICAL- BIO- STIMULANT,Anti-transpirants formulations,Total protein Calculative % w/w,Calculative based on conversion factor (Kjeldahl),50,15,100,1,18,118,ABRL PRO 007,0.05 % to 99 %,,,https://forms.gle/Q3mPhs2GWZHCcP1T6
235,NABL,CHEMICAL- BIO- STIMULANT,Anti-transpirants formulations,Total Sulphur % w/w,FCO 1985 SCD IV Part D Cl.No.15,100,15,1200,1,216,1416,ABRL PRO 011, 0.05 % to 50 %,,,https://forms.gle/NEPfFA1GmooQ6YAg8
236,NABL,CHEMICAL- BIO- STIMULANT,Anti-transpirants formulations,Triacontanol % w/w,ABRL STP 011 (GC),50,15,3500,1,630,4130,ABRL PRO 003,0.05 % to 99 %,502 mg/kg,,https://forms.gle/SWkKy6Q53AmRiEDg9
237,NABL,CHEMICAL- BIO- STIMULANT,Anti-transpirants formulations,Viscosity cps,CIPAC MT 22,500,15,1000,1,180,1180,ABRL PRO 051,1 to 25000 cps,,,https://forms.gle/xMxncb1RieE6p3Gr7
238,NABL,CHEMICAL- BIO- STIMULANT,Anti-transpirants formulations,Water Insoluble Nitrogen % w/w,FCO 1985 SCD IV Part D Cl.No.14,50,15,1000,1,180,1180,ABRL PRO 083,0.05 % to 35 %,,,https://forms.gle/pWdSyPGRKo795T8EA
239,NABL,CHEMICAL- BIO- STIMULANT,Anti-transpirants formulations,Water Solubility % w/w,ABRL STP 036 (Gravimetric),50,15,350,1,63,413,ABRL PRO 020,0.1 % to 99 %,,,https://forms.gle/4mKKEZ5kDncKWzB86
240,NABL,CHEMICAL- BIO- STIMULANT,Anti-transpirants formulations,Water Soluble potash as K2O % w/w,FCO 1985 SCD IV Part D Cl.No.09,50,15,800,1,144,944,ABRL PRO 060,0.05 % to 35 %,,,https://forms.gle/ALxktWakYxGehtMa9
241,NABL,CHEMICAL- BIO- STIMULANT,Anti-transpirants formulations,Zinc as Zn mg/kg,FCO 1985 SCD IV Part D Cl.No.10,50,15,600,1,108,708,ABRL PRO 060,10 µg/kg to 50000 mg/kg,,,https://forms.gle/ALxktWakYxGehtMa9
242,NABL,CHEMICAL- BIO- STIMULANT,Anti-transpirants formulations,Zinc as Zn mg/kg,IS 16556,50,15,600,1,108,708,ABRL PRO 060,10 µg/kg to 50000 mg/kg,,,https://forms.gle/ALxktWakYxGehtMa9
243,NABL,CHEMICAL- BIO- STIMULANT,Antioxidants formulations,6 Benzyl Amino Purine (6-BAP) % w/w,ABRL STP 006 (HPLC),50,15,3500,1,630,4130,ABRL PRO 002,1 mg/kg to 990000 mg/kg,0.86 mg/kg,,https://forms.gle/ZVvz31MkZnjJX1X38
244,NABL,CHEMICAL- BIO- STIMULANT,Antioxidants formulations,Accelerated stability study,CIPAC MT 46,500 ml,22,40000,1,7200,47200,ABRL PRO 083,Not applicable,Not applicable,,
245,NABL,CHEMICAL- BIO- STIMULANT,Antioxidants formulations,Acid Insoluble Ash % w/w,FCO 1985 SCD IV Part D Cl. No. 14,50,15,800,1,144,944,ABRL PRO 053,0.1 % w/w to 50 % w/w,,,https://forms.gle/pVZ3UfnzgqWD7U4x7
246,NABL,CHEMICAL- BIO- STIMULANT,Antioxidants formulations,Acid soluble Ash % w/w,Calculative based on FCO 1985 SCD IV Part D Cl. No. 14,50,15,800,1,144,944,ABRL PRO 053,0.1 % w/w to 50 % w/w,,,https://forms.gle/pVZ3UfnzgqWD7U4x7
247,NABL,CHEMICAL- BIO- STIMULANT,Antioxidants formulations,Alginic Acid % w/w,ABRL STP 050 (HPLC),50,15,3500,1,630,4130,ABRL PRO 002,0.0001 % to 99 %,44.70 mg/kg,,https://forms.gle/ZVvz31MkZnjJX1X38
248,NABL,CHEMICAL- BIO- STIMULANT,Antioxidants formulations,Alpha-tocopherol (Vitamin E) % w/w,ABRL STP 010 (HPLC),50,15,3500,1,630,4130,ABRL PRO 002,0.0001 % to 99 %,,,https://forms.gle/ZVvz31MkZnjJX1X38
249,NABL,CHEMICAL- BIO- STIMULANT,Antioxidants formulations,Aluminium as Al mg/kg,ABRL STP 043 (MP-AES),50,15,1000,1,180,1180,ABRL PRO 028,10 µg/kg to 100000 mg/kg,,,https://forms.gle/CYNtvab5hedeJEEMA
250,NABL,CHEMICAL- BIO- STIMULANT,Antioxidants formulations,Ammoniacal nitrogen % w/w,FCO 1985 SCD II Part B Cl.No.03,50,15,600,1,108,708,ABRL PRO 014,0.1 % to 40 %,,,https://forms.gle/eCp5pXhcQKkRUFpd8
251,NABL,CHEMICAL- BIO- STIMULANT,Antioxidants formulations,Appereance ,ABRL STP 091,50,15,100,1,18,118,ABRL PRO 092,NA,,,https://forms.gle/ZrVhayg6o6mkzWNy6
252,NABL,CHEMICAL- BIO- STIMULANT,Antioxidants formulations,Arsenic as As/As2O3 mg/kg,FCO 1985 SCD IV Part D Cl. No. 12,50,15,1000,1,180,1180,ABRL PRO 060,10 µg/kg to 50000 mg/kg,,,https://forms.gle/ALxktWakYxGehtMa9
253,NABL,CHEMICAL- BIO- STIMULANT,Antioxidants formulations,Arsenic as As / AS2O3 mg/kg,IS 16556,50,15,1000,1,180,1180,ABRL PRO 060,10 µg/kg to 50000 mg/kg,,,https://forms.gle/ALxktWakYxGehtMa9
254,NABL,CHEMICAL- BIO- STIMULANT,Antioxidants formulations,Ascorbic acid % w/w,ABRL STP 005 (HPLC),50,15,3500,1,630,4130,ABRL PRO 002,0.00001 % to 99 %,,,https://forms.gle/ZVvz31MkZnjJX1X38
255,NABL,CHEMICAL- BIO- STIMULANT,Antioxidants formulations,Barium as Ba mg/kg,ABRL STP 043 (MP-AES),50,15,1000,1,180,1180,ABRL PRO 028,10 µg/kg to 100000 mg/kg,,,https://forms.gle/CYNtvab5hedeJEEMA
256,NABL,CHEMICAL- BIO- STIMULANT,Antioxidants formulations,Boron as B mg/kg,ABRL STP 043 (MP-AES),50,15,1000,1,180,1180,ABRL PRO 028,10 µg/kg to 100000 mg/kg,,,https://forms.gle/CYNtvab5hedeJEEMA
257,NABL,CHEMICAL- BIO- STIMULANT,Antioxidants formulations,C:N Ratio,FCO 1985 SCD IV Part D Cl.No. 07,50,15,100,1,18,118,ABRL PRO 008,Calculative,,,"https://forms.gle/b51JKPnT1J9kNucy8 , https://forms.gle/Q3mPhs2GWZHCcP1T6"
258,NABL,CHEMICAL- BIO- STIMULANT,Antioxidants formulations,C:N Ratio ,IS 16556,50,15,100,1,18,118,ABRL PRO 008,Calculative,,,"https://forms.gle/b51JKPnT1J9kNucy8 , https://forms.gle/Q3mPhs2GWZHCcP1T6"
259,NABL,CHEMICAL- BIO- STIMULANT,Antioxidants formulations,Cadmium as Cd mg/kg,FCO 1985 SCD IV Part D Cl.No.10,50,15,3200,1,576,3776,ABRL PRO 060,10 µg/kg to 50000 mg/kg,,,https://forms.gle/ALxktWakYxGehtMa9
260,NABL,CHEMICAL- BIO- STIMULANT,Antioxidants formulations,Cadmium as Cd mg/kg,IS 16556,50,15,3200,1,576,3776,ABRL PRO 060,10 µg/kg to 50000 mg/kg,,,https://forms.gle/ALxktWakYxGehtMa9
261,NABL,CHEMICAL- BIO- STIMULANT,Antioxidants formulations,Calcium as Ca mg/kg,ABRL STP 043 (MP-AES),50,15,1000,1,180,1180,ABRL PRO 028,1 mg/kg to 500000 mg/kg,,,https://forms.gle/CYNtvab5hedeJEEMA
262,NABL,CHEMICAL- BIO- STIMULANT,Antioxidants formulations,Carrabiitol % w/w,ABRL STP 092 (HPLC),100,15,3500,1,630,4130,,,,,
263,NABL,CHEMICAL- BIO- STIMULANT,Antioxidants formulations,Cation Exchange Capacity meq/g,ABRL STP 053 (MP-AES),50,15,1500,1,270,1770,ABRL PRO 045, 1 meq/g to 50000 meq/g,,,https://forms.gle/8X4X79vm56r7wuts8
264,NABL,CHEMICAL- BIO- STIMULANT,Antioxidants formulations,Chromium as Cr mg/kg,FCO 1985 SCD IV Part D Cl.No.10,50,15,600,1,108,708,ABRL PRO 060,10 µg/kg to 50000 mg/kg,,,https://forms.gle/ALxktWakYxGehtMa9
265,NABL,CHEMICAL- BIO- STIMULANT,Antioxidants formulations,Chromium as Cr mg/kg,IS 16556,50,15,600,,108,708,ABRL PRO 060,10 µg/kg to 50000 mg/kg,,,https://forms.gle/ALxktWakYxGehtMa9
266,NABL,CHEMICAL- BIO- STIMULANT,Antioxidants formulations,Clarity,European Pharmacopiea 9.2,50,15,100,1,18,118,ABRL PRO 092,NA,,,https://forms.gle/ZrVhayg6o6mkzWNy6
267,NABL,CHEMICAL- BIO- STIMULANT,Antioxidants formulations,Cobalt as Co mg/kg,ABRL STP 043 (MP-AES),100,15,1000,1,180,1180,ABRL PRO 028,10 µg/kg to 100000 mg/kg,,,https://forms.gle/CYNtvab5hedeJEEMA
268,NABL,CHEMICAL- BIO- STIMULANT,Antioxidants formulations,Colour,OPPTS 830.6302,50,15,100,1,18,118,ABRL PRO 092,NA,,,https://forms.gle/ZrVhayg6o6mkzWNy6
269,NABL,CHEMICAL- BIO- STIMULANT,Antioxidants formulations,Conductivity µS/cm,FCO 1985 SCD IV Part D Cl.No.04,50,15,450,1,81,531,ABRL PRO 017,1 µS/cm to 50000 µS/cm,,,https://forms.gle/NjLm8u7U1By8uar4A
270,NABL,CHEMICAL- BIO- STIMULANT,Antioxidants formulations,Conductivity µS/cm,IS 16556,50,15,450,1,81,531,ABRL PRO 017,1 µS/cm to 50000 µS/cm,,,https://forms.gle/NjLm8u7U1By8uar4A
271,NABL,CHEMICAL- BIO- STIMULANT,Antioxidants formulations,Copper as Cu mg/kg,FCO 1985 SCD IV Part D Cl.No.10,50,15,600,1,108,708,ABRL PRO 060,10 µg/kg to 50000 mg/kg,,,https://forms.gle/ALxktWakYxGehtMa9
272,NABL,CHEMICAL- BIO- STIMULANT,Antioxidants formulations,Copper as Cu mg/kg,IS 16556,50,15,600,1,108,708,ABRL PRO 060,10 µg/kg to 50000 mg/kg,,,https://forms.gle/ALxktWakYxGehtMa9
273,NABL,CHEMICAL- BIO- STIMULANT,Antioxidants formulations,Density g/ml,FCO 1985 SCD IV Part D,50,15,350,1,63,413,ABRL PRO 041,0.500 to 2.500 g/ml,,,https://forms.gle/1ummEPEzcdMaeP1XA
274,NABL,CHEMICAL- BIO- STIMULANT,Antioxidants formulations,Density g/ml,IS 16556,50,15,350,1,63,413,ABRL PRO 041,0.500 to 2.500 g/ml,,,https://forms.gle/1ummEPEzcdMaeP1XA
275,NABL,CHEMICAL- BIO- STIMULANT,Antioxidants formulations,Dilution Stability,CIPAC MT 41,50,15,1500,1,270,1770,ABRL PRO 093,Not applicable,,,https://forms.gle/7WdUJ6YZ1kVrGfC77
276,NABL,CHEMICAL- BIO- STIMULANT,Antioxidants formulations,Elemental Sulphur % w/w,FCO 1985 SCD II Part B Cl. No.24,50,15,400,1,72,472,ABRL PRO 011,0.1 % to 50 %,,,https://forms.gle/NEPfFA1GmooQ6YAg8
277,NABL,CHEMICAL- BIO- STIMULANT,Antioxidants formulations,Folic acid % w/w,ABRL STP 001 (HPLC),50,15,3500,1,630,4130,ABRL PRO 002,0.005 % to 95 %,0.15 mg/kg,,https://forms.gle/ZVvz31MkZnjJX1X38
278,NABL,CHEMICAL- BIO- STIMULANT,Antioxidants formulations,Formol nitrogen content % w/w,Thai industrial standard Page no.191,50,15,2000,1,360,2360,ABRL PRO 092,0.05 % to 50 %,,,https://forms.gle/Y7Ye6zMjosRonixA8
279,NABL,CHEMICAL- BIO- STIMULANT,Antioxidants formulations,Free alkali as KOH % w/w,ABRL STP 038 (Titremetric),50,15,450,1,81,531,ABRL PRO 024,0.01 % to 50 %,,,https://forms.gle/UD2YCiGdzqo8VMFb6
280,NABL,CHEMICAL- BIO- STIMULANT,Antioxidants formulations,Free alkali as NaOH % w/w,ABRL STP 038 (Titremetric),50,15,450,1,81,531,ABRL PRO 024,0.01 % to 50 %,,,https://forms.gle/UD2YCiGdzqo8VMFb6
281,NABL,CHEMICAL- BIO- STIMULANT,Antioxidants formulations,Free amino nitrogen % w/w,ABRL STP 052 (Ninhydrin),50,15,1500,1,270,1770,ABRL PRO 044,0.001 % to 99 %,,,https://forms.gle/KnFSJs2pxi9pDKaTA
282,NABL,CHEMICAL- BIO- STIMULANT,Antioxidants formulations,Fucoidan % w/w,ABRL STP 115 (HPLC),50,15,3500,1,630,4130,ABRL PRO 002,0.00001 % to 99 %,,,https://forms.gle/ZVvz31MkZnjJX1X38
283,NABL,CHEMICAL- BIO- STIMULANT,Antioxidants formulations,Fulvic acid % w/w,ABRL STP 116 (Titrimetric),50,15,1000,1,180,1180,ABRL PRO 108,0.001 % to 60 %,,,https://forms.gle/rMyfSJtJSzRCT7Yj8
284,NABL,CHEMICAL- BIO- STIMULANT,Antioxidants formulations,Gibbrellic Acid -3 (GA3) % w/w,ABRL STP 003 (HPLC),50,15,3500,1,630,4130,ABRL PRO 002,0.001 % to 97 %,0.17 mg/kg,,https://forms.gle/ZVvz31MkZnjJX1X38
285,NABL,CHEMICAL- BIO- STIMULANT,Antioxidants formulations,Humic Acid % w/w,ISO 19822,50,15,4000,1,720,4720,ABRL PRO 029,1 % to 70 %,,,"https://forms.gle/BYPkiHP9Z2dBoFVs6 , https://forms.gle/NEPfFA1GmooQ6YAg8"
286,NABL,CHEMICAL- BIO- STIMULANT,Antioxidants formulations,Hydrophobic fulvic acid % w/w,ISO 19822,50,15,4000,1,720,4720,ABRL PRO 029,1 % to 70 %,,,"https://forms.gle/BYPkiHP9Z2dBoFVs6 , https://forms.gle/NEPfFA1GmooQ6YAg8"
287,NABL,CHEMICAL- BIO- STIMULANT,Antioxidants formulations,Indole Acetic Acid % w/w,ABRL STP 002 (HPLC),50,15,3500,1,630,4130,ABRL PRO 002,0.005 % to 99 %,0.14 mg/kg,,https://forms.gle/ZVvz31MkZnjJX1X38
288,NABL,CHEMICAL- BIO- STIMULANT,Antioxidants formulations,Indole Butyric Acid % w/w,ABRL STP 022 (HPLC),50,15,3500,1,630,4130,ABRL PRO 002,0.003 % to 99 %,0.52 mg/kg,,https://forms.gle/ZVvz31MkZnjJX1X38
289,NABL,CHEMICAL- BIO- STIMULANT,Antioxidants formulations,Inorganic matter (Ash) % w/w,Calculative based on FCO 1985 SCD IV Part D Cl.No.05,50,15,800,1,144,944,ABRL PRO 008,1 % to 55 %,,,https://forms.gle/b51JKPnT1J9kNucy8
290,NABL,CHEMICAL- BIO- STIMULANT,Antioxidants formulations,Inorganic matter (Ash) % w/w,IS 16556,50,15,800,1,144,944,ABRL PRO 008,0.1 % to 99 %,,,https://forms.gle/b51JKPnT1J9kNucy8
291,NABL,CHEMICAL- BIO- STIMULANT,Antioxidants formulations,Inorganic Nitrogen (Nitrate nitrogen) % w/w,FCO 1985 SCD II Part B Cl.No.03,50,15,1000,1,180,1180,ABRL PRO 055,0.1 % to 35 %,,,https://forms.gle/3CzKP7dHJ2b1ptPq6
292,NABL,CHEMICAL- BIO- STIMULANT,Antioxidants formulations,Iron as Fe % w/w,ABRL STP 043 (MP-AES),50,15,1000,1,180,1180,ABRL PRO 028,10 µg/kg to 100000 mg/kg,,,https://forms.gle/CYNtvab5hedeJEEMA
293,NABL,CHEMICAL- BIO- STIMULANT,Antioxidants formulations,K as K2O % w/w,IS 9497,,15,,,0,0,,,,,
294,NABL,CHEMICAL- BIO- STIMULANT,Antioxidants formulations,Kinetin % w/w,ABRL STP 008 (HPLC),50,15,4000,1,720,4720,ABRL PRO 002,0.005 % to 99 %,0.03 mg/kg,,https://forms.gle/ZVvz31MkZnjJX1X38
295,NABL,CHEMICAL- BIO- STIMULANT,Antioxidants formulations,Laminarin % w/w,ABRL STP 114 (HPLC),50,15,3500,1,630,4130,ABRL PRO 002,0.00001 % to 99 %,,,https://forms.gle/ZVvz31MkZnjJX1X38
296,NABL,CHEMICAL- BIO- STIMULANT,Antioxidants formulations,Lead as Pb mg/kg,FCO 1985 SCD IV Part D Cl.No.10,50,15,600,1,108,708,ABRL PRO 060,10 µg/kg to 50000 mg/kg,,,https://forms.gle/ALxktWakYxGehtMa9
297,NABL,CHEMICAL- BIO- STIMULANT,Antioxidants formulations,Lead as Pb mg/kg,IS 16556,50,15,600,1,108,708,ABRL PRO 060,10 µg/kg to 50000 mg/kg,,,https://forms.gle/ALxktWakYxGehtMa9
298,NABL,CHEMICAL- BIO- STIMULANT,Antioxidants formulations,Magnesium as Mg mg/kg,ABRL STP 043 (MP-AES),50,15,1000,1,180,1180,ABRL PRO 028,10 µg/kg to 100000 mg/kg,,,https://forms.gle/CYNtvab5hedeJEEMA
299,NABL,CHEMICAL- BIO- STIMULANT,Antioxidants formulations,Manganese as Mn mg/kg,ABRL STP 043 (MP-AES),50,15,1000,1,180,1180,ABRL PRO 028,10 µg/kg to 100000 mg/kg,,,https://forms.gle/CYNtvab5hedeJEEMA
300,NABL,CHEMICAL- BIO- STIMULANT,Antioxidants formulations,Mannitol % w/w,ABRL STP 051 (HPLC),50,15,1500,1,270,1770,ABRL PRO 043,0.01 % to 95 %,,,https://forms.gle/Gx8Sx2CdHYh9FdJm7
301,NABL,CHEMICAL- BIO- STIMULANT,Antioxidants formulations,Material Insoluble in water % w/w,CIPAC MT 10,50,15,350,1,63,413,ABRL PRO 020,0.1 % to 50 %,,,https://forms.gle/4mKKEZ5kDncKWzB86
302,NABL,CHEMICAL- BIO- STIMULANT,Antioxidants formulations,Mercury as Hg mg/kg,FCO 1985 SCD IV Part D Cl.No.11,50,15,1000,1,180,1180,ABRL PRO 060,10 µg/kg to 50000 mg/kg,,,https://forms.gle/ALxktWakYxGehtMa9
303,NABL,CHEMICAL- BIO- STIMULANT,Antioxidants formulations,Mercury as Hg mg/kg,IS 16556,50,15,1000,1,180,1180,ABRL PRO 060,10 µg/kg to 50000 mg/kg,,,https://forms.gle/ALxktWakYxGehtMa9
304,NABL,CHEMICAL- BIO- STIMULANT,Antioxidants formulations,Moisture Content % w/w,FCO 1985 SCD IV Part D Cl.No.02,200,15,450,1,81,531,ABRL PRO 004,0.1 % to 65 %,,,https://forms.gle/r52g7ec3g7ZfoEhWA
305,NABL,CHEMICAL- BIO- STIMULANT,Antioxidants formulations,Moisture Content % w/w,ABRL STP 090 (IR Balance),200,15,450,1,81,531,ABRL PRO 030,0.1 % to 65 %,,,https://forms.gle/GVr8x5kg84nXY8ML9
306,NABL,CHEMICAL- BIO- STIMULANT,Antioxidants formulations,Moisture Content % w/w,IS 15106,50,15,450,1,81,531,ABRL PRO 004,0.01 % to 50 % w/w,,,https://forms.gle/r52g7ec3g7ZfoEhWA
307,NABL,CHEMICAL- BIO- STIMULANT,Antioxidants formulations,Moisture Content % w/w,IS 16556,200,15,450,1,81,531,ABRL PRO 004,0.1 % to 65 %,,,https://forms.gle/r52g7ec3g7ZfoEhWA
308,NABL,CHEMICAL- BIO- STIMULANT,Antioxidants formulations,Moisture Content % w/w,ISO 19822,50,15,500,1,90,590,ABRL PRO 004,1 % to 10 %,,,https://forms.gle/r52g7ec3g7ZfoEhWA
309,NABL,CHEMICAL- BIO- STIMULANT,Antioxidants formulations,Molybdenum as Mo mg/kg,ABRL STP 043 (MP-AES),50,15,1000,1,180,1180,ABRL PRO 028,10 µg/kg to 100000 mg/kg,,,https://forms.gle/CYNtvab5hedeJEEMA
310,NABL,CHEMICAL- BIO- STIMULANT,Antioxidants formulations,Myo-inositol % w/w,ABRL STP 113 (HPLC),50,15,3500,1,630,4130,ABRL PRO 002,0.00001 % to 99 %,,,https://forms.gle/ZVvz31MkZnjJX1X38
311,NABL,CHEMICAL- BIO- STIMULANT,Antioxidants formulations,Na as Na2O % w/w,IS 9497,50,15,500,1,90,590,ABRL PRO 006,0.05% to 50 %,,,"https://forms.gle/xFDBDxZZHQdxNbVW8 , https://forms.gle/r52g7ec3g7ZfoEhWA"
312,NABL,CHEMICAL- BIO- STIMULANT,Antioxidants formulations,Naphthyl Acetic Acid (NAA) % w/w,ABRL STP 071 (HPLC),50,15,3500,1,630,4130,ABRL PRO 002,0.0001% to 99 %,0.41 mg/kg,,https://forms.gle/ZVvz31MkZnjJX1X38
313,NABL,CHEMICAL- BIO- STIMULANT,Antioxidants formulations,Nickel as Ni mg/kg,FCO 1985 SCD IV Part D Cl.No.10,50,15,600,1,108,708,ABRL PRO 060,10 µg/kg to 50000 mg/kg,,,https://forms.gle/ALxktWakYxGehtMa9
314,NABL,CHEMICAL- BIO- STIMULANT,Antioxidants formulations,Nickel as Ni mg/kg,IS 16556,50,15,600,1,108,708,ABRL PRO 060,10 µg/kg to 50000 mg/kg,,,https://forms.gle/ALxktWakYxGehtMa9
315,NABL,CHEMICAL- BIO- STIMULANT,Antioxidants formulations,Odor,OPPTS 830.6304,50,15,100,1,18,118,ABRL PRO 092,NA,,,https://forms.gle/ZrVhayg6o6mkzWNy6
316,NABL,CHEMICAL- BIO- STIMULANT,Antioxidants formulations,Organic matter % w/w,FCO 1985 SCD IV Part D Cl.No.05,50,15,800,1,144,944,ABRL PRO 008, 0.1 % to 99 %,,,https://forms.gle/b51JKPnT1J9kNucy8
317,NABL,CHEMICAL- BIO- STIMULANT,Antioxidants formulations,Organic matter % w/w,IS 16556,50,15,800,1,144,944,ABRL PRO 008, 0.1 % to 99 %,,,https://forms.gle/b51JKPnT1J9kNucy8
318,NABL,CHEMICAL- BIO- STIMULANT,Antioxidants formulations,Particle size % w/w,FCO 1985 SCD IV Part D,100,15,300,1,54,354,ABRL PRO 061,0.1 % to 100 %,,,https://forms.gle/eSfFCX1syVcSxff18
319,NABL,CHEMICAL- BIO- STIMULANT,Antioxidants formulations,Persistant foaming (ml),CIPAC MT 47,50,15,1000,1,180,1180,ABRL PRO 094,0.1 ml to 1000 ml,,,https://forms.gle/inQej5gjwJrvLm2S8
320,NABL,CHEMICAL- BIO- STIMULANT,Antioxidants formulations,pH (% aqeous solution/ Liquid),ABRL STP 027(PH-Meter),100,15,350,1,63,413,ABRL PRO 001,1 to 14,,,https://forms.gle/sHECK8iCUHJm39wK9
321,NABL,CHEMICAL- BIO- STIMULANT,Antioxidants formulations,pH ,FCO 1985 SCD II Part B Cl.No.08,200,15,350,1,63,413,ABRL PRO 001,1 to 14,,,https://forms.gle/sHECK8iCUHJm39wK9
322,NABL,CHEMICAL- BIO- STIMULANT,Antioxidants formulations,pH ,FCO 1985 SCD IV Part D Cl.No.1,100,15,400,1,72,472,ABRL PRO 041,1 to 14,,Minimum sample handeling charge is to be considered if providing service lower than 500 Rs.,https://forms.gle/1ummEPEzcdMaeP1XA
323,NABL,CHEMICAL- BIO- STIMULANT,Antioxidants formulations,pH,IS 16556,100,15,400,1,72,472,ABRL PRO 041,1 to 14,,Minimum sample handeling charge is to be considered if providing service lower than 500 Rs.,https://forms.gle/1ummEPEzcdMaeP1XA
324,NABL,CHEMICAL- BIO- STIMULANT,Antioxidants formulations,Physical State (Form),OPPTS 830.6303,50,15,100,1,18,118,ABRL PRO 092,NA,,,https://forms.gle/ZrVhayg6o6mkzWNy6
325,NABL,CHEMICAL- BIO- STIMULANT,Antioxidants formulations,Plant available silicon % w/w,FCO 1985 SCD II Part B Cl.No.29,50,15,1500,1,270,1770,ABRL PRO 069,0.01 % to 50 %,,,https://forms.gle/1ZzQ7V7cKb1dgmj4A
326,NABL,CHEMICAL- BIO- STIMULANT,Antioxidants formulations,Potassium as K mg/kg,ABRL STP 043 (MP-AES),100,15,1000,1,180,1180,ABRL PRO 028,1 mg/kg to 500000 mg/kg,,,https://forms.gle/CYNtvab5hedeJEEMA
327,NABL,CHEMICAL- BIO- STIMULANT,Antioxidants formulations,Pourability (Residue) % w/w,CIPAC MT 148,1000,15,2000,1,360,2360,ABRL PRO 095,0.1 % to 70 %,,,https://forms.gle/49mTRqwiD6QxDFU87
328,NABL,CHEMICAL- BIO- STIMULANT,Antioxidants formulations,Pourability (Rinsed Residue) % w/w,CIPAC MT 148,1000,15,2000,1,360,2360,ABRL PRO 095,0.01 % to 50 %,,,https://forms.gle/49mTRqwiD6QxDFU87
329,NABL,CHEMICAL- BIO- STIMULANT,Antioxidants formulations,Quercetin % w/w,ABRL STP 007 (HPLC),50,15,3500,1,630,4130,ABRL PRO 002,0.0001 % to 95 %,0.39 mg/kg,,https://forms.gle/ZVvz31MkZnjJX1X38
330,NABL,CHEMICAL- BIO- STIMULANT,Antioxidants formulations,Shape ,ABRL STP 091,50,15,100,1,18,118,ABRL PRO 092,NA,,,https://forms.gle/ZrVhayg6o6mkzWNy6
331,NABL,CHEMICAL- BIO- STIMULANT,Antioxidants formulations,Sodium as Na mg/kg,ABRL STP 043 (MP-AES),50,15,3500,1,630,4130,ABRL PRO 028,1 mg/kg to 500000 mg/kg,,,https://forms.gle/CYNtvab5hedeJEEMA
332,NABL,CHEMICAL- BIO- STIMULANT,Antioxidants formulations,Solid Content % w/w,IS 15106,50,15,450,1,81,531,ABRL PRO 004,0.1 % to 99 % w/w,,,https://forms.gle/r52g7ec3g7ZfoEhWA
333,NABL,CHEMICAL- BIO- STIMULANT,Antioxidants formulations,Solubility % w/w,ABRL STP 036 (Gravimetric),50,15,350,1,63,413,ABRL PRO 020,0.1 % to 100 %,,,https://forms.gle/4mKKEZ5kDncKWzB86
334,NABL,CHEMICAL- BIO- STIMULANT,Antioxidants formulations,Specific gravity ,CIPAC MT 3,50,15,350,1,63,413,ABRL PRO 066,0.500 to 2.500 g/ml,,,https://forms.gle/WXPbz5i1fZHux8bM9
335,NABL,CHEMICAL- BIO- STIMULANT,Antioxidants formulations,Specific gravity,FCO 1985 SCD II Part B,50,15,350,1,63,413,ABRL PRO 066,0.500 to 2.500 g/ml,,,https://forms.gle/WXPbz5i1fZHux8bM9
336,NABL,CHEMICAL- BIO- STIMULANT,Antioxidants formulations,Strontium as Sr mg/kg,ABRL STP 043 (MP-AES),50,15,3500,1,630,4130,ABRL PRO 028,1 mg/kg to 500000 mg/kg,,,https://forms.gle/CYNtvab5hedeJEEMA
337,NABL,CHEMICAL- BIO- STIMULANT,Antioxidants formulations,Sulphate Sulphur % w/w,FCO 1985 SCD II Part B Cl. No.24,50,15,800,1,144,944,ABRL PRO 011,0.1 % to 70 %,,,https://forms.gle/NEPfFA1GmooQ6YAg8
338,NABL,CHEMICAL- BIO- STIMULANT,Antioxidants formulations,Suspensibility % w/w,CIPAC MT 161,100,15,2000,1,360,2360,ABRL PRO 096,0.1 % to 105 %,,,https://forms.gle/1KM8MciJYXpU9Noz8
339,NABL,CHEMICAL- BIO- STIMULANT,Antioxidants formulations,Thiamin mononitrate (Vitamin B1) % w/w,ABRL STP 009 (HPLC),50,15,3500,1,630,4130,ABRL PRO 002,0.0001 % to 99 %,,,https://forms.gle/ZVvz31MkZnjJX1X38
340,NABL,CHEMICAL- BIO- STIMULANT,Antioxidants formulations,Total Amino acid % w/w,ABRL STP 052 (Ninhydrin),50,15,1500,1,270,1770,ABRL PRO 044,0.001 % to 99 %,,,https://forms.gle/KnFSJs2pxi9pDKaTA
341,NABL,CHEMICAL- BIO- STIMULANT,Antioxidants formulations,Total Amino Nitrogen % w/w,Thai industrial standard Page no. 191-193,1500,15,2000,1,360,2360,ABRL PRO 092,0.001 % to 99 %,,,https://forms.gle/KnFSJs2pxi9pDKaTA
342,NABL,CHEMICAL- BIO- STIMULANT,Antioxidants formulations,Total Carbohydrate % w/w,ABRL STP 046 (Anthrone),50,15,1500,1,270,1770,ABRL PRO 035,0.001 % to 99 %,10.05 mg/kg,,https://forms.gle/QExDSnE6janEauz8A
343,NABL,CHEMICAL- BIO- STIMULANT,Antioxidants formulations,Total Chloride % w/w,FCO 1985 SCD II Part B Cl.No.18,50,15,300,1,54,354,ABRL PRO 078,0.01 % to 99 %,,,https://forms.gle/k6tf57dYD8yuAbRD8
344,NABL,CHEMICAL- BIO- STIMULANT,Antioxidants formulations,Total Dissolved Solids (TDS) % w/w,ABRL STP 098 (Gravimetric),100,15,350,1,63,413,ABRL PRO 097,0.01 % to 60 % ,,,https://forms.gle/JbV95JkQizSL42Vm8
345,NABL,CHEMICAL- BIO- STIMULANT,Antioxidants formulations,Total Humic acid % w/w,ISO 5073,50,15,1200,1,216,1416,ABRL PRO 005,0.1 % to 99 %,,,https://forms.gle/kGrK8JuttwQrNZqp7
346,NABL,CHEMICAL- BIO- STIMULANT,Antioxidants formulations,Total Nitrogen % w/w,FCO 1985 SCD IV Part D Cl.No.06,50,15,1000,1,180,1180,ABRL PRO 007,0.05 % to 35 %,,,https://forms.gle/Q3mPhs2GWZHCcP1T6
347,NABL,CHEMICAL- BIO- STIMULANT,Antioxidants formulations,Total Nitrogen % w/w,IS 16556,50,15,1000,1,180,1180,ABRL PRO 007,0.05 % to 35 %,,,https://forms.gle/Q3mPhs2GWZHCcP1T6
348,NABL,CHEMICAL- BIO- STIMULANT,Antioxidants formulations,Total Organic Carbon/Organic Carbon % w/w,FCO 1985 SCD IV Part D Cl.No.05,50,15,900,1,162,1062,ABRL PRO 008,1 % to 55 %,,,https://forms.gle/b51JKPnT1J9kNucy8
349,NABL,CHEMICAL- BIO- STIMULANT,Antioxidants formulations,Total Organic Carbon/Organic Carbon % w/w,IS 16556,50,15,900,1,162,1062,ABRL PRO 008,1 % to 55 %,,,https://forms.gle/b51JKPnT1J9kNucy8
350,NABL,CHEMICAL- BIO- STIMULANT,Antioxidants formulations,Total phosphorous as P2O5 % w/w,FCO 1985 SCD IV Part D Cl.No.08,50,15,1200,1,216,1416,ABRL PRO 060,0.05% to 35 %,,,https://forms.gle/ALxktWakYxGehtMa9
351,NABL,CHEMICAL- BIO- STIMULANT,Antioxidants formulations,Total phosphorous as P2O5 % w/w,IS 16556,50,15,1200,1,216,1416,ABRL PRO 060,0.05% to 35 %,,,https://forms.gle/ALxktWakYxGehtMa9
352,NABL,CHEMICAL- BIO- STIMULANT,Antioxidants formulations,Total Potash K & K as K2O % w/w,IS 16556,50,15,800,1,144,944,ABRL PRO 060,0.05 % to 35 %,,,https://forms.gle/ALxktWakYxGehtMa9
353,NABL,CHEMICAL- BIO- STIMULANT,Antioxidants formulations,Total Potash K & K as K2O % w/w,FCO 1985 SCD IV Part D Cl.No.09,50,15,800,1,144,944,ABRL PRO 060,0.05 % to 35 %,,,https://forms.gle/ALxktWakYxGehtMa9
354,NABL,CHEMICAL- BIO- STIMULANT,Antioxidants formulations,Total Protein % w/w,ABRL STP 016 (Folin-lowery),50,15,1500,1,270,1770,ABRL PRO 018,0.001 % to 99 %,,,https://forms.gle/NVvh6HsVcqMFKm8bA
355,NABL,CHEMICAL- BIO- STIMULANT,Antioxidants formulations,Total protein Calculative % w/w,Calculative based on conversion factor (Kjeldahl),50,15,100,1,18,118,ABRL PRO 007,0.05 % to 99 %,,,https://forms.gle/Q3mPhs2GWZHCcP1T6
356,NABL,CHEMICAL- BIO- STIMULANT,Antioxidants formulations,Total Sulphur % w/w,FCO 1985 SCD IV Part D Cl.No.15,100,15,1200,1,216,1416,ABRL PRO 011, 0.05 % to 50 %,,,https://forms.gle/NEPfFA1GmooQ6YAg8
357,NABL,CHEMICAL- BIO- STIMULANT,Antioxidants formulations,Triacontanol % w/w,ABRL STP 011 (GC),50,15,3500,1,630,4130,ABRL PRO 003,0.05 % to 99 %,502 mg/kg,,https://forms.gle/SWkKy6Q53AmRiEDg9
358,NABL,CHEMICAL- BIO- STIMULANT,Antioxidants formulations,Viscosity cps,CIPAC MT 22,500,15,1000,1,180,1180,ABRL PRO 051,1 to 25000 cps,,,https://forms.gle/xMxncb1RieE6p3Gr7
359,NABL,CHEMICAL- BIO- STIMULANT,Antioxidants formulations,Water Insoluble Nitrogen % w/w,FCO 1985 SCD IV Part D Cl.No.14,50,15,1000,1,180,1180,ABRL PRO 083,0.05 % to 35 %,,,https://forms.gle/pWdSyPGRKo795T8EA
360,NABL,CHEMICAL- BIO- STIMULANT,Antioxidants formulations,Water Solubility % w/w,ABRL STP 036 (Gravimetric),50,15,350,1,63,413,ABRL PRO 020,0.1 % to 99 %,,,https://forms.gle/4mKKEZ5kDncKWzB86
361,NABL,CHEMICAL- BIO- STIMULANT,Antioxidants formulations,Water Soluble potash as K2O % w/w,FCO 1985 SCD IV Part D Cl.No.09,50,15,800,1,144,944,ABRL PRO 060,0.05 % to 35 %,,,https://forms.gle/ALxktWakYxGehtMa9
362,NABL,CHEMICAL- BIO- STIMULANT,Antioxidants formulations,Zinc as Zn mg/kg,FCO 1985 SCD IV Part D Cl.No.10,50,15,600,1,108,708,ABRL PRO 060,10 µg/kg to 50000 mg/kg,,,https://forms.gle/ALxktWakYxGehtMa9
363,NABL,CHEMICAL- BIO- STIMULANT,Antioxidants formulations,Zinc as Zn mg/kg,IS 16556,50,15,600,1,108,708,ABRL PRO 060,10 µg/kg to 50000 mg/kg,,,https://forms.gle/ALxktWakYxGehtMa9
364,NABL,CHEMICAL- BIO- STIMULANT,Biochemicals Formulations,6 Benzyl Amino Purine (6-BAP) % w/w,ABRL STP 006 (HPLC),50,15,3500,1,630,4130,ABRL PRO 002,1 mg/kg to 990000 mg/kg,0.86 mg/kg,,https://forms.gle/ZVvz31MkZnjJX1X38
365,NABL,CHEMICAL- BIO- STIMULANT,Biochemicals Formulations,Accelerated stability study,CIPAC MT 46,500 ml,22,40000,1,7200,47200,ABRL PRO 083,Not applicable,Not applicable,,
366,NABL,CHEMICAL- BIO- STIMULANT,Biochemicals Formulations,Acid Insoluble Ash % w/w,FCO 1985 SCD IV Part D Cl. No. 14,50,15,800,1,144,944,ABRL PRO 053,0.1 % w/w to 50 % w/w,,,https://forms.gle/pVZ3UfnzgqWD7U4x7
367,NABL,CHEMICAL- BIO- STIMULANT,Biochemicals Formulations,Acid soluble Ash % w/w,Calculative based on FCO 1985 SCD IV Part D Cl. No. 14,50,15,800,1,144,944,ABRL PRO 053,0.1 % w/w to 50 % w/w,,,https://forms.gle/pVZ3UfnzgqWD7U4x7
368,NABL,CHEMICAL- BIO- STIMULANT,Biochemicals Formulations,Alginic Acid % w/w,ABRL STP 050 (HPLC),50,15,3500,1,630,4130,ABRL PRO 002,0.0001 % to 99 %,44.70 mg/kg,,https://forms.gle/ZVvz31MkZnjJX1X38
369,NABL,CHEMICAL- BIO- STIMULANT,Biochemicals Formulations,Alpha-tocopherol (Vitamin E) % w/w,ABRL STP 010 (HPLC),50,15,3500,1,630,4130,ABRL PRO 002,0.0001 % to 99 %,,,https://forms.gle/ZVvz31MkZnjJX1X38
370,NABL,CHEMICAL- BIO- STIMULANT,Biochemicals Formulations,Aluminium as Al mg/kg,ABRL STP 043 (MP-AES),50,15,1000,1,180,1180,ABRL PRO 028,10 µg/kg to 100000 mg/kg,,,https://forms.gle/CYNtvab5hedeJEEMA
371,NABL,CHEMICAL- BIO- STIMULANT,Biochemicals Formulations,Ammoniacal nitrogen % w/w,FCO 1985 SCD II Part B Cl.No.03,50,15,600,1,108,708,ABRL PRO 014,0.1 % to 40 %,,,https://forms.gle/eCp5pXhcQKkRUFpd8
372,NABL,CHEMICAL- BIO- STIMULANT,Biochemicals Formulations,Appereance ,ABRL STP 091,50,15,100,1,18,118,ABRL PRO 092,NA,,,https://forms.gle/ZrVhayg6o6mkzWNy6
373,NABL,CHEMICAL- BIO- STIMULANT,Biochemicals Formulations,Arsenic as As/As2O3 mg/kg,FCO 1985 SCD IV Part D Cl. No. 12,50,15,1000,1,180,1180,ABRL PRO 060,10 µg/kg to 50000 mg/kg,,,https://forms.gle/ALxktWakYxGehtMa9
374,NABL,CHEMICAL- BIO- STIMULANT,Biochemicals Formulations,Arsenic as As / AS2O3 mg/kg,IS 16556,50,15,1000,1,180,1180,ABRL PRO 060,10 µg/kg to 50000 mg/kg,,,https://forms.gle/ALxktWakYxGehtMa9
375,NABL,CHEMICAL- BIO- STIMULANT,Biochemicals Formulations,Ascorbic acid % w/w,ABRL STP 005 (HPLC),50,15,3500,1,630,4130,ABRL PRO 002,0.00001 % to 99 %,,,https://forms.gle/ZVvz31MkZnjJX1X38
376,NABL,CHEMICAL- BIO- STIMULANT,Biochemicals Formulations,Barium as Ba mg/kg,ABRL STP 043 (MP-AES),50,15,1000,1,180,1180,ABRL PRO 028,10 µg/kg to 100000 mg/kg,,,https://forms.gle/CYNtvab5hedeJEEMA
377,NABL,CHEMICAL- BIO- STIMULANT,Biochemicals Formulations,Boron as B mg/kg,ABRL STP 043 (MP-AES),50,15,1000,1,180,1180,ABRL PRO 028,10 µg/kg to 100000 mg/kg,,,https://forms.gle/CYNtvab5hedeJEEMA
378,NABL,CHEMICAL- BIO- STIMULANT,Biochemicals Formulations,C:N Ratio,FCO 1985 SCD IV Part D Cl.No. 07,50,15,100,1,18,118,ABRL PRO 008,Calculative,,,"https://forms.gle/b51JKPnT1J9kNucy8 , https://forms.gle/Q3mPhs2GWZHCcP1T6"
379,NABL,CHEMICAL- BIO- STIMULANT,Biochemicals Formulations,C:N Ratio ,IS 16556,50,15,100,1,18,118,ABRL PRO 008,Calculative,,,"https://forms.gle/b51JKPnT1J9kNucy8 , https://forms.gle/Q3mPhs2GWZHCcP1T6"
380,NABL,CHEMICAL- BIO- STIMULANT,Biochemicals Formulations,Cadmium as Cd mg/kg,FCO 1985 SCD IV Part D Cl.No.10,50,15,3200,1,576,3776,ABRL PRO 060,10 µg/kg to 50000 mg/kg,,,https://forms.gle/ALxktWakYxGehtMa9
381,NABL,CHEMICAL- BIO- STIMULANT,Biochemicals Formulations,Cadmium as Cd mg/kg,IS 16556,50,15,3200,1,576,3776,ABRL PRO 060,10 µg/kg to 50000 mg/kg,,,https://forms.gle/ALxktWakYxGehtMa9
382,NABL,CHEMICAL- BIO- STIMULANT,Biochemicals Formulations,Calcium as Ca mg/kg,ABRL STP 043 (MP-AES),50,15,1000,1,180,1180,ABRL PRO 028,1 mg/kg to 500000 mg/kg,,,https://forms.gle/CYNtvab5hedeJEEMA
383,NABL,CHEMICAL- BIO- STIMULANT,Biochemicals Formulations,Carrabiitol % w/w,ABRL STP 092 (HPLC),100,15,3500,1,630,4130,,,,,
384,NABL,CHEMICAL- BIO- STIMULANT,Biochemicals Formulations,Cation Exchange Capacity meq/g,ABRL STP 053 (MP-AES),50,15,1500,1,270,1770,ABRL PRO 045, 1 meq/g to 50000 meq/g,,,https://forms.gle/8X4X79vm56r7wuts8
385,NABL,CHEMICAL- BIO- STIMULANT,Biochemicals Formulations,Chromium as Cr mg/kg,FCO 1985 SCD IV Part D Cl.No.10,50,15,600,1,108,708,ABRL PRO 060,10 µg/kg to 50000 mg/kg,,,https://forms.gle/ALxktWakYxGehtMa9
386,NABL,CHEMICAL- BIO- STIMULANT,Biochemicals Formulations,Chromium as Cr mg/kg,IS 16556,50,15,600,,108,708,ABRL PRO 060,10 µg/kg to 50000 mg/kg,,,https://forms.gle/ALxktWakYxGehtMa9
387,NABL,CHEMICAL- BIO- STIMULANT,Biochemicals Formulations,Clarity,European Pharmacopiea 9.2,50,15,100,1,18,118,ABRL PRO 092,NA,,,https://forms.gle/ZrVhayg6o6mkzWNy6
388,NABL,CHEMICAL- BIO- STIMULANT,Biochemicals Formulations,Cobalt as Co mg/kg,ABRL STP 043 (MP-AES),100,15,1000,1,180,1180,ABRL PRO 028,10 µg/kg to 100000 mg/kg,,,https://forms.gle/CYNtvab5hedeJEEMA
389,NABL,CHEMICAL- BIO- STIMULANT,Biochemicals Formulations,Colour,OPPTS 830.6302,50,15,100,1,18,118,ABRL PRO 092,NA,,,https://forms.gle/ZrVhayg6o6mkzWNy6
390,NABL,CHEMICAL- BIO- STIMULANT,Biochemicals Formulations,Conductivity µS/cm,FCO 1985 SCD IV Part D Cl.No.04,50,15,450,1,81,531,ABRL PRO 017,1 µS/cm to 50000 µS/cm,,,https://forms.gle/NjLm8u7U1By8uar4A
391,NABL,CHEMICAL- BIO- STIMULANT,Biochemicals Formulations,Conductivity µS/cm,IS 16556,50,15,450,1,81,531,ABRL PRO 017,1 µS/cm to 50000 µS/cm,,,https://forms.gle/NjLm8u7U1By8uar4A
392,NABL,CHEMICAL- BIO- STIMULANT,Biochemicals Formulations,Copper as Cu mg/kg,FCO 1985 SCD IV Part D Cl.No.10,50,15,600,1,108,708,ABRL PRO 060,10 µg/kg to 50000 mg/kg,,,https://forms.gle/ALxktWakYxGehtMa9
393,NABL,CHEMICAL- BIO- STIMULANT,Biochemicals Formulations,Copper as Cu mg/kg,IS 16556,50,15,600,1,108,708,ABRL PRO 060,10 µg/kg to 50000 mg/kg,,,https://forms.gle/ALxktWakYxGehtMa9
394,NABL,CHEMICAL- BIO- STIMULANT,Biochemicals Formulations,Density g/ml,FCO 1985 SCD IV Part D,50,15,350,1,63,413,ABRL PRO 041,0.500 to 2.500 g/ml,,,https://forms.gle/1ummEPEzcdMaeP1XA
395,NABL,CHEMICAL- BIO- STIMULANT,Biochemicals Formulations,Density g/ml,IS 16556,50,15,350,1,63,413,ABRL PRO 041,0.500 to 2.500 g/ml,,,https://forms.gle/1ummEPEzcdMaeP1XA
396,NABL,CHEMICAL- BIO- STIMULANT,Biochemicals Formulations,Dilution Stability,CIPAC MT 41,50,15,1500,1,270,1770,ABRL PRO 093,Not applicable,,,https://forms.gle/7WdUJ6YZ1kVrGfC77
397,NABL,CHEMICAL- BIO- STIMULANT,Biochemicals Formulations,Elemental Sulphur % w/w,FCO 1985 SCD II Part B Cl. No.24,50,15,400,1,72,472,ABRL PRO 011,0.1 % to 50 %,,,https://forms.gle/NEPfFA1GmooQ6YAg8
398,NABL,CHEMICAL- BIO- STIMULANT,Biochemicals Formulations,Folic acid % w/w,ABRL STP 001 (HPLC),50,15,3500,1,630,4130,ABRL PRO 002,0.005 % to 95 %,0.15 mg/kg,,https://forms.gle/ZVvz31MkZnjJX1X38
399,NABL,CHEMICAL- BIO- STIMULANT,Biochemicals Formulations,Formol nitrogen content % w/w,Thai industrial standard Page no.191,50,15,2000,1,360,2360,ABRL PRO 092,0.05 % to 50 %,,,https://forms.gle/Y7Ye6zMjosRonixA8
400,NABL,CHEMICAL- BIO- STIMULANT,Biochemicals Formulations,Free alkali as KOH % w/w,ABRL STP 038 (Titremetric),50,15,450,1,81,531,ABRL PRO 024,0.01 % to 50 %,,,https://forms.gle/UD2YCiGdzqo8VMFb6
401,NABL,CHEMICAL- BIO- STIMULANT,Biochemicals Formulations,Free alkali as NaOH % w/w,ABRL STP 038 (Titremetric),50,15,450,1,81,531,ABRL PRO 024,0.01 % to 50 %,,,https://forms.gle/UD2YCiGdzqo8VMFb6
402,NABL,CHEMICAL- BIO- STIMULANT,Biochemicals Formulations,Free amino nitrogen % w/w,ABRL STP 052 (Ninhydrin),50,15,1500,1,270,1770,ABRL PRO 044,0.001 % to 99 %,,,https://forms.gle/KnFSJs2pxi9pDKaTA
403,NABL,CHEMICAL- BIO- STIMULANT,Biochemicals Formulations,Fucoidan % w/w,ABRL STP 115 (HPLC),50,15,3500,1,630,4130,ABRL PRO 002,0.00001 % to 99 %,,,https://forms.gle/ZVvz31MkZnjJX1X38
404,NABL,CHEMICAL- BIO- STIMULANT,Biochemicals Formulations,Fulvic acid % w/w,ABRL STP 116 (Titrimetric),50,15,1000,1,180,1180,ABRL PRO 108,0.001 % to 60 %,,,https://forms.gle/rMyfSJtJSzRCT7Yj8
405,NABL,CHEMICAL- BIO- STIMULANT,Biochemicals Formulations,Gibbrellic Acid -3 (GA3) % w/w,ABRL STP 003 (HPLC),50,15,3500,1,630,4130,ABRL PRO 002,0.001 % to 97 %,0.17 mg/kg,,https://forms.gle/ZVvz31MkZnjJX1X38
406,NABL,CHEMICAL- BIO- STIMULANT,Biochemicals Formulations,Humic Acid % w/w,ISO 19822,50,15,4000,1,720,4720,ABRL PRO 029,1 % to 70 %,,,"https://forms.gle/BYPkiHP9Z2dBoFVs6 , https://forms.gle/NEPfFA1GmooQ6YAg8"
407,NABL,CHEMICAL- BIO- STIMULANT,Biochemicals Formulations,Hydrophobic fulvic acid % w/w,ISO 19822,50,15,4000,1,720,4720,ABRL PRO 029,1 % to 70 %,,,"https://forms.gle/BYPkiHP9Z2dBoFVs6 , https://forms.gle/NEPfFA1GmooQ6YAg8"
408,NABL,CHEMICAL- BIO- STIMULANT,Biochemicals Formulations,Indole Acetic Acid % w/w,ABRL STP 002 (HPLC),50,15,3500,1,630,4130,ABRL PRO 002,0.005 % to 99 %,0.14 mg/kg,,https://forms.gle/ZVvz31MkZnjJX1X38
409,NABL,CHEMICAL- BIO- STIMULANT,Biochemicals Formulations,Indole Butyric Acid % w/w,ABRL STP 022 (HPLC),50,15,3500,1,630,4130,ABRL PRO 002,0.003 % to 99 %,0.52 mg/kg,,https://forms.gle/ZVvz31MkZnjJX1X38
410,NABL,CHEMICAL- BIO- STIMULANT,Biochemicals Formulations,Inorganic matter (Ash) % w/w,Calculative based on FCO 1985 SCD IV Part D Cl.No.05,50,15,800,1,144,944,ABRL PRO 008,1 % to 55 %,,,https://forms.gle/b51JKPnT1J9kNucy8
411,NABL,CHEMICAL- BIO- STIMULANT,Biochemicals Formulations,Inorganic matter (Ash) % w/w,IS 16556,50,15,800,1,144,944,ABRL PRO 008,0.1 % to 99 %,,,https://forms.gle/b51JKPnT1J9kNucy8
412,NABL,CHEMICAL- BIO- STIMULANT,Biochemicals Formulations,Inorganic Nitrogen (Nitrate nitrogen) % w/w,FCO 1985 SCD II Part B Cl.No.03,50,15,1000,1,180,1180,ABRL PRO 055,0.1 % to 35 %,,,https://forms.gle/3CzKP7dHJ2b1ptPq6
413,NABL,CHEMICAL- BIO- STIMULANT,Biochemicals Formulations,Iron as Fe % w/w,ABRL STP 043 (MP-AES),50,15,1000,1,180,1180,ABRL PRO 028,10 µg/kg to 100000 mg/kg,,,https://forms.gle/CYNtvab5hedeJEEMA
414,NABL,CHEMICAL- BIO- STIMULANT,Biochemicals Formulations,K as K2O % w/w,IS 9497,,15,,,0,0,,,,,
415,NABL,CHEMICAL- BIO- STIMULANT,Biochemicals Formulations,Kinetin % w/w,ABRL STP 008 (HPLC),50,15,4000,1,720,4720,ABRL PRO 002,0.005 % to 99 %,0.03 mg/kg,,https://forms.gle/ZVvz31MkZnjJX1X38
416,NABL,CHEMICAL- BIO- STIMULANT,Biochemicals Formulations,Laminarin % w/w,ABRL STP 114 (HPLC),50,15,3500,1,630,4130,ABRL PRO 002,0.00001 % to 99 %,,,https://forms.gle/ZVvz31MkZnjJX1X38
417,NABL,CHEMICAL- BIO- STIMULANT,Biochemicals Formulations,Lead as Pb mg/kg,FCO 1985 SCD IV Part D Cl.No.10,50,15,600,1,108,708,ABRL PRO 060,10 µg/kg to 50000 mg/kg,,,https://forms.gle/ALxktWakYxGehtMa9
418,NABL,CHEMICAL- BIO- STIMULANT,Biochemicals Formulations,Lead as Pb mg/kg,IS 16556,50,15,600,1,108,708,ABRL PRO 060,10 µg/kg to 50000 mg/kg,,,https://forms.gle/ALxktWakYxGehtMa9
419,NABL,CHEMICAL- BIO- STIMULANT,Biochemicals Formulations,Magnesium as Mg mg/kg,ABRL STP 043 (MP-AES),50,15,1000,1,180,1180,ABRL PRO 028,10 µg/kg to 100000 mg/kg,,,https://forms.gle/CYNtvab5hedeJEEMA
420,NABL,CHEMICAL- BIO- STIMULANT,Biochemicals Formulations,Manganese as Mn mg/kg,ABRL STP 043 (MP-AES),50,15,1000,1,180,1180,ABRL PRO 028,10 µg/kg to 100000 mg/kg,,,https://forms.gle/CYNtvab5hedeJEEMA
421,NABL,CHEMICAL- BIO- STIMULANT,Biochemicals Formulations,Mannitol % w/w,ABRL STP 051 (HPLC),50,15,1500,1,270,1770,ABRL PRO 043,0.01 % to 95 %,,,https://forms.gle/Gx8Sx2CdHYh9FdJm7
422,NABL,CHEMICAL- BIO- STIMULANT,Biochemicals Formulations,Material Insoluble in water % w/w,CIPAC MT 10,50,15,350,1,63,413,ABRL PRO 020,0.1 % to 50 %,,,https://forms.gle/4mKKEZ5kDncKWzB86
423,NABL,CHEMICAL- BIO- STIMULANT,Biochemicals Formulations,Mercury as Hg mg/kg,FCO 1985 SCD IV Part D Cl.No.11,50,15,1000,1,180,1180,ABRL PRO 060,10 µg/kg to 50000 mg/kg,,,https://forms.gle/ALxktWakYxGehtMa9
424,NABL,CHEMICAL- BIO- STIMULANT,Biochemicals Formulations,Mercury as Hg mg/kg,IS 16556,50,15,1000,1,180,1180,ABRL PRO 060,10 µg/kg to 50000 mg/kg,,,https://forms.gle/ALxktWakYxGehtMa9
425,NABL,CHEMICAL- BIO- STIMULANT,Biochemicals Formulations,Moisture Content % w/w,FCO 1985 SCD IV Part D Cl.No.02,200,15,450,1,81,531,ABRL PRO 004,0.1 % to 65 %,,,https://forms.gle/r52g7ec3g7ZfoEhWA
426,NABL,CHEMICAL- BIO- STIMULANT,Biochemicals Formulations,Moisture Content % w/w,ABRL STP 090 (IR Balance),200,15,450,1,81,531,ABRL PRO 030,0.1 % to 65 %,,,https://forms.gle/GVr8x5kg84nXY8ML9
427,NABL,CHEMICAL- BIO- STIMULANT,Biochemicals Formulations,Moisture Content % w/w,IS 15106,50,15,450,1,81,531,ABRL PRO 004,0.01 % to 50 % w/w,,,https://forms.gle/r52g7ec3g7ZfoEhWA
428,NABL,CHEMICAL- BIO- STIMULANT,Biochemicals Formulations,Moisture Content % w/w,IS 16556,200,15,450,1,81,531,ABRL PRO 004,0.1 % to 65 %,,,https://forms.gle/r52g7ec3g7ZfoEhWA
429,NABL,CHEMICAL- BIO- STIMULANT,Biochemicals Formulations,Moisture Content % w/w,ISO 19822,50,15,500,1,90,590,ABRL PRO 004,1 % to 10 %,,,https://forms.gle/r52g7ec3g7ZfoEhWA
430,NABL,CHEMICAL- BIO- STIMULANT,Biochemicals Formulations,Molybdenum as Mo mg/kg,ABRL STP 043 (MP-AES),50,15,1000,1,180,1180,ABRL PRO 028,10 µg/kg to 100000 mg/kg,,,https://forms.gle/CYNtvab5hedeJEEMA
431,NABL,CHEMICAL- BIO- STIMULANT,Biochemicals Formulations,Myo-inositol % w/w,ABRL STP 113 (HPLC),50,15,3500,1,630,4130,ABRL PRO 002,0.00001 % to 99 %,,,https://forms.gle/ZVvz31MkZnjJX1X38
432,NABL,CHEMICAL- BIO- STIMULANT,Biochemicals Formulations,Na as Na2O % w/w,IS 9497,50,15,500,1,90,590,ABRL PRO 006,0.05% to 50 %,,,"https://forms.gle/xFDBDxZZHQdxNbVW8 , https://forms.gle/r52g7ec3g7ZfoEhWA"
433,NABL,CHEMICAL- BIO- STIMULANT,Biochemicals Formulations,Naphthyl Acetic Acid (NAA) % w/w,ABRL STP 071 (HPLC),50,15,3500,1,630,4130,ABRL PRO 002,0.0001% to 99 %,0.41 mg/kg,,https://forms.gle/ZVvz31MkZnjJX1X38
434,NABL,CHEMICAL- BIO- STIMULANT,Biochemicals Formulations,Nickel as Ni mg/kg,FCO 1985 SCD IV Part D Cl.No.10,50,15,600,1,108,708,ABRL PRO 060,10 µg/kg to 50000 mg/kg,,,https://forms.gle/ALxktWakYxGehtMa9
435,NABL,CHEMICAL- BIO- STIMULANT,Biochemicals Formulations,Nickel as Ni mg/kg,IS 16556,50,15,600,1,108,708,ABRL PRO 060,10 µg/kg to 50000 mg/kg,,,https://forms.gle/ALxktWakYxGehtMa9
436,NABL,CHEMICAL- BIO- STIMULANT,Biochemicals Formulations,Odor,OPPTS 830.6304,50,15,100,1,18,118,ABRL PRO 092,NA,,,https://forms.gle/ZrVhayg6o6mkzWNy6
437,NABL,CHEMICAL- BIO- STIMULANT,Biochemicals Formulations,Organic matter % w/w,FCO 1985 SCD IV Part D Cl.No.05,50,15,800,1,144,944,ABRL PRO 008, 0.1 % to 99 %,,,https://forms.gle/b51JKPnT1J9kNucy8
438,NABL,CHEMICAL- BIO- STIMULANT,Biochemicals Formulations,Organic matter % w/w,IS 16556,50,15,800,1,144,944,ABRL PRO 008, 0.1 % to 99 %,,,https://forms.gle/b51JKPnT1J9kNucy8
439,NABL,CHEMICAL- BIO- STIMULANT,Biochemicals Formulations,Particle size % w/w,FCO 1985 SCD IV Part D,100,15,300,1,54,354,ABRL PRO 061,0.1 % to 100 %,,,https://forms.gle/eSfFCX1syVcSxff18
440,NABL,CHEMICAL- BIO- STIMULANT,Biochemicals Formulations,Persistant foaming (ml),CIPAC MT 47,50,15,1000,1,180,1180,ABRL PRO 094,0.1 ml to 1000 ml,,,https://forms.gle/inQej5gjwJrvLm2S8
441,NABL,CHEMICAL- BIO- STIMULANT,Biochemicals Formulations,pH (% aqeous solution/ Liquid),ABRL STP 027(PH-Meter),100,15,350,1,63,413,ABRL PRO 001,1 to 14,,,https://forms.gle/sHECK8iCUHJm39wK9
442,NABL,CHEMICAL- BIO- STIMULANT,Biochemicals Formulations,pH ,FCO 1985 SCD II Part B Cl.No.08,200,15,350,1,63,413,ABRL PRO 001,1 to 14,,,https://forms.gle/sHECK8iCUHJm39wK9
443,NABL,CHEMICAL- BIO- STIMULANT,Biochemicals Formulations,pH ,FCO 1985 SCD IV Part D Cl.No.1,100,15,400,1,72,472,ABRL PRO 041,1 to 14,,Minimum sample handeling charge is to be considered if providing service lower than 500 Rs.,https://forms.gle/1ummEPEzcdMaeP1XA
444,NABL,CHEMICAL- BIO- STIMULANT,Biochemicals Formulations,pH,IS 16556,100,15,400,1,72,472,ABRL PRO 041,1 to 14,,Minimum sample handeling charge is to be considered if providing service lower than 500 Rs.,https://forms.gle/1ummEPEzcdMaeP1XA
445,NABL,CHEMICAL- BIO- STIMULANT,Biochemicals Formulations,Physical State (Form),OPPTS 830.6303,50,15,100,1,18,118,ABRL PRO 092,NA,,,https://forms.gle/ZrVhayg6o6mkzWNy6
446,NABL,CHEMICAL- BIO- STIMULANT,Biochemicals Formulations,Plant available silicon % w/w,FCO 1985 SCD II Part B Cl.No.29,50,15,1500,1,270,1770,ABRL PRO 069,0.01 % to 50 %,,,https://forms.gle/1ZzQ7V7cKb1dgmj4A
447,NABL,CHEMICAL- BIO- STIMULANT,Biochemicals Formulations,Potassium as K mg/kg,ABRL STP 043 (MP-AES),100,15,1000,1,180,1180,ABRL PRO 028,1 mg/kg to 500000 mg/kg,,,https://forms.gle/CYNtvab5hedeJEEMA
448,NABL,CHEMICAL- BIO- STIMULANT,Biochemicals Formulations,Pourability (Residue) % w/w,CIPAC MT 148,1000,15,2000,1,360,2360,ABRL PRO 095,0.1 % to 70 %,,,https://forms.gle/49mTRqwiD6QxDFU87
449,NABL,CHEMICAL- BIO- STIMULANT,Biochemicals Formulations,Pourability (Rinsed Residue) % w/w,CIPAC MT 148,1000,15,2000,1,360,2360,ABRL PRO 095,0.01 % to 50 %,,,https://forms.gle/49mTRqwiD6QxDFU87
450,NABL,CHEMICAL- BIO- STIMULANT,Biochemicals Formulations,Quercetin % w/w,ABRL STP 007 (HPLC),50,15,3500,1,630,4130,ABRL PRO 002,0.0001 % to 95 %,0.39 mg/kg,,https://forms.gle/ZVvz31MkZnjJX1X38
451,NABL,CHEMICAL- BIO- STIMULANT,Biochemicals Formulations,Shape ,ABRL STP 091,50,15,100,1,18,118,ABRL PRO 092,NA,,,https://forms.gle/ZrVhayg6o6mkzWNy6
452,NABL,CHEMICAL- BIO- STIMULANT,Biochemicals Formulations,Sodium as Na mg/kg,ABRL STP 043 (MP-AES),50,15,3500,1,630,4130,ABRL PRO 028,1 mg/kg to 500000 mg/kg,,,https://forms.gle/CYNtvab5hedeJEEMA
453,NABL,CHEMICAL- BIO- STIMULANT,Biochemicals Formulations,Solid Content % w/w,IS 15106,50,15,450,1,81,531,ABRL PRO 004,0.1 % to 99 % w/w,,,https://forms.gle/r52g7ec3g7ZfoEhWA
454,NABL,CHEMICAL- BIO- STIMULANT,Biochemicals Formulations,Solubility % w/w,ABRL STP 036 (Gravimetric),50,15,350,1,63,413,ABRL PRO 020,0.1 % to 100 %,,,https://forms.gle/4mKKEZ5kDncKWzB86
455,NABL,CHEMICAL- BIO- STIMULANT,Biochemicals Formulations,Specific gravity ,CIPAC MT 3,50,15,350,1,63,413,ABRL PRO 066,0.500 to 2.500 g/ml,,,https://forms.gle/WXPbz5i1fZHux8bM9
456,NABL,CHEMICAL- BIO- STIMULANT,Biochemicals Formulations,Specific gravity,FCO 1985 SCD II Part B,50,15,350,1,63,413,ABRL PRO 066,0.500 to 2.500 g/ml,,,https://forms.gle/WXPbz5i1fZHux8bM9
457,NABL,CHEMICAL- BIO- STIMULANT,Biochemicals Formulations,Strontium as Sr mg/kg,ABRL STP 043 (MP-AES),50,15,3500,1,630,4130,ABRL PRO 028,1 mg/kg to 500000 mg/kg,,,https://forms.gle/CYNtvab5hedeJEEMA
458,NABL,CHEMICAL- BIO- STIMULANT,Biochemicals Formulations,Sulphate Sulphur % w/w,FCO 1985 SCD II Part B Cl. No.24,50,15,800,1,144,944,ABRL PRO 011,0.1 % to 70 %,,,https://forms.gle/NEPfFA1GmooQ6YAg8
459,NABL,CHEMICAL- BIO- STIMULANT,Biochemicals Formulations,Suspensibility % w/w,CIPAC MT 161,100,15,2000,1,360,2360,ABRL PRO 096,0.1 % to 105 %,,,https://forms.gle/1KM8MciJYXpU9Noz8
460,NABL,CHEMICAL- BIO- STIMULANT,Biochemicals Formulations,Thiamin mononitrate (Vitamin B1) % w/w,ABRL STP 009 (HPLC),50,15,3500,1,630,4130,ABRL PRO 002,0.0001 % to 99 %,,,https://forms.gle/ZVvz31MkZnjJX1X38
461,NABL,CHEMICAL- BIO- STIMULANT,Biochemicals Formulations,Total Amino acid % w/w,ABRL STP 052 (Ninhydrin),50,15,1500,1,270,1770,ABRL PRO 044,0.001 % to 99 %,,,https://forms.gle/KnFSJs2pxi9pDKaTA
462,NABL,CHEMICAL- BIO- STIMULANT,Biochemicals Formulations,Total Amino Nitrogen % w/w,Thai industrial standard Page no. 191-193,1500,15,2000,1,360,2360,ABRL PRO 092,0.001 % to 99 %,,,https://forms.gle/KnFSJs2pxi9pDKaTA
463,NABL,CHEMICAL- BIO- STIMULANT,Biochemicals Formulations,Total Carbohydrate % w/w,ABRL STP 046 (Anthrone),50,15,1500,1,270,1770,ABRL PRO 035,0.001 % to 99 %,10.05 mg/kg,,https://forms.gle/QExDSnE6janEauz8A
464,NABL,CHEMICAL- BIO- STIMULANT,Biochemicals Formulations,Total Chloride % w/w,FCO 1985 SCD II Part B Cl.No.18,50,15,300,1,54,354,ABRL PRO 078,0.01 % to 99 %,,,https://forms.gle/k6tf57dYD8yuAbRD8
465,NABL,CHEMICAL- BIO- STIMULANT,Biochemicals Formulations,Total Dissolved Solids (TDS) % w/w,ABRL STP 098 (Gravimetric),100,15,350,1,63,413,ABRL PRO 097,0.01 % to 60 % ,,,https://forms.gle/JbV95JkQizSL42Vm8
466,NABL,CHEMICAL- BIO- STIMULANT,Biochemicals Formulations,Total Humic acid % w/w,ISO 5073,50,15,1200,1,216,1416,ABRL PRO 005,0.1 % to 99 %,,,https://forms.gle/kGrK8JuttwQrNZqp7
467,NABL,CHEMICAL- BIO- STIMULANT,Biochemicals Formulations,Total Nitrogen % w/w,FCO 1985 SCD IV Part D Cl.No.06,50,15,1000,1,180,1180,ABRL PRO 007,0.05 % to 35 %,,,https://forms.gle/Q3mPhs2GWZHCcP1T6
468,NABL,CHEMICAL- BIO- STIMULANT,Biochemicals Formulations,Total Nitrogen % w/w,IS 16556,50,15,1000,1,180,1180,ABRL PRO 007,0.05 % to 35 %,,,https://forms.gle/Q3mPhs2GWZHCcP1T6
469,NABL,CHEMICAL- BIO- STIMULANT,Biochemicals Formulations,Total Organic Carbon/Organic Carbon % w/w,FCO 1985 SCD IV Part D Cl.No.05,50,15,900,1,162,1062,ABRL PRO 008,1 % to 55 %,,,https://forms.gle/b51JKPnT1J9kNucy8
470,NABL,CHEMICAL- BIO- STIMULANT,Biochemicals Formulations,Total Organic Carbon/Organic Carbon % w/w,IS 16556,50,15,900,1,162,1062,ABRL PRO 008,1 % to 55 %,,,https://forms.gle/b51JKPnT1J9kNucy8
471,NABL,CHEMICAL- BIO- STIMULANT,Biochemicals Formulations,Total phosphorous as P2O5 % w/w,FCO 1985 SCD IV Part D Cl.No.08,50,15,1200,1,216,1416,ABRL PRO 060,0.05% to 35 %,,,https://forms.gle/ALxktWakYxGehtMa9
472,NABL,CHEMICAL- BIO- STIMULANT,Biochemicals Formulations,Total phosphorous as P2O5 % w/w,IS 16556,50,15,1200,1,216,1416,ABRL PRO 060,0.05% to 35 %,,,https://forms.gle/ALxktWakYxGehtMa9
473,NABL,CHEMICAL- BIO- STIMULANT,Biochemicals Formulations,Total Potash K & K as K2O % w/w,IS 16556,50,15,800,1,144,944,ABRL PRO 060,0.05 % to 35 %,,,https://forms.gle/ALxktWakYxGehtMa9
474,NABL,CHEMICAL- BIO- STIMULANT,Biochemicals Formulations,Total Potash K & K as K2O % w/w,FCO 1985 SCD IV Part D Cl.No.09,50,15,800,1,144,944,ABRL PRO 060,0.05 % to 35 %,,,https://forms.gle/ALxktWakYxGehtMa9
475,NABL,CHEMICAL- BIO- STIMULANT,Biochemicals Formulations,Total Protein % w/w,ABRL STP 016 (Folin-lowery),50,15,1500,1,270,1770,ABRL PRO 018,0.001 % to 99 %,,,https://forms.gle/NVvh6HsVcqMFKm8bA
476,NABL,CHEMICAL- BIO- STIMULANT,Biochemicals Formulations,Total protein Calculative % w/w,Calculative based on conversion factor (Kjeldahl),50,15,100,1,18,118,ABRL PRO 007,0.05 % to 99 %,,,https://forms.gle/Q3mPhs2GWZHCcP1T6
477,NABL,CHEMICAL- BIO- STIMULANT,Biochemicals Formulations,Total Sulphur % w/w,FCO 1985 SCD IV Part D Cl.No.15,100,15,1200,1,216,1416,ABRL PRO 011, 0.05 % to 50 %,,,https://forms.gle/NEPfFA1GmooQ6YAg8
478,NABL,CHEMICAL- BIO- STIMULANT,Biochemicals Formulations,Triacontanol % w/w,ABRL STP 011 (GC),50,15,3500,1,630,4130,ABRL PRO 003,0.05 % to 99 %,502 mg/kg,,https://forms.gle/SWkKy6Q53AmRiEDg9
479,NABL,CHEMICAL- BIO- STIMULANT,Biochemicals Formulations,Viscosity cps,CIPAC MT 22,500,15,1000,1,180,1180,ABRL PRO 051,1 to 25000 cps,,,https://forms.gle/xMxncb1RieE6p3Gr7
480,NABL,CHEMICAL- BIO- STIMULANT,Biochemicals Formulations,Water Insoluble Nitrogen % w/w,FCO 1985 SCD IV Part D Cl.No.14,50,15,1000,1,180,1180,ABRL PRO 083,0.05 % to 35 %,,,https://forms.gle/pWdSyPGRKo795T8EA
481,NABL,CHEMICAL- BIO- STIMULANT,Biochemicals Formulations,Water Solubility % w/w,ABRL STP 036 (Gravimetric),50,15,350,1,63,413,ABRL PRO 020,0.1 % to 99 %,,,https://forms.gle/4mKKEZ5kDncKWzB86
482,NABL,CHEMICAL- BIO- STIMULANT,Biochemicals Formulations,Water Soluble potash as K2O % w/w,FCO 1985 SCD IV Part D Cl.No.09,50,15,800,1,144,944,ABRL PRO 060,0.05 % to 35 %,,,https://forms.gle/ALxktWakYxGehtMa9
483,NABL,CHEMICAL- BIO- STIMULANT,Biochemicals Formulations,Zinc as Zn mg/kg,FCO 1985 SCD IV Part D Cl.No.10,50,15,600,1,108,708,ABRL PRO 060,10 µg/kg to 50000 mg/kg,,,https://forms.gle/ALxktWakYxGehtMa9
484,NABL,CHEMICAL- BIO- STIMULANT,Biochemicals Formulations,Zinc as Zn mg/kg,IS 16556,50,15,600,1,108,708,ABRL PRO 060,10 µg/kg to 50000 mg/kg,,,https://forms.gle/ALxktWakYxGehtMa9
485,NABL,CHEMICAL- BIO- STIMULANT,Cell-free microbial product extract and Formulation,6 Benzyl Amino Purine (6-BAP) % w/w,ABRL STP 006 (HPLC),50,15,3500,1,630,4130,ABRL PRO 002,1 mg/kg to 990000 mg/kg,0.86 mg/kg,,https://forms.gle/ZVvz31MkZnjJX1X38
486,NABL,CHEMICAL- BIO- STIMULANT,Cell-free microbial product extract and Formulation,Accelerated stability study,CIPAC MT 46,500 ml,22,40000,1,7200,47200,ABRL PRO 083,Not applicable,Not applicable,,
487,NABL,CHEMICAL- BIO- STIMULANT,Cell-free microbial product extract and Formulation,Acid Insoluble Ash % w/w,FCO 1985 SCD IV Part D Cl. No. 14,50,15,800,1,144,944,ABRL PRO 053,0.1 % w/w to 50 % w/w,,,https://forms.gle/pVZ3UfnzgqWD7U4x7
488,NABL,CHEMICAL- BIO- STIMULANT,Cell-free microbial product extract and Formulation,Acid soluble Ash % w/w,Calculative based on FCO 1985 SCD IV Part D Cl. No. 14,50,15,800,1,144,944,ABRL PRO 053,0.1 % w/w to 50 % w/w,,,https://forms.gle/pVZ3UfnzgqWD7U4x7
489,NABL,CHEMICAL- BIO- STIMULANT,Cell-free microbial product extract and Formulation,Alginic Acid % w/w,ABRL STP 050 (HPLC),50,15,3500,1,630,4130,ABRL PRO 002,0.0001 % to 99 %,44.70 mg/kg,,https://forms.gle/ZVvz31MkZnjJX1X38
490,NABL,CHEMICAL- BIO- STIMULANT,Cell-free microbial product extract and Formulation,Alpha-tocopherol (Vitamin E) % w/w,ABRL STP 010 (HPLC),50,15,3500,1,630,4130,ABRL PRO 002,0.0001 % to 99 %,,,https://forms.gle/ZVvz31MkZnjJX1X38
491,NABL,CHEMICAL- BIO- STIMULANT,Cell-free microbial product extract and Formulation,Aluminium as Al mg/kg,ABRL STP 043 (MP-AES),50,15,1000,1,180,1180,ABRL PRO 028,10 µg/kg to 100000 mg/kg,,,https://forms.gle/CYNtvab5hedeJEEMA
492,NABL,CHEMICAL- BIO- STIMULANT,Cell-free microbial product extract and Formulation,Ammoniacal nitrogen % w/w,FCO 1985 SCD II Part B Cl.No.03,50,15,600,1,108,708,ABRL PRO 014,0.1 % to 40 %,,,https://forms.gle/eCp5pXhcQKkRUFpd8
493,NABL,CHEMICAL- BIO- STIMULANT,Cell-free microbial product extract and Formulation,Appereance ,ABRL STP 091,50,15,100,1,18,118,ABRL PRO 092,NA,,,https://forms.gle/ZrVhayg6o6mkzWNy6
494,NABL,CHEMICAL- BIO- STIMULANT,Cell-free microbial product extract and Formulation,Arsenic as As/As2O3 mg/kg,FCO 1985 SCD IV Part D Cl. No. 12,50,15,1000,1,180,1180,ABRL PRO 060,10 µg/kg to 50000 mg/kg,,,https://forms.gle/ALxktWakYxGehtMa9
495,NABL,CHEMICAL- BIO- STIMULANT,Cell-free microbial product extract and Formulation,Arsenic as As / AS2O3 mg/kg,IS 16556,50,15,1000,1,180,1180,ABRL PRO 060,10 µg/kg to 50000 mg/kg,,,https://forms.gle/ALxktWakYxGehtMa9
496,NABL,CHEMICAL- BIO- STIMULANT,Cell-free microbial product extract and Formulation,Ascorbic acid % w/w,ABRL STP 005 (HPLC),50,15,3500,1,630,4130,ABRL PRO 002,0.00001 % to 99 %,,,https://forms.gle/ZVvz31MkZnjJX1X38
497,NABL,CHEMICAL- BIO- STIMULANT,Cell-free microbial product extract and Formulation,Barium as Ba mg/kg,ABRL STP 043 (MP-AES),50,15,1000,1,180,1180,ABRL PRO 028,10 µg/kg to 100000 mg/kg,,,https://forms.gle/CYNtvab5hedeJEEMA
498,NABL,CHEMICAL- BIO- STIMULANT,Cell-free microbial product extract and Formulation,Boron as B mg/kg,ABRL STP 043 (MP-AES),50,15,1000,1,180,1180,ABRL PRO 028,10 µg/kg to 100000 mg/kg,,,https://forms.gle/CYNtvab5hedeJEEMA
499,NABL,CHEMICAL- BIO- STIMULANT,Cell-free microbial product extract and Formulation,C:N Ratio,FCO 1985 SCD IV Part D Cl.No. 07,50,15,100,1,18,118,ABRL PRO 008,Calculative,,,"https://forms.gle/b51JKPnT1J9kNucy8 , https://forms.gle/Q3mPhs2GWZHCcP1T6"
500,NABL,CHEMICAL- BIO- STIMULANT,Cell-free microbial product extract and Formulation,C:N Ratio ,IS 16556,50,15,100,1,18,118,ABRL PRO 008,Calculative,,,"https://forms.gle/b51JKPnT1J9kNucy8 , https://forms.gle/Q3mPhs2GWZHCcP1T6"
501,NABL,CHEMICAL- BIO- STIMULANT,Cell-free microbial product extract and Formulation,Cadmium as Cd mg/kg,FCO 1985 SCD IV Part D Cl.No.10,50,15,3200,1,576,3776,ABRL PRO 060,10 µg/kg to 50000 mg/kg,,,https://forms.gle/ALxktWakYxGehtMa9
502,NABL,CHEMICAL- BIO- STIMULANT,Cell-free microbial product extract and Formulation,Cadmium as Cd mg/kg,IS 16556,50,15,3200,1,576,3776,ABRL PRO 060,10 µg/kg to 50000 mg/kg,,,https://forms.gle/ALxktWakYxGehtMa9
503,NABL,CHEMICAL- BIO- STIMULANT,Cell-free microbial product extract and Formulation,Calcium as Ca mg/kg,ABRL STP 043 (MP-AES),50,15,1000,1,180,1180,ABRL PRO 028,1 mg/kg to 500000 mg/kg,,,https://forms.gle/CYNtvab5hedeJEEMA
504,NABL,CHEMICAL- BIO- STIMULANT,Cell-free microbial product extract and Formulation,Carrabiitol % w/w,ABRL STP 092 (HPLC),100,15,3500,1,630,4130,,,,,
505,NABL,CHEMICAL- BIO- STIMULANT,Cell-free microbial product extract and Formulation,Cation Exchange Capacity meq/g,ABRL STP 053 (MP-AES),50,15,1500,1,270,1770,ABRL PRO 045, 1 meq/g to 50000 meq/g,,,https://forms.gle/8X4X79vm56r7wuts8
506,NABL,CHEMICAL- BIO- STIMULANT,Cell-free microbial product extract and Formulation,Chromium as Cr mg/kg,FCO 1985 SCD IV Part D Cl.No.10,50,15,600,1,108,708,ABRL PRO 060,10 µg/kg to 50000 mg/kg,,,https://forms.gle/ALxktWakYxGehtMa9
507,NABL,CHEMICAL- BIO- STIMULANT,Cell-free microbial product extract and Formulation,Chromium as Cr mg/kg,IS 16556,50,15,600,,108,708,ABRL PRO 060,10 µg/kg to 50000 mg/kg,,,https://forms.gle/ALxktWakYxGehtMa9
508,NABL,CHEMICAL- BIO- STIMULANT,Cell-free microbial product extract and Formulation,Clarity,European Pharmacopiea 9.2,50,15,100,1,18,118,ABRL PRO 092,NA,,,https://forms.gle/ZrVhayg6o6mkzWNy6
509,NABL,CHEMICAL- BIO- STIMULANT,Cell-free microbial product extract and Formulation,Cobalt as Co mg/kg,ABRL STP 043 (MP-AES),100,15,1000,1,180,1180,ABRL PRO 028,10 µg/kg to 100000 mg/kg,,,https://forms.gle/CYNtvab5hedeJEEMA
510,NABL,CHEMICAL- BIO- STIMULANT,Cell-free microbial product extract and Formulation,Colour,OPPTS 830.6302,50,15,100,1,18,118,ABRL PRO 092,NA,,,https://forms.gle/ZrVhayg6o6mkzWNy6
511,NABL,CHEMICAL- BIO- STIMULANT,Cell-free microbial product extract and Formulation,Conductivity µS/cm,FCO 1985 SCD IV Part D Cl.No.04,50,15,450,1,81,531,ABRL PRO 017,1 µS/cm to 50000 µS/cm,,,https://forms.gle/NjLm8u7U1By8uar4A
512,NABL,CHEMICAL- BIO- STIMULANT,Cell-free microbial product extract and Formulation,Conductivity µS/cm,IS 16556,50,15,450,1,81,531,ABRL PRO 017,1 µS/cm to 50000 µS/cm,,,https://forms.gle/NjLm8u7U1By8uar4A
513,NABL,CHEMICAL- BIO- STIMULANT,Cell-free microbial product extract and Formulation,Copper as Cu mg/kg,FCO 1985 SCD IV Part D Cl.No.10,50,15,600,1,108,708,ABRL PRO 060,10 µg/kg to 50000 mg/kg,,,https://forms.gle/ALxktWakYxGehtMa9
514,NABL,CHEMICAL- BIO- STIMULANT,Cell-free microbial product extract and Formulation,Copper as Cu mg/kg,IS 16556,50,15,600,1,108,708,ABRL PRO 060,10 µg/kg to 50000 mg/kg,,,https://forms.gle/ALxktWakYxGehtMa9
515,NABL,CHEMICAL- BIO- STIMULANT,Cell-free microbial product extract and Formulation,Density g/ml,FCO 1985 SCD IV Part D,50,15,350,1,63,413,ABRL PRO 041,0.500 to 2.500 g/ml,,,https://forms.gle/1ummEPEzcdMaeP1XA
516,NABL,CHEMICAL- BIO- STIMULANT,Cell-free microbial product extract and Formulation,Density g/ml,IS 16556,50,15,350,1,63,413,ABRL PRO 041,0.500 to 2.500 g/ml,,,https://forms.gle/1ummEPEzcdMaeP1XA
517,NABL,CHEMICAL- BIO- STIMULANT,Cell-free microbial product extract and Formulation,Dilution Stability,CIPAC MT 41,50,15,1500,1,270,1770,ABRL PRO 093,Not applicable,,,https://forms.gle/7WdUJ6YZ1kVrGfC77
518,NABL,CHEMICAL- BIO- STIMULANT,Cell-free microbial product extract and Formulation,Elemental Sulphur % w/w,FCO 1985 SCD II Part B Cl. No.24,50,15,400,1,72,472,ABRL PRO 011,0.1 % to 50 %,,,https://forms.gle/NEPfFA1GmooQ6YAg8
519,NABL,CHEMICAL- BIO- STIMULANT,Cell-free microbial product extract and Formulation,Folic acid % w/w,ABRL STP 001 (HPLC),50,15,3500,1,630,4130,ABRL PRO 002,0.005 % to 95 %,0.15 mg/kg,,https://forms.gle/ZVvz31MkZnjJX1X38
520,NABL,CHEMICAL- BIO- STIMULANT,Cell-free microbial product extract and Formulation,Formol nitrogen content % w/w,Thai industrial standard Page no.191,50,15,2000,1,360,2360,ABRL PRO 092,0.05 % to 50 %,,,https://forms.gle/Y7Ye6zMjosRonixA8
521,NABL,CHEMICAL- BIO- STIMULANT,Cell-free microbial product extract and Formulation,Free alkali as KOH % w/w,ABRL STP 038 (Titremetric),50,15,450,1,81,531,ABRL PRO 024,0.01 % to 50 %,,,https://forms.gle/UD2YCiGdzqo8VMFb6
522,NABL,CHEMICAL- BIO- STIMULANT,Cell-free microbial product extract and Formulation,Free alkali as NaOH % w/w,ABRL STP 038 (Titremetric),50,15,450,1,81,531,ABRL PRO 024,0.01 % to 50 %,,,https://forms.gle/UD2YCiGdzqo8VMFb6
523,NABL,CHEMICAL- BIO- STIMULANT,Cell-free microbial product extract and Formulation,Free amino nitrogen % w/w,ABRL STP 052 (Ninhydrin),50,15,1500,1,270,1770,ABRL PRO 044,0.001 % to 99 %,,,https://forms.gle/KnFSJs2pxi9pDKaTA
524,NABL,CHEMICAL- BIO- STIMULANT,Cell-free microbial product extract and Formulation,Fucoidan % w/w,ABRL STP 115 (HPLC),50,15,3500,1,630,4130,ABRL PRO 002,0.00001 % to 99 %,,,https://forms.gle/ZVvz31MkZnjJX1X38
525,NABL,CHEMICAL- BIO- STIMULANT,Cell-free microbial product extract and Formulation,Fulvic acid % w/w,ABRL STP 116 (Titrimetric),50,15,1000,1,180,1180,ABRL PRO 108,0.001 % to 60 %,,,https://forms.gle/rMyfSJtJSzRCT7Yj8
526,NABL,CHEMICAL- BIO- STIMULANT,Cell-free microbial product extract and Formulation,Gibbrellic Acid -3 (GA3) % w/w,ABRL STP 003 (HPLC),50,15,3500,1,630,4130,ABRL PRO 002,0.001 % to 97 %,0.17 mg/kg,,https://forms.gle/ZVvz31MkZnjJX1X38
527,NABL,CHEMICAL- BIO- STIMULANT,Cell-free microbial product extract and Formulation,Humic Acid % w/w,ISO 19822,50,15,4000,1,720,4720,ABRL PRO 029,1 % to 70 %,,,"https://forms.gle/BYPkiHP9Z2dBoFVs6 , https://forms.gle/NEPfFA1GmooQ6YAg8"
528,NABL,CHEMICAL- BIO- STIMULANT,Cell-free microbial product extract and Formulation,Hydrophobic fulvic acid % w/w,ISO 19822,50,15,4000,1,720,4720,ABRL PRO 029,1 % to 70 %,,,"https://forms.gle/BYPkiHP9Z2dBoFVs6 , https://forms.gle/NEPfFA1GmooQ6YAg8"
529,NABL,CHEMICAL- BIO- STIMULANT,Cell-free microbial product extract and Formulation,Indole Acetic Acid % w/w,ABRL STP 002 (HPLC),50,15,3500,1,630,4130,ABRL PRO 002,0.005 % to 99 %,0.14 mg/kg,,https://forms.gle/ZVvz31MkZnjJX1X38
530,NABL,CHEMICAL- BIO- STIMULANT,Cell-free microbial product extract and Formulation,Indole Butyric Acid % w/w,ABRL STP 022 (HPLC),50,15,3500,1,630,4130,ABRL PRO 002,0.003 % to 99 %,0.52 mg/kg,,https://forms.gle/ZVvz31MkZnjJX1X38
531,NABL,CHEMICAL- BIO- STIMULANT,Cell-free microbial product extract and Formulation,Inorganic matter (Ash) % w/w,Calculative based on FCO 1985 SCD IV Part D Cl.No.05,50,15,800,1,144,944,ABRL PRO 008,1 % to 55 %,,,https://forms.gle/b51JKPnT1J9kNucy8
532,NABL,CHEMICAL- BIO- STIMULANT,Cell-free microbial product extract and Formulation,Inorganic matter (Ash) % w/w,IS 16556,50,15,800,1,144,944,ABRL PRO 008,0.1 % to 99 %,,,https://forms.gle/b51JKPnT1J9kNucy8
533,NABL,CHEMICAL- BIO- STIMULANT,Cell-free microbial product extract and Formulation,Inorganic Nitrogen (Nitrate nitrogen) % w/w,FCO 1985 SCD II Part B Cl.No.03,50,15,1000,1,180,1180,ABRL PRO 055,0.1 % to 35 %,,,https://forms.gle/3CzKP7dHJ2b1ptPq6
534,NABL,CHEMICAL- BIO- STIMULANT,Cell-free microbial product extract and Formulation,Iron as Fe % w/w,ABRL STP 043 (MP-AES),50,15,1000,1,180,1180,ABRL PRO 028,10 µg/kg to 100000 mg/kg,,,https://forms.gle/CYNtvab5hedeJEEMA
535,NABL,CHEMICAL- BIO- STIMULANT,Cell-free microbial product extract and Formulation,K as K2O % w/w,IS 9497,,15,,,0,0,,,,,
536,NABL,CHEMICAL- BIO- STIMULANT,Cell-free microbial product extract and Formulation,Kinetin % w/w,ABRL STP 008 (HPLC),50,15,4000,1,720,4720,ABRL PRO 002,0.005 % to 99 %,0.03 mg/kg,,https://forms.gle/ZVvz31MkZnjJX1X38
537,NABL,CHEMICAL- BIO- STIMULANT,Cell-free microbial product extract and Formulation,Laminarin % w/w,ABRL STP 114 (HPLC),50,15,3500,1,630,4130,ABRL PRO 002,0.00001 % to 99 %,,,https://forms.gle/ZVvz31MkZnjJX1X38
538,NABL,CHEMICAL- BIO- STIMULANT,Cell-free microbial product extract and Formulation,Lead as Pb mg/kg,FCO 1985 SCD IV Part D Cl.No.10,50,15,600,1,108,708,ABRL PRO 060,10 µg/kg to 50000 mg/kg,,,https://forms.gle/ALxktWakYxGehtMa9
539,NABL,CHEMICAL- BIO- STIMULANT,Cell-free microbial product extract and Formulation,Lead as Pb mg/kg,IS 16556,50,15,600,1,108,708,ABRL PRO 060,10 µg/kg to 50000 mg/kg,,,https://forms.gle/ALxktWakYxGehtMa9
540,NABL,CHEMICAL- BIO- STIMULANT,Cell-free microbial product extract and Formulation,Magnesium as Mg mg/kg,ABRL STP 043 (MP-AES),50,15,1000,1,180,1180,ABRL PRO 028,10 µg/kg to 100000 mg/kg,,,https://forms.gle/CYNtvab5hedeJEEMA
541,NABL,CHEMICAL- BIO- STIMULANT,Cell-free microbial product extract and Formulation,Manganese as Mn mg/kg,ABRL STP 043 (MP-AES),50,15,1000,1,180,1180,ABRL PRO 028,10 µg/kg to 100000 mg/kg,,,https://forms.gle/CYNtvab5hedeJEEMA
542,NABL,CHEMICAL- BIO- STIMULANT,Cell-free microbial product extract and Formulation,Mannitol % w/w,ABRL STP 051 (HPLC),50,15,1500,1,270,1770,ABRL PRO 043,0.01 % to 95 %,,,https://forms.gle/Gx8Sx2CdHYh9FdJm7
543,NABL,CHEMICAL- BIO- STIMULANT,Cell-free microbial product extract and Formulation,Material Insoluble in water % w/w,CIPAC MT 10,50,15,350,1,63,413,ABRL PRO 020,0.1 % to 50 %,,,https://forms.gle/4mKKEZ5kDncKWzB86
544,NABL,CHEMICAL- BIO- STIMULANT,Cell-free microbial product extract and Formulation,Mercury as Hg mg/kg,FCO 1985 SCD IV Part D Cl.No.11,50,15,1000,1,180,1180,ABRL PRO 060,10 µg/kg to 50000 mg/kg,,,https://forms.gle/ALxktWakYxGehtMa9
545,NABL,CHEMICAL- BIO- STIMULANT,Cell-free microbial product extract and Formulation,Mercury as Hg mg/kg,IS 16556,50,15,1000,1,180,1180,ABRL PRO 060,10 µg/kg to 50000 mg/kg,,,https://forms.gle/ALxktWakYxGehtMa9
546,NABL,CHEMICAL- BIO- STIMULANT,Cell-free microbial product extract and Formulation,Moisture Content % w/w,FCO 1985 SCD IV Part D Cl.No.02,200,15,450,1,81,531,ABRL PRO 004,0.1 % to 65 %,,,https://forms.gle/r52g7ec3g7ZfoEhWA
547,NABL,CHEMICAL- BIO- STIMULANT,Cell-free microbial product extract and Formulation,Moisture Content % w/w,ABRL STP 090 (IR Balance),200,15,450,1,81,531,ABRL PRO 030,0.1 % to 65 %,,,https://forms.gle/GVr8x5kg84nXY8ML9
548,NABL,CHEMICAL- BIO- STIMULANT,Cell-free microbial product extract and Formulation,Moisture Content % w/w,IS 15106,50,15,450,1,81,531,ABRL PRO 004,0.01 % to 50 % w/w,,,https://forms.gle/r52g7ec3g7ZfoEhWA
549,NABL,CHEMICAL- BIO- STIMULANT,Cell-free microbial product extract and Formulation,Moisture Content % w/w,IS 16556,200,15,450,1,81,531,ABRL PRO 004,0.1 % to 65 %,,,https://forms.gle/r52g7ec3g7ZfoEhWA
550,NABL,CHEMICAL- BIO- STIMULANT,Cell-free microbial product extract and Formulation,Moisture Content % w/w,ISO 19822,50,15,500,1,90,590,ABRL PRO 004,1 % to 10 %,,,https://forms.gle/r52g7ec3g7ZfoEhWA
551,NABL,CHEMICAL- BIO- STIMULANT,Cell-free microbial product extract and Formulation,Molybdenum as Mo mg/kg,ABRL STP 043 (MP-AES),50,15,1000,1,180,1180,ABRL PRO 028,10 µg/kg to 100000 mg/kg,,,https://forms.gle/CYNtvab5hedeJEEMA
552,NABL,CHEMICAL- BIO- STIMULANT,Cell-free microbial product extract and Formulation,Myo-inositol % w/w,ABRL STP 113 (HPLC),50,15,3500,1,630,4130,ABRL PRO 002,0.00001 % to 99 %,,,https://forms.gle/ZVvz31MkZnjJX1X38
553,NABL,CHEMICAL- BIO- STIMULANT,Cell-free microbial product extract and Formulation,Na as Na2O % w/w,IS 9497,50,15,500,1,90,590,ABRL PRO 006,0.05% to 50 %,,,"https://forms.gle/xFDBDxZZHQdxNbVW8 , https://forms.gle/r52g7ec3g7ZfoEhWA"
554,NABL,CHEMICAL- BIO- STIMULANT,Cell-free microbial product extract and Formulation,Naphthyl Acetic Acid (NAA) % w/w,ABRL STP 071 (HPLC),50,15,3500,1,630,4130,ABRL PRO 002,0.0001% to 99 %,0.41 mg/kg,,https://forms.gle/ZVvz31MkZnjJX1X38
555,NABL,CHEMICAL- BIO- STIMULANT,Cell-free microbial product extract and Formulation,Nickel as Ni mg/kg,FCO 1985 SCD IV Part D Cl.No.10,50,15,600,1,108,708,ABRL PRO 060,10 µg/kg to 50000 mg/kg,,,https://forms.gle/ALxktWakYxGehtMa9
556,NABL,CHEMICAL- BIO- STIMULANT,Cell-free microbial product extract and Formulation,Nickel as Ni mg/kg,IS 16556,50,15,600,1,108,708,ABRL PRO 060,10 µg/kg to 50000 mg/kg,,,https://forms.gle/ALxktWakYxGehtMa9
557,NABL,CHEMICAL- BIO- STIMULANT,Cell-free microbial product extract and Formulation,Odor,OPPTS 830.6304,50,15,100,1,18,118,ABRL PRO 092,NA,,,https://forms.gle/ZrVhayg6o6mkzWNy6
558,NABL,CHEMICAL- BIO- STIMULANT,Cell-free microbial product extract and Formulation,Organic matter % w/w,FCO 1985 SCD IV Part D Cl.No.05,50,15,800,1,144,944,ABRL PRO 008, 0.1 % to 99 %,,,https://forms.gle/b51JKPnT1J9kNucy8
559,NABL,CHEMICAL- BIO- STIMULANT,Cell-free microbial product extract and Formulation,Organic matter % w/w,IS 16556,50,15,800,1,144,944,ABRL PRO 008, 0.1 % to 99 %,,,https://forms.gle/b51JKPnT1J9kNucy8
560,NABL,CHEMICAL- BIO- STIMULANT,Cell-free microbial product extract and Formulation,Particle size % w/w,FCO 1985 SCD IV Part D,100,15,300,1,54,354,ABRL PRO 061,0.1 % to 100 %,,,https://forms.gle/eSfFCX1syVcSxff18
561,NABL,CHEMICAL- BIO- STIMULANT,Cell-free microbial product extract and Formulation,Persistant foaming (ml),CIPAC MT 47,50,15,1000,1,180,1180,ABRL PRO 094,0.1 ml to 1000 ml,,,https://forms.gle/inQej5gjwJrvLm2S8
562,NABL,CHEMICAL- BIO- STIMULANT,Cell-free microbial product extract and Formulation,pH (% aqeous solution/ Liquid),ABRL STP 027(PH-Meter),100,15,350,1,63,413,ABRL PRO 001,1 to 14,,,https://forms.gle/sHECK8iCUHJm39wK9
563,NABL,CHEMICAL- BIO- STIMULANT,Cell-free microbial product extract and Formulation,pH ,FCO 1985 SCD II Part B Cl.No.08,200,15,350,1,63,413,ABRL PRO 001,1 to 14,,,https://forms.gle/sHECK8iCUHJm39wK9
564,NABL,CHEMICAL- BIO- STIMULANT,Cell-free microbial product extract and Formulation,pH ,FCO 1985 SCD IV Part D Cl.No.1,100,15,400,1,72,472,ABRL PRO 041,1 to 14,,Minimum sample handeling charge is to be considered if providing service lower than 500 Rs.,https://forms.gle/1ummEPEzcdMaeP1XA
565,NABL,CHEMICAL- BIO- STIMULANT,Cell-free microbial product extract and Formulation,pH,IS 16556,100,15,400,1,72,472,ABRL PRO 041,1 to 14,,Minimum sample handeling charge is to be considered if providing service lower than 500 Rs.,https://forms.gle/1ummEPEzcdMaeP1XA
566,NABL,CHEMICAL- BIO- STIMULANT,Cell-free microbial product extract and Formulation,Physical State (Form),OPPTS 830.6303,50,15,100,1,18,118,ABRL PRO 092,NA,,,https://forms.gle/ZrVhayg6o6mkzWNy6
567,NABL,CHEMICAL- BIO- STIMULANT,Cell-free microbial product extract and Formulation,Plant available silicon % w/w,FCO 1985 SCD II Part B Cl.No.29,50,15,1500,1,270,1770,ABRL PRO 069,0.01 % to 50 %,,,https://forms.gle/1ZzQ7V7cKb1dgmj4A
568,NABL,CHEMICAL- BIO- STIMULANT,Cell-free microbial product extract and Formulation,Potassium as K mg/kg,ABRL STP 043 (MP-AES),100,15,1000,1,180,1180,ABRL PRO 028,1 mg/kg to 500000 mg/kg,,,https://forms.gle/CYNtvab5hedeJEEMA
569,NABL,CHEMICAL- BIO- STIMULANT,Cell-free microbial product extract and Formulation,Pourability (Residue) % w/w,CIPAC MT 148,1000,15,2000,1,360,2360,ABRL PRO 095,0.1 % to 70 %,,,https://forms.gle/49mTRqwiD6QxDFU87
570,NABL,CHEMICAL- BIO- STIMULANT,Cell-free microbial product extract and Formulation,Pourability (Rinsed Residue) % w/w,CIPAC MT 148,1000,15,2000,1,360,2360,ABRL PRO 095,0.01 % to 50 %,,,https://forms.gle/49mTRqwiD6QxDFU87
571,NABL,CHEMICAL- BIO- STIMULANT,Cell-free microbial product extract and Formulation,Quercetin % w/w,ABRL STP 007 (HPLC),50,15,3500,1,630,4130,ABRL PRO 002,0.0001 % to 95 %,0.39 mg/kg,,https://forms.gle/ZVvz31MkZnjJX1X38
572,NABL,CHEMICAL- BIO- STIMULANT,Cell-free microbial product extract and Formulation,Shape ,ABRL STP 091,50,15,100,1,18,118,ABRL PRO 092,NA,,,https://forms.gle/ZrVhayg6o6mkzWNy6
573,NABL,CHEMICAL- BIO- STIMULANT,Cell-free microbial product extract and Formulation,Sodium as Na mg/kg,ABRL STP 043 (MP-AES),50,15,3500,1,630,4130,ABRL PRO 028,1 mg/kg to 500000 mg/kg,,,https://forms.gle/CYNtvab5hedeJEEMA
574,NABL,CHEMICAL- BIO- STIMULANT,Cell-free microbial product extract and Formulation,Solid Content % w/w,IS 15106,50,15,450,1,81,531,ABRL PRO 004,0.1 % to 99 % w/w,,,https://forms.gle/r52g7ec3g7ZfoEhWA
575,NABL,CHEMICAL- BIO- STIMULANT,Cell-free microbial product extract and Formulation,Solubility % w/w,ABRL STP 036 (Gravimetric),50,15,350,1,63,413,ABRL PRO 020,0.1 % to 100 %,,,https://forms.gle/4mKKEZ5kDncKWzB86
576,NABL,CHEMICAL- BIO- STIMULANT,Cell-free microbial product extract and Formulation,Specific gravity ,CIPAC MT 3,50,15,350,1,63,413,ABRL PRO 066,0.500 to 2.500 g/ml,,,https://forms.gle/WXPbz5i1fZHux8bM9
577,NABL,CHEMICAL- BIO- STIMULANT,Cell-free microbial product extract and Formulation,Specific gravity,FCO 1985 SCD II Part B,50,15,350,1,63,413,ABRL PRO 066,0.500 to 2.500 g/ml,,,https://forms.gle/WXPbz5i1fZHux8bM9
578,NABL,CHEMICAL- BIO- STIMULANT,Cell-free microbial product extract and Formulation,Strontium as Sr mg/kg,ABRL STP 043 (MP-AES),50,15,3500,1,630,4130,ABRL PRO 028,1 mg/kg to 500000 mg/kg,,,https://forms.gle/CYNtvab5hedeJEEMA
579,NABL,CHEMICAL- BIO- STIMULANT,Cell-free microbial product extract and Formulation,Sulphate Sulphur % w/w,FCO 1985 SCD II Part B Cl. No.24,50,15,800,1,144,944,ABRL PRO 011,0.1 % to 70 %,,,https://forms.gle/NEPfFA1GmooQ6YAg8
580,NABL,CHEMICAL- BIO- STIMULANT,Cell-free microbial product extract and Formulation,Suspensibility % w/w,CIPAC MT 161,100,15,2000,1,360,2360,ABRL PRO 096,0.1 % to 105 %,,,https://forms.gle/1KM8MciJYXpU9Noz8
581,NABL,CHEMICAL- BIO- STIMULANT,Cell-free microbial product extract and Formulation,Thiamin mononitrate (Vitamin B1) % w/w,ABRL STP 009 (HPLC),50,15,3500,1,630,4130,ABRL PRO 002,0.0001 % to 99 %,,,https://forms.gle/ZVvz31MkZnjJX1X38
582,NABL,CHEMICAL- BIO- STIMULANT,Cell-free microbial product extract and Formulation,Total Amino acid % w/w,ABRL STP 052 (Ninhydrin),50,15,1500,1,270,1770,ABRL PRO 044,0.001 % to 99 %,,,https://forms.gle/KnFSJs2pxi9pDKaTA
583,NABL,CHEMICAL- BIO- STIMULANT,Cell-free microbial product extract and Formulation,Total Amino Nitrogen % w/w,Thai industrial standard Page no. 191-193,1500,15,2000,1,360,2360,ABRL PRO 092,0.001 % to 99 %,,,https://forms.gle/KnFSJs2pxi9pDKaTA
584,NABL,CHEMICAL- BIO- STIMULANT,Cell-free microbial product extract and Formulation,Total Carbohydrate % w/w,ABRL STP 046 (Anthrone),50,15,1500,1,270,1770,ABRL PRO 035,0.001 % to 99 %,10.05 mg/kg,,https://forms.gle/QExDSnE6janEauz8A
585,NABL,CHEMICAL- BIO- STIMULANT,Cell-free microbial product extract and Formulation,Total Chloride % w/w,FCO 1985 SCD II Part B Cl.No.18,50,15,300,1,54,354,ABRL PRO 078,0.01 % to 99 %,,,https://forms.gle/k6tf57dYD8yuAbRD8
586,NABL,CHEMICAL- BIO- STIMULANT,Cell-free microbial product extract and Formulation,Total Dissolved Solids (TDS) % w/w,ABRL STP 098 (Gravimetric),100,15,350,1,63,413,ABRL PRO 097,0.01 % to 60 % ,,,https://forms.gle/JbV95JkQizSL42Vm8
587,NABL,CHEMICAL- BIO- STIMULANT,Cell-free microbial product extract and Formulation,Total Humic acid % w/w,ISO 5073,50,15,1200,1,216,1416,ABRL PRO 005,0.1 % to 99 %,,,https://forms.gle/kGrK8JuttwQrNZqp7
588,NABL,CHEMICAL- BIO- STIMULANT,Cell-free microbial product extract and Formulation,Total Nitrogen % w/w,FCO 1985 SCD IV Part D Cl.No.06,50,15,1000,1,180,1180,ABRL PRO 007,0.05 % to 35 %,,,https://forms.gle/Q3mPhs2GWZHCcP1T6
589,NABL,CHEMICAL- BIO- STIMULANT,Cell-free microbial product extract and Formulation,Total Nitrogen % w/w,IS 16556,50,15,1000,1,180,1180,ABRL PRO 007,0.05 % to 35 %,,,https://forms.gle/Q3mPhs2GWZHCcP1T6
590,NABL,CHEMICAL- BIO- STIMULANT,Cell-free microbial product extract and Formulation,Total Organic Carbon/Organic Carbon % w/w,FCO 1985 SCD IV Part D Cl.No.05,50,15,900,1,162,1062,ABRL PRO 008,1 % to 55 %,,,https://forms.gle/b51JKPnT1J9kNucy8
591,NABL,CHEMICAL- BIO- STIMULANT,Cell-free microbial product extract and Formulation,Total Organic Carbon/Organic Carbon % w/w,IS 16556,50,15,900,1,162,1062,ABRL PRO 008,1 % to 55 %,,,https://forms.gle/b51JKPnT1J9kNucy8
592,NABL,CHEMICAL- BIO- STIMULANT,Cell-free microbial product extract and Formulation,Total phosphorous as P2O5 % w/w,FCO 1985 SCD IV Part D Cl.No.08,50,15,1200,1,216,1416,ABRL PRO 060,0.05% to 35 %,,,https://forms.gle/ALxktWakYxGehtMa9
593,NABL,CHEMICAL- BIO- STIMULANT,Cell-free microbial product extract and Formulation,Total phosphorous as P2O5 % w/w,IS 16556,50,15,1200,1,216,1416,ABRL PRO 060,0.05% to 35 %,,,https://forms.gle/ALxktWakYxGehtMa9
594,NABL,CHEMICAL- BIO- STIMULANT,Cell-free microbial product extract and Formulation,Total Potash K & K as K2O % w/w,IS 16556,50,15,800,1,144,944,ABRL PRO 060,0.05 % to 35 %,,,https://forms.gle/ALxktWakYxGehtMa9
595,NABL,CHEMICAL- BIO- STIMULANT,Cell-free microbial product extract and Formulation,Total Potash K & K as K2O % w/w,FCO 1985 SCD IV Part D Cl.No.09,50,15,800,1,144,944,ABRL PRO 060,0.05 % to 35 %,,,https://forms.gle/ALxktWakYxGehtMa9
596,NABL,CHEMICAL- BIO- STIMULANT,Cell-free microbial product extract and Formulation,Total Protein % w/w,ABRL STP 016 (Folin-lowery),50,15,1500,1,270,1770,ABRL PRO 018,0.001 % to 99 %,,,https://forms.gle/NVvh6HsVcqMFKm8bA
597,NABL,CHEMICAL- BIO- STIMULANT,Cell-free microbial product extract and Formulation,Total protein Calculative % w/w,Calculative based on conversion factor (Kjeldahl),50,15,100,1,18,118,ABRL PRO 007,0.05 % to 99 %,,,https://forms.gle/Q3mPhs2GWZHCcP1T6
598,NABL,CHEMICAL- BIO- STIMULANT,Cell-free microbial product extract and Formulation,Total Sulphur % w/w,FCO 1985 SCD IV Part D Cl.No.15,100,15,1200,1,216,1416,ABRL PRO 011, 0.05 % to 50 %,,,https://forms.gle/NEPfFA1GmooQ6YAg8
599,NABL,CHEMICAL- BIO- STIMULANT,Cell-free microbial product extract and Formulation,Triacontanol % w/w,ABRL STP 011 (GC),50,15,3500,1,630,4130,ABRL PRO 003,0.05 % to 99 %,502 mg/kg,,https://forms.gle/SWkKy6Q53AmRiEDg9
600,NABL,CHEMICAL- BIO- STIMULANT,Cell-free microbial product extract and Formulation,Viscosity cps,CIPAC MT 22,500,15,1000,1,180,1180,ABRL PRO 051,1 to 25000 cps,,,https://forms.gle/xMxncb1RieE6p3Gr7
601,NABL,CHEMICAL- BIO- STIMULANT,Cell-free microbial product extract and Formulation,Water Insoluble Nitrogen % w/w,FCO 1985 SCD IV Part D Cl.No.14,50,15,1000,1,180,1180,ABRL PRO 083,0.05 % to 35 %,,,https://forms.gle/pWdSyPGRKo795T8EA
602,NABL,CHEMICAL- BIO- STIMULANT,Cell-free microbial product extract and Formulation,Water Solubility % w/w,ABRL STP 036 (Gravimetric),50,15,350,1,63,413,ABRL PRO 020,0.1 % to 99 %,,,https://forms.gle/4mKKEZ5kDncKWzB86
603,NABL,CHEMICAL- BIO- STIMULANT,Cell-free microbial product extract and Formulation,Water Soluble potash as K2O % w/w,FCO 1985 SCD IV Part D Cl.No.09,50,15,800,1,144,944,ABRL PRO 060,0.05 % to 35 %,,,https://forms.gle/ALxktWakYxGehtMa9
604,NABL,CHEMICAL- BIO- STIMULANT,Cell-free microbial product extract and Formulation,Zinc as Zn mg/kg,FCO 1985 SCD IV Part D Cl.No.10,50,15,600,1,108,708,ABRL PRO 060,10 µg/kg to 50000 mg/kg,,,https://forms.gle/ALxktWakYxGehtMa9
605,NABL,CHEMICAL- BIO- STIMULANT,Cell-free microbial product extract and Formulation,Zinc as Zn mg/kg,IS 16556,50,15,600,1,108,708,ABRL PRO 060,10 µg/kg to 50000 mg/kg,,,https://forms.gle/ALxktWakYxGehtMa9
606,NABL,CHEMICAL- BIO- STIMULANT,Vitamins Formulations,6 Benzyl Amino Purine (6-BAP) % w/w,ABRL STP 006 (HPLC),50,15,3500,1,630,4130,ABRL PRO 002,1 mg/kg to 990000 mg/kg,0.86 mg/kg,,https://forms.gle/ZVvz31MkZnjJX1X38
607,NABL,CHEMICAL- BIO- STIMULANT,Vitamins Formulations,Accelerated stability study,CIPAC MT 46,500 ml,22,40000,1,7200,47200,ABRL PRO 083,Not applicable,Not applicable,,
608,NABL,CHEMICAL- BIO- STIMULANT,Vitamins Formulations,Acid Insoluble Ash % w/w,FCO 1985 SCD IV Part D Cl. No. 14,50,15,800,1,144,944,ABRL PRO 053,0.1 % w/w to 50 % w/w,,,https://forms.gle/pVZ3UfnzgqWD7U4x7
609,NABL,CHEMICAL- BIO- STIMULANT,Vitamins Formulations,Acid soluble Ash % w/w,Calculative based on FCO 1985 SCD IV Part D Cl. No. 14,50,15,800,1,144,944,ABRL PRO 053,0.1 % w/w to 50 % w/w,,,https://forms.gle/pVZ3UfnzgqWD7U4x7
610,NABL,CHEMICAL- BIO- STIMULANT,Vitamins Formulations,Alginic Acid % w/w,ABRL STP 050 (HPLC),50,15,3500,1,630,4130,ABRL PRO 002,0.0001 % to 99 %,44.70 mg/kg,,https://forms.gle/ZVvz31MkZnjJX1X38
611,NABL,CHEMICAL- BIO- STIMULANT,Vitamins Formulations,Alpha-tocopherol (Vitamin E) % w/w,ABRL STP 010 (HPLC),50,15,3500,1,630,4130,ABRL PRO 002,0.0001 % to 99 %,,,https://forms.gle/ZVvz31MkZnjJX1X38
612,NABL,CHEMICAL- BIO- STIMULANT,Vitamins Formulations,Aluminium as Al mg/kg,ABRL STP 043 (MP-AES),50,15,1000,1,180,1180,ABRL PRO 028,10 µg/kg to 100000 mg/kg,,,https://forms.gle/CYNtvab5hedeJEEMA
613,NABL,CHEMICAL- BIO- STIMULANT,Vitamins Formulations,Ammoniacal nitrogen % w/w,FCO 1985 SCD II Part B Cl.No.03,50,15,600,1,108,708,ABRL PRO 014,0.1 % to 40 %,,,https://forms.gle/eCp5pXhcQKkRUFpd8
614,NABL,CHEMICAL- BIO- STIMULANT,Vitamins Formulations,Appereance ,ABRL STP 091,50,15,100,1,18,118,ABRL PRO 092,NA,,,https://forms.gle/ZrVhayg6o6mkzWNy6
615,NABL,CHEMICAL- BIO- STIMULANT,Vitamins Formulations,Arsenic as As/As2O3 mg/kg,FCO 1985 SCD IV Part D Cl. No. 12,50,15,1000,1,180,1180,ABRL PRO 060,10 µg/kg to 50000 mg/kg,,,https://forms.gle/ALxktWakYxGehtMa9
616,NABL,CHEMICAL- BIO- STIMULANT,Vitamins Formulations,Arsenic as As / AS2O3 mg/kg,IS 16556,50,15,1000,1,180,1180,ABRL PRO 060,10 µg/kg to 50000 mg/kg,,,https://forms.gle/ALxktWakYxGehtMa9
617,NABL,CHEMICAL- BIO- STIMULANT,Vitamins Formulations,Ascorbic acid % w/w,ABRL STP 005 (HPLC),50,15,3500,1,630,4130,ABRL PRO 002,0.00001 % to 99 %,,,https://forms.gle/ZVvz31MkZnjJX1X38
618,NABL,CHEMICAL- BIO- STIMULANT,Vitamins Formulations,Barium as Ba mg/kg,ABRL STP 043 (MP-AES),50,15,1000,1,180,1180,ABRL PRO 028,10 µg/kg to 100000 mg/kg,,,https://forms.gle/CYNtvab5hedeJEEMA
619,NABL,CHEMICAL- BIO- STIMULANT,Vitamins Formulations,Boron as B mg/kg,ABRL STP 043 (MP-AES),50,15,1000,1,180,1180,ABRL PRO 028,10 µg/kg to 100000 mg/kg,,,https://forms.gle/CYNtvab5hedeJEEMA
620,NABL,CHEMICAL- BIO- STIMULANT,Vitamins Formulations,C:N Ratio,FCO 1985 SCD IV Part D Cl.No. 07,50,15,100,1,18,118,ABRL PRO 008,Calculative,,,"https://forms.gle/b51JKPnT1J9kNucy8 , https://forms.gle/Q3mPhs2GWZHCcP1T6"
621,NABL,CHEMICAL- BIO- STIMULANT,Vitamins Formulations,C:N Ratio ,IS 16556,50,15,100,1,18,118,ABRL PRO 008,Calculative,,,"https://forms.gle/b51JKPnT1J9kNucy8 , https://forms.gle/Q3mPhs2GWZHCcP1T6"
622,NABL,CHEMICAL- BIO- STIMULANT,Vitamins Formulations,Cadmium as Cd mg/kg,FCO 1985 SCD IV Part D Cl.No.10,50,15,3200,1,576,3776,ABRL PRO 060,10 µg/kg to 50000 mg/kg,,,https://forms.gle/ALxktWakYxGehtMa9
623,NABL,CHEMICAL- BIO- STIMULANT,Vitamins Formulations,Cadmium as Cd mg/kg,IS 16556,50,15,3200,1,576,3776,ABRL PRO 060,10 µg/kg to 50000 mg/kg,,,https://forms.gle/ALxktWakYxGehtMa9
624,NABL,CHEMICAL- BIO- STIMULANT,Vitamins Formulations,Calcium as Ca mg/kg,ABRL STP 043 (MP-AES),50,15,1000,1,180,1180,ABRL PRO 028,1 mg/kg to 500000 mg/kg,,,https://forms.gle/CYNtvab5hedeJEEMA
625,NABL,CHEMICAL- BIO- STIMULANT,Vitamins Formulations,Carrabiitol % w/w,ABRL STP 092 (HPLC),100,15,3500,1,630,4130,,,,,
626,NABL,CHEMICAL- BIO- STIMULANT,Vitamins Formulations,Cation Exchange Capacity meq/g,ABRL STP 053 (MP-AES),50,15,1500,1,270,1770,ABRL PRO 045, 1 meq/g to 50000 meq/g,,,https://forms.gle/8X4X79vm56r7wuts8
627,NABL,CHEMICAL- BIO- STIMULANT,Vitamins Formulations,Chromium as Cr mg/kg,FCO 1985 SCD IV Part D Cl.No.10,50,15,600,1,108,708,ABRL PRO 060,10 µg/kg to 50000 mg/kg,,,https://forms.gle/ALxktWakYxGehtMa9
628,NABL,CHEMICAL- BIO- STIMULANT,Vitamins Formulations,Chromium as Cr mg/kg,IS 16556,50,15,600,,108,708,ABRL PRO 060,10 µg/kg to 50000 mg/kg,,,https://forms.gle/ALxktWakYxGehtMa9
629,NABL,CHEMICAL- BIO- STIMULANT,Vitamins Formulations,Clarity,European Pharmacopiea 9.2,50,15,100,1,18,118,ABRL PRO 092,NA,,,https://forms.gle/ZrVhayg6o6mkzWNy6
630,NABL,CHEMICAL- BIO- STIMULANT,Vitamins Formulations,Cobalt as Co mg/kg,ABRL STP 043 (MP-AES),100,15,1000,1,180,1180,ABRL PRO 028,10 µg/kg to 100000 mg/kg,,,https://forms.gle/CYNtvab5hedeJEEMA
631,NABL,CHEMICAL- BIO- STIMULANT,Vitamins Formulations,Colour,OPPTS 830.6302,50,15,100,1,18,118,ABRL PRO 092,NA,,,https://forms.gle/ZrVhayg6o6mkzWNy6
632,NABL,CHEMICAL- BIO- STIMULANT,Vitamins Formulations,Conductivity µS/cm,FCO 1985 SCD IV Part D Cl.No.04,50,15,450,1,81,531,ABRL PRO 017,1 µS/cm to 50000 µS/cm,,,https://forms.gle/NjLm8u7U1By8uar4A
633,NABL,CHEMICAL- BIO- STIMULANT,Vitamins Formulations,Conductivity µS/cm,IS 16556,50,15,450,1,81,531,ABRL PRO 017,1 µS/cm to 50000 µS/cm,,,https://forms.gle/NjLm8u7U1By8uar4A
634,NABL,CHEMICAL- BIO- STIMULANT,Vitamins Formulations,Copper as Cu mg/kg,FCO 1985 SCD IV Part D Cl.No.10,50,15,600,1,108,708,ABRL PRO 060,10 µg/kg to 50000 mg/kg,,,https://forms.gle/ALxktWakYxGehtMa9
635,NABL,CHEMICAL- BIO- STIMULANT,Vitamins Formulations,Copper as Cu mg/kg,IS 16556,50,15,600,1,108,708,ABRL PRO 060,10 µg/kg to 50000 mg/kg,,,https://forms.gle/ALxktWakYxGehtMa9
636,NABL,CHEMICAL- BIO- STIMULANT,Vitamins Formulations,Density g/ml,FCO 1985 SCD IV Part D,50,15,350,1,63,413,ABRL PRO 041,0.500 to 2.500 g/ml,,,https://forms.gle/1ummEPEzcdMaeP1XA
637,NABL,CHEMICAL- BIO- STIMULANT,Vitamins Formulations,Density g/ml,IS 16556,50,15,350,1,63,413,ABRL PRO 041,0.500 to 2.500 g/ml,,,https://forms.gle/1ummEPEzcdMaeP1XA
638,NABL,CHEMICAL- BIO- STIMULANT,Vitamins Formulations,Dilution Stability,CIPAC MT 41,50,15,1500,1,270,1770,ABRL PRO 093,Not applicable,,,https://forms.gle/7WdUJ6YZ1kVrGfC77
639,NABL,CHEMICAL- BIO- STIMULANT,Vitamins Formulations,Elemental Sulphur % w/w,FCO 1985 SCD II Part B Cl. No.24,50,15,400,1,72,472,ABRL PRO 011,0.1 % to 50 %,,,https://forms.gle/NEPfFA1GmooQ6YAg8
640,NABL,CHEMICAL- BIO- STIMULANT,Vitamins Formulations,Folic acid % w/w,ABRL STP 001 (HPLC),50,15,3500,1,630,4130,ABRL PRO 002,0.005 % to 95 %,0.15 mg/kg,,https://forms.gle/ZVvz31MkZnjJX1X38
641,NABL,CHEMICAL- BIO- STIMULANT,Vitamins Formulations,Formol nitrogen content % w/w,Thai industrial standard Page no.191,50,15,2000,1,360,2360,ABRL PRO 092,0.05 % to 50 %,,,https://forms.gle/Y7Ye6zMjosRonixA8
642,NABL,CHEMICAL- BIO- STIMULANT,Vitamins Formulations,Free alkali as KOH % w/w,ABRL STP 038 (Titremetric),50,15,450,1,81,531,ABRL PRO 024,0.01 % to 50 %,,,https://forms.gle/UD2YCiGdzqo8VMFb6
643,NABL,CHEMICAL- BIO- STIMULANT,Vitamins Formulations,Free alkali as NaOH % w/w,ABRL STP 038 (Titremetric),50,15,450,1,81,531,ABRL PRO 024,0.01 % to 50 %,,,https://forms.gle/UD2YCiGdzqo8VMFb6
644,NABL,CHEMICAL- BIO- STIMULANT,Vitamins Formulations,Free amino nitrogen % w/w,ABRL STP 052 (Ninhydrin),50,15,1500,1,270,1770,ABRL PRO 044,0.001 % to 99 %,,,https://forms.gle/KnFSJs2pxi9pDKaTA
645,NABL,CHEMICAL- BIO- STIMULANT,Vitamins Formulations,Fucoidan % w/w,ABRL STP 115 (HPLC),50,15,3500,1,630,4130,ABRL PRO 002,0.00001 % to 99 %,,,https://forms.gle/ZVvz31MkZnjJX1X38
646,NABL,CHEMICAL- BIO- STIMULANT,Vitamins Formulations,Fulvic acid % w/w,ABRL STP 116 (Titrimetric),50,15,1000,1,180,1180,ABRL PRO 108,0.001 % to 60 %,,,https://forms.gle/rMyfSJtJSzRCT7Yj8
647,NABL,CHEMICAL- BIO- STIMULANT,Vitamins Formulations,Gibbrellic Acid -3 (GA3) % w/w,ABRL STP 003 (HPLC),50,15,3500,1,630,4130,ABRL PRO 002,0.001 % to 97 %,0.17 mg/kg,,https://forms.gle/ZVvz31MkZnjJX1X38
648,NABL,CHEMICAL- BIO- STIMULANT,Vitamins Formulations,Humic Acid % w/w,ISO 19822,50,15,4000,1,720,4720,ABRL PRO 029,1 % to 70 %,,,"https://forms.gle/BYPkiHP9Z2dBoFVs6 , https://forms.gle/NEPfFA1GmooQ6YAg8"
649,NABL,CHEMICAL- BIO- STIMULANT,Vitamins Formulations,Hydrophobic fulvic acid % w/w,ISO 19822,50,15,4000,1,720,4720,ABRL PRO 029,1 % to 70 %,,,"https://forms.gle/BYPkiHP9Z2dBoFVs6 , https://forms.gle/NEPfFA1GmooQ6YAg8"
650,NABL,CHEMICAL- BIO- STIMULANT,Vitamins Formulations,Indole Acetic Acid % w/w,ABRL STP 002 (HPLC),50,15,3500,1,630,4130,ABRL PRO 002,0.005 % to 99 %,0.14 mg/kg,,https://forms.gle/ZVvz31MkZnjJX1X38
651,NABL,CHEMICAL- BIO- STIMULANT,Vitamins Formulations,Indole Butyric Acid % w/w,ABRL STP 022 (HPLC),50,15,3500,1,630,4130,ABRL PRO 002,0.003 % to 99 %,0.52 mg/kg,,https://forms.gle/ZVvz31MkZnjJX1X38
652,NABL,CHEMICAL- BIO- STIMULANT,Vitamins Formulations,Inorganic matter (Ash) % w/w,Calculative based on FCO 1985 SCD IV Part D Cl.No.05,50,15,800,1,144,944,ABRL PRO 008,1 % to 55 %,,,https://forms.gle/b51JKPnT1J9kNucy8
653,NABL,CHEMICAL- BIO- STIMULANT,Vitamins Formulations,Inorganic matter (Ash) % w/w,IS 16556,50,15,800,1,144,944,ABRL PRO 008,0.1 % to 99 %,,,https://forms.gle/b51JKPnT1J9kNucy8
654,NABL,CHEMICAL- BIO- STIMULANT,Vitamins Formulations,Inorganic Nitrogen (Nitrate nitrogen) % w/w,FCO 1985 SCD II Part B Cl.No.03,50,15,1000,1,180,1180,ABRL PRO 055,0.1 % to 35 %,,,https://forms.gle/3CzKP7dHJ2b1ptPq6
655,NABL,CHEMICAL- BIO- STIMULANT,Vitamins Formulations,Iron as Fe % w/w,ABRL STP 043 (MP-AES),50,15,1000,1,180,1180,ABRL PRO 028,10 µg/kg to 100000 mg/kg,,,https://forms.gle/CYNtvab5hedeJEEMA
656,NABL,CHEMICAL- BIO- STIMULANT,Vitamins Formulations,K as K2O % w/w,IS 9497,,15,,,0,0,,,,,
657,NABL,CHEMICAL- BIO- STIMULANT,Vitamins Formulations,Kinetin % w/w,ABRL STP 008 (HPLC),50,15,4000,1,720,4720,ABRL PRO 002,0.005 % to 99 %,0.03 mg/kg,,https://forms.gle/ZVvz31MkZnjJX1X38
658,NABL,CHEMICAL- BIO- STIMULANT,Vitamins Formulations,Laminarin % w/w,ABRL STP 114 (HPLC),50,15,3500,1,630,4130,ABRL PRO 002,0.00001 % to 99 %,,,https://forms.gle/ZVvz31MkZnjJX1X38
659,NABL,CHEMICAL- BIO- STIMULANT,Vitamins Formulations,Lead as Pb mg/kg,FCO 1985 SCD IV Part D Cl.No.10,50,15,600,1,108,708,ABRL PRO 060,10 µg/kg to 50000 mg/kg,,,https://forms.gle/ALxktWakYxGehtMa9
660,NABL,CHEMICAL- BIO- STIMULANT,Vitamins Formulations,Lead as Pb mg/kg,IS 16556,50,15,600,1,108,708,ABRL PRO 060,10 µg/kg to 50000 mg/kg,,,https://forms.gle/ALxktWakYxGehtMa9
661,NABL,CHEMICAL- BIO- STIMULANT,Vitamins Formulations,Magnesium as Mg mg/kg,ABRL STP 043 (MP-AES),50,15,1000,1,180,1180,ABRL PRO 028,10 µg/kg to 100000 mg/kg,,,https://forms.gle/CYNtvab5hedeJEEMA
662,NABL,CHEMICAL- BIO- STIMULANT,Vitamins Formulations,Manganese as Mn mg/kg,ABRL STP 043 (MP-AES),50,15,1000,1,180,1180,ABRL PRO 028,10 µg/kg to 100000 mg/kg,,,https://forms.gle/CYNtvab5hedeJEEMA
663,NABL,CHEMICAL- BIO- STIMULANT,Vitamins Formulations,Mannitol % w/w,ABRL STP 051 (HPLC),50,15,1500,1,270,1770,ABRL PRO 043,0.01 % to 95 %,,,https://forms.gle/Gx8Sx2CdHYh9FdJm7
664,NABL,CHEMICAL- BIO- STIMULANT,Vitamins Formulations,Material Insoluble in water % w/w,CIPAC MT 10,50,15,350,1,63,413,ABRL PRO 020,0.1 % to 50 %,,,https://forms.gle/4mKKEZ5kDncKWzB86
665,NABL,CHEMICAL- BIO- STIMULANT,Vitamins Formulations,Mercury as Hg mg/kg,FCO 1985 SCD IV Part D Cl.No.11,50,15,1000,1,180,1180,ABRL PRO 060,10 µg/kg to 50000 mg/kg,,,https://forms.gle/ALxktWakYxGehtMa9
666,NABL,CHEMICAL- BIO- STIMULANT,Vitamins Formulations,Mercury as Hg mg/kg,IS 16556,50,15,1000,1,180,1180,ABRL PRO 060,10 µg/kg to 50000 mg/kg,,,https://forms.gle/ALxktWakYxGehtMa9
667,NABL,CHEMICAL- BIO- STIMULANT,Vitamins Formulations,Moisture Content % w/w,FCO 1985 SCD IV Part D Cl.No.02,200,15,450,1,81,531,ABRL PRO 004,0.1 % to 65 %,,,https://forms.gle/r52g7ec3g7ZfoEhWA
668,NABL,CHEMICAL- BIO- STIMULANT,Vitamins Formulations,Moisture Content % w/w,ABRL STP 090 (IR Balance),200,15,450,1,81,531,ABRL PRO 030,0.1 % to 65 %,,,https://forms.gle/GVr8x5kg84nXY8ML9
669,NABL,CHEMICAL- BIO- STIMULANT,Vitamins Formulations,Moisture Content % w/w,IS 15106,50,15,450,1,81,531,ABRL PRO 004,0.01 % to 50 % w/w,,,https://forms.gle/r52g7ec3g7ZfoEhWA
670,NABL,CHEMICAL- BIO- STIMULANT,Vitamins Formulations,Moisture Content % w/w,IS 16556,200,15,450,1,81,531,ABRL PRO 004,0.1 % to 65 %,,,https://forms.gle/r52g7ec3g7ZfoEhWA
671,NABL,CHEMICAL- BIO- STIMULANT,Vitamins Formulations,Moisture Content % w/w,ISO 19822,50,15,500,1,90,590,ABRL PRO 004,1 % to 10 %,,,https://forms.gle/r52g7ec3g7ZfoEhWA
672,NABL,CHEMICAL- BIO- STIMULANT,Vitamins Formulations,Molybdenum as Mo mg/kg,ABRL STP 043 (MP-AES),50,15,1000,1,180,1180,ABRL PRO 028,10 µg/kg to 100000 mg/kg,,,https://forms.gle/CYNtvab5hedeJEEMA
673,NABL,CHEMICAL- BIO- STIMULANT,Vitamins Formulations,Myo-inositol % w/w,ABRL STP 113 (HPLC),50,15,3500,1,630,4130,ABRL PRO 002,0.00001 % to 99 %,,,https://forms.gle/ZVvz31MkZnjJX1X38
674,NABL,CHEMICAL- BIO- STIMULANT,Vitamins Formulations,Na as Na2O % w/w,IS 9497,50,15,500,1,90,590,ABRL PRO 006,0.05% to 50 %,,,"https://forms.gle/xFDBDxZZHQdxNbVW8 , https://forms.gle/r52g7ec3g7ZfoEhWA"
675,NABL,CHEMICAL- BIO- STIMULANT,Vitamins Formulations,Naphthyl Acetic Acid (NAA) % w/w,ABRL STP 071 (HPLC),50,15,3500,1,630,4130,ABRL PRO 002,0.0001% to 99 %,0.41 mg/kg,,https://forms.gle/ZVvz31MkZnjJX1X38
676,NABL,CHEMICAL- BIO- STIMULANT,Vitamins Formulations,Nickel as Ni mg/kg,FCO 1985 SCD IV Part D Cl.No.10,50,15,600,1,108,708,ABRL PRO 060,10 µg/kg to 50000 mg/kg,,,https://forms.gle/ALxktWakYxGehtMa9
677,NABL,CHEMICAL- BIO- STIMULANT,Vitamins Formulations,Nickel as Ni mg/kg,IS 16556,50,15,600,1,108,708,ABRL PRO 060,10 µg/kg to 50000 mg/kg,,,https://forms.gle/ALxktWakYxGehtMa9
678,NABL,CHEMICAL- BIO- STIMULANT,Vitamins Formulations,Odor,OPPTS 830.6304,50,15,100,1,18,118,ABRL PRO 092,NA,,,https://forms.gle/ZrVhayg6o6mkzWNy6
679,NABL,CHEMICAL- BIO- STIMULANT,Vitamins Formulations,Organic matter % w/w,FCO 1985 SCD IV Part D Cl.No.05,50,15,800,1,144,944,ABRL PRO 008, 0.1 % to 99 %,,,https://forms.gle/b51JKPnT1J9kNucy8
680,NABL,CHEMICAL- BIO- STIMULANT,Vitamins Formulations,Organic matter % w/w,IS 16556,50,15,800,1,144,944,ABRL PRO 008, 0.1 % to 99 %,,,https://forms.gle/b51JKPnT1J9kNucy8
681,NABL,CHEMICAL- BIO- STIMULANT,Vitamins Formulations,Particle size % w/w,FCO 1985 SCD IV Part D,100,15,300,1,54,354,ABRL PRO 061,0.1 % to 100 %,,,https://forms.gle/eSfFCX1syVcSxff18
682,NABL,CHEMICAL- BIO- STIMULANT,Vitamins Formulations,Persistant foaming (ml),CIPAC MT 47,50,15,1000,1,180,1180,ABRL PRO 094,0.1 ml to 1000 ml,,,https://forms.gle/inQej5gjwJrvLm2S8
683,NABL,CHEMICAL- BIO- STIMULANT,Vitamins Formulations,pH (% aqeous solution/ Liquid),ABRL STP 027(PH-Meter),100,15,350,1,63,413,ABRL PRO 001,1 to 14,,,https://forms.gle/sHECK8iCUHJm39wK9
684,NABL,CHEMICAL- BIO- STIMULANT,Vitamins Formulations,pH ,FCO 1985 SCD II Part B Cl.No.08,200,15,350,1,63,413,ABRL PRO 001,1 to 14,,,https://forms.gle/sHECK8iCUHJm39wK9
685,NABL,CHEMICAL- BIO- STIMULANT,Vitamins Formulations,pH ,FCO 1985 SCD IV Part D Cl.No.1,100,15,400,1,72,472,ABRL PRO 041,1 to 14,,Minimum sample handeling charge is to be considered if providing service lower than 500 Rs.,https://forms.gle/1ummEPEzcdMaeP1XA
686,NABL,CHEMICAL- BIO- STIMULANT,Vitamins Formulations,pH,IS 16556,100,15,400,1,72,472,ABRL PRO 041,1 to 14,,Minimum sample handeling charge is to be considered if providing service lower than 500 Rs.,https://forms.gle/1ummEPEzcdMaeP1XA
687,NABL,CHEMICAL- BIO- STIMULANT,Vitamins Formulations,Physical State (Form),OPPTS 830.6303,50,15,100,1,18,118,ABRL PRO 092,NA,,,https://forms.gle/ZrVhayg6o6mkzWNy6
688,NABL,CHEMICAL- BIO- STIMULANT,Vitamins Formulations,Plant available silicon % w/w,FCO 1985 SCD II Part B Cl.No.29,50,15,1500,1,270,1770,ABRL PRO 069,0.01 % to 50 %,,,https://forms.gle/1ZzQ7V7cKb1dgmj4A
689,NABL,CHEMICAL- BIO- STIMULANT,Vitamins Formulations,Potassium as K mg/kg,ABRL STP 043 (MP-AES),100,15,1000,1,180,1180,ABRL PRO 028,1 mg/kg to 500000 mg/kg,,,https://forms.gle/CYNtvab5hedeJEEMA
690,NABL,CHEMICAL- BIO- STIMULANT,Vitamins Formulations,Pourability (Residue) % w/w,CIPAC MT 148,1000,15,2000,1,360,2360,ABRL PRO 095,0.1 % to 70 %,,,https://forms.gle/49mTRqwiD6QxDFU87
691,NABL,CHEMICAL- BIO- STIMULANT,Vitamins Formulations,Pourability (Rinsed Residue) % w/w,CIPAC MT 148,1000,15,2000,1,360,2360,ABRL PRO 095,0.01 % to 50 %,,,https://forms.gle/49mTRqwiD6QxDFU87
692,NABL,CHEMICAL- BIO- STIMULANT,Vitamins Formulations,Quercetin % w/w,ABRL STP 007 (HPLC),50,15,3500,1,630,4130,ABRL PRO 002,0.0001 % to 95 %,0.39 mg/kg,,https://forms.gle/ZVvz31MkZnjJX1X38
693,NABL,CHEMICAL- BIO- STIMULANT,Vitamins Formulations,Shape ,ABRL STP 091,50,15,100,1,18,118,ABRL PRO 092,NA,,,https://forms.gle/ZrVhayg6o6mkzWNy6
694,NABL,CHEMICAL- BIO- STIMULANT,Vitamins Formulations,Sodium as Na mg/kg,ABRL STP 043 (MP-AES),50,15,3500,1,630,4130,ABRL PRO 028,1 mg/kg to 500000 mg/kg,,,https://forms.gle/CYNtvab5hedeJEEMA
695,NABL,CHEMICAL- BIO- STIMULANT,Vitamins Formulations,Solid Content % w/w,IS 15106,50,15,450,1,81,531,ABRL PRO 004,0.1 % to 99 % w/w,,,https://forms.gle/r52g7ec3g7ZfoEhWA
696,NABL,CHEMICAL- BIO- STIMULANT,Vitamins Formulations,Solubility % w/w,ABRL STP 036 (Gravimetric),50,15,350,1,63,413,ABRL PRO 020,0.1 % to 100 %,,,https://forms.gle/4mKKEZ5kDncKWzB86
697,NABL,CHEMICAL- BIO- STIMULANT,Vitamins Formulations,Specific gravity ,CIPAC MT 3,50,15,350,1,63,413,ABRL PRO 066,0.500 to 2.500 g/ml,,,https://forms.gle/WXPbz5i1fZHux8bM9
698,NABL,CHEMICAL- BIO- STIMULANT,Vitamins Formulations,Specific gravity,FCO 1985 SCD II Part B,50,15,350,1,63,413,ABRL PRO 066,0.500 to 2.500 g/ml,,,https://forms.gle/WXPbz5i1fZHux8bM9
699,NABL,CHEMICAL- BIO- STIMULANT,Vitamins Formulations,Strontium as Sr mg/kg,ABRL STP 043 (MP-AES),50,15,3500,1,630,4130,ABRL PRO 028,1 mg/kg to 500000 mg/kg,,,https://forms.gle/CYNtvab5hedeJEEMA
700,NABL,CHEMICAL- BIO- STIMULANT,Vitamins Formulations,Sulphate Sulphur % w/w,FCO 1985 SCD II Part B Cl. No.24,50,15,800,1,144,944,ABRL PRO 011,0.1 % to 70 %,,,https://forms.gle/NEPfFA1GmooQ6YAg8
701,NABL,CHEMICAL- BIO- STIMULANT,Vitamins Formulations,Suspensibility % w/w,CIPAC MT 161,100,15,2000,1,360,2360,ABRL PRO 096,0.1 % to 105 %,,,https://forms.gle/1KM8MciJYXpU9Noz8
702,NABL,CHEMICAL- BIO- STIMULANT,Vitamins Formulations,Thiamin mononitrate (Vitamin B1) % w/w,ABRL STP 009 (HPLC),50,15,3500,1,630,4130,ABRL PRO 002,0.0001 % to 99 %,,,https://forms.gle/ZVvz31MkZnjJX1X38
703,NABL,CHEMICAL- BIO- STIMULANT,Vitamins Formulations,Total Amino acid % w/w,ABRL STP 052 (Ninhydrin),50,15,1500,1,270,1770,ABRL PRO 044,0.001 % to 99 %,,,https://forms.gle/KnFSJs2pxi9pDKaTA
704,NABL,CHEMICAL- BIO- STIMULANT,Vitamins Formulations,Total Amino Nitrogen % w/w,Thai industrial standard Page no. 191-193,1500,15,2000,1,360,2360,ABRL PRO 092,0.001 % to 99 %,,,https://forms.gle/KnFSJs2pxi9pDKaTA
705,NABL,CHEMICAL- BIO- STIMULANT,Vitamins Formulations,Total Carbohydrate % w/w,ABRL STP 046 (Anthrone),50,15,1500,1,270,1770,ABRL PRO 035,0.001 % to 99 %,10.05 mg/kg,,https://forms.gle/QExDSnE6janEauz8A
706,NABL,CHEMICAL- BIO- STIMULANT,Vitamins Formulations,Total Chloride % w/w,FCO 1985 SCD II Part B Cl.No.18,50,15,300,1,54,354,ABRL PRO 078,0.01 % to 99 %,,,https://forms.gle/k6tf57dYD8yuAbRD8
707,NABL,CHEMICAL- BIO- STIMULANT,Vitamins Formulations,Total Dissolved Solids (TDS) % w/w,ABRL STP 098 (Gravimetric),100,15,350,1,63,413,ABRL PRO 097,0.01 % to 60 % ,,,https://forms.gle/JbV95JkQizSL42Vm8
708,NABL,CHEMICAL- BIO- STIMULANT,Vitamins Formulations,Total Humic acid % w/w,ISO 5073,50,15,1200,1,216,1416,ABRL PRO 005,0.1 % to 99 %,,,https://forms.gle/kGrK8JuttwQrNZqp7
709,NABL,CHEMICAL- BIO- STIMULANT,Vitamins Formulations,Total Nitrogen % w/w,FCO 1985 SCD IV Part D Cl.No.06,50,15,1000,1,180,1180,ABRL PRO 007,0.05 % to 35 %,,,https://forms.gle/Q3mPhs2GWZHCcP1T6
710,NABL,CHEMICAL- BIO- STIMULANT,Vitamins Formulations,Total Nitrogen % w/w,IS 16556,50,15,1000,1,180,1180,ABRL PRO 007,0.05 % to 35 %,,,https://forms.gle/Q3mPhs2GWZHCcP1T6
711,NABL,CHEMICAL- BIO- STIMULANT,Vitamins Formulations,Total Organic Carbon/Organic Carbon % w/w,FCO 1985 SCD IV Part D Cl.No.05,50,15,900,1,162,1062,ABRL PRO 008,1 % to 55 %,,,https://forms.gle/b51JKPnT1J9kNucy8
712,NABL,CHEMICAL- BIO- STIMULANT,Vitamins Formulations,Total Organic Carbon/Organic Carbon % w/w,IS 16556,50,15,900,1,162,1062,ABRL PRO 008,1 % to 55 %,,,https://forms.gle/b51JKPnT1J9kNucy8
713,NABL,CHEMICAL- BIO- STIMULANT,Vitamins Formulations,Total phosphorous as P2O5 % w/w,FCO 1985 SCD IV Part D Cl.No.08,50,15,1200,1,216,1416,ABRL PRO 060,0.05% to 35 %,,,https://forms.gle/ALxktWakYxGehtMa9
714,NABL,CHEMICAL- BIO- STIMULANT,Vitamins Formulations,Total phosphorous as P2O5 % w/w,IS 16556,50,15,1200,1,216,1416,ABRL PRO 060,0.05% to 35 %,,,https://forms.gle/ALxktWakYxGehtMa9
715,NABL,CHEMICAL- BIO- STIMULANT,Vitamins Formulations,Total Potash K & K as K2O % w/w,IS 16556,50,15,800,1,144,944,ABRL PRO 060,0.05 % to 35 %,,,https://forms.gle/ALxktWakYxGehtMa9
716,NABL,CHEMICAL- BIO- STIMULANT,Vitamins Formulations,Total Potash K & K as K2O % w/w,FCO 1985 SCD IV Part D Cl.No.09,50,15,800,1,144,944,ABRL PRO 060,0.05 % to 35 %,,,https://forms.gle/ALxktWakYxGehtMa9
717,NABL,CHEMICAL- BIO- STIMULANT,Vitamins Formulations,Total Protein % w/w,ABRL STP 016 (Folin-lowery),50,15,1500,1,270,1770,ABRL PRO 018,0.001 % to 99 %,,,https://forms.gle/NVvh6HsVcqMFKm8bA
718,NABL,CHEMICAL- BIO- STIMULANT,Vitamins Formulations,Total protein Calculative % w/w,Calculative based on conversion factor (Kjeldahl),50,15,100,1,18,118,ABRL PRO 007,0.05 % to 99 %,,,https://forms.gle/Q3mPhs2GWZHCcP1T6
719,NABL,CHEMICAL- BIO- STIMULANT,Vitamins Formulations,Total Sulphur % w/w,FCO 1985 SCD IV Part D Cl.No.15,100,15,1200,1,216,1416,ABRL PRO 011, 0.05 % to 50 %,,,https://forms.gle/NEPfFA1GmooQ6YAg8
720,NABL,CHEMICAL- BIO- STIMULANT,Vitamins Formulations,Triacontanol % w/w,ABRL STP 011 (GC),50,15,3500,1,630,4130,ABRL PRO 003,0.05 % to 99 %,502 mg/kg,,https://forms.gle/SWkKy6Q53AmRiEDg9
721,NABL,CHEMICAL- BIO- STIMULANT,Vitamins Formulations,Viscosity cps,CIPAC MT 22,500,15,1000,1,180,1180,ABRL PRO 051,1 to 25000 cps,,,https://forms.gle/xMxncb1RieE6p3Gr7
722,NABL,CHEMICAL- BIO- STIMULANT,Vitamins Formulations,Water Insoluble Nitrogen % w/w,FCO 1985 SCD IV Part D Cl.No.14,50,15,1000,1,180,1180,ABRL PRO 083,0.05 % to 35 %,,,https://forms.gle/pWdSyPGRKo795T8EA
723,NABL,CHEMICAL- BIO- STIMULANT,Vitamins Formulations,Water Solubility % w/w,ABRL STP 036 (Gravimetric),50,15,350,1,63,413,ABRL PRO 020,0.1 % to 99 %,,,https://forms.gle/4mKKEZ5kDncKWzB86
724,NABL,CHEMICAL- BIO- STIMULANT,Vitamins Formulations,Water Soluble potash as K2O % w/w,FCO 1985 SCD IV Part D Cl.No.09,50,15,800,1,144,944,ABRL PRO 060,0.05 % to 35 %,,,https://forms.gle/ALxktWakYxGehtMa9
725,NABL,CHEMICAL- BIO- STIMULANT,Vitamins Formulations,Zinc as Zn mg/kg,FCO 1985 SCD IV Part D Cl.No.10,50,15,600,1,108,708,ABRL PRO 060,10 µg/kg to 50000 mg/kg,,,https://forms.gle/ALxktWakYxGehtMa9
726,NABL,CHEMICAL- BIO- STIMULANT,Vitamins Formulations,Zinc as Zn mg/kg,IS 16556,50,15,600,1,108,708,ABRL PRO 060,10 µg/kg to 50000 mg/kg,,,https://forms.gle/ALxktWakYxGehtMa9
727,NABL,CHEMICAL- BIO- STIMULANT,Humic acid and their Formulations,6 Benzyl Amino Purine (6-BAP) % w/w,ABRL STP 006 (HPLC),50,15,3500,1,630,4130,ABRL PRO 002,1 mg/kg to 990000 mg/kg,0.86 mg/kg,,https://forms.gle/ZVvz31MkZnjJX1X38
728,NABL,CHEMICAL- BIO- STIMULANT,Humic acid and their Formulations,Accelerated stability study,CIPAC MT 46,500 ml,22,40000,1,7200,47200,ABRL PRO 083,Not applicable,Not applicable,,
729,NABL,CHEMICAL- BIO- STIMULANT,Humic acid and their Formulations,Acid Insoluble Ash % w/w,FCO 1985 SCD IV Part D Cl. No. 14,50,15,800,1,144,944,ABRL PRO 053,0.1 % w/w to 50 % w/w,,,https://forms.gle/pVZ3UfnzgqWD7U4x7
730,NABL,CHEMICAL- BIO- STIMULANT,Humic acid and their Formulations,Acid soluble Ash % w/w,Calculative based on FCO 1985 SCD IV Part D Cl. No. 14,50,15,800,1,144,944,ABRL PRO 053,0.1 % w/w to 50 % w/w,,,https://forms.gle/pVZ3UfnzgqWD7U4x7
731,NABL,CHEMICAL- BIO- STIMULANT,Humic acid and their Formulations,Alginic Acid % w/w,ABRL STP 050 (HPLC),50,15,3500,1,630,4130,ABRL PRO 002,0.0001 % to 99 %,44.70 mg/kg,,https://forms.gle/ZVvz31MkZnjJX1X38
732,NABL,CHEMICAL- BIO- STIMULANT,Humic acid and their Formulations,Alpha-tocopherol (Vitamin E) % w/w,ABRL STP 010 (HPLC),50,15,3500,1,630,4130,ABRL PRO 002,0.0001 % to 99 %,,,https://forms.gle/ZVvz31MkZnjJX1X38
733,NABL,CHEMICAL- BIO- STIMULANT,Humic acid and their Formulations,Aluminium as Al mg/kg,ABRL STP 043 (MP-AES),50,15,1000,1,180,1180,ABRL PRO 028,10 µg/kg to 100000 mg/kg,,,https://forms.gle/CYNtvab5hedeJEEMA
734,NABL,CHEMICAL- BIO- STIMULANT,Humic acid and their Formulations,Ammoniacal nitrogen % w/w,FCO 1985 SCD II Part B Cl.No.03,50,15,600,1,108,708,ABRL PRO 014,0.1 % to 40 %,,,https://forms.gle/eCp5pXhcQKkRUFpd8
735,NABL,CHEMICAL- BIO- STIMULANT,Humic acid and their Formulations,Appereance ,ABRL STP 091,50,15,100,1,18,118,ABRL PRO 092,NA,,,https://forms.gle/ZrVhayg6o6mkzWNy6
736,NABL,CHEMICAL- BIO- STIMULANT,Humic acid and their Formulations,Arsenic as As/As2O3 mg/kg,FCO 1985 SCD IV Part D Cl. No. 12,50,15,1000,1,180,1180,ABRL PRO 060,10 µg/kg to 50000 mg/kg,,,https://forms.gle/ALxktWakYxGehtMa9
737,NABL,CHEMICAL- BIO- STIMULANT,Humic acid and their Formulations,Arsenic as As / AS2O3 mg/kg,IS 16556,50,15,1000,1,180,1180,ABRL PRO 060,10 µg/kg to 50000 mg/kg,,,https://forms.gle/ALxktWakYxGehtMa9
738,NABL,CHEMICAL- BIO- STIMULANT,Humic acid and their Formulations,Ascorbic acid % w/w,ABRL STP 005 (HPLC),50,15,3500,1,630,4130,ABRL PRO 002,0.00001 % to 99 %,,,https://forms.gle/ZVvz31MkZnjJX1X38
739,NABL,CHEMICAL- BIO- STIMULANT,Humic acid and their Formulations,Barium as Ba mg/kg,ABRL STP 043 (MP-AES),50,15,1000,1,180,1180,ABRL PRO 028,10 µg/kg to 100000 mg/kg,,,https://forms.gle/CYNtvab5hedeJEEMA
740,NABL,CHEMICAL- BIO- STIMULANT,Humic acid and their Formulations,Boron as B mg/kg,ABRL STP 043 (MP-AES),50,15,1000,1,180,1180,ABRL PRO 028,10 µg/kg to 100000 mg/kg,,,https://forms.gle/CYNtvab5hedeJEEMA
741,NABL,CHEMICAL- BIO- STIMULANT,Humic acid and their Formulations,C:N Ratio,FCO 1985 SCD IV Part D Cl.No. 07,50,15,100,1,18,118,ABRL PRO 008,Calculative,,,"https://forms.gle/b51JKPnT1J9kNucy8 , https://forms.gle/Q3mPhs2GWZHCcP1T6"
742,NABL,CHEMICAL- BIO- STIMULANT,Humic acid and their Formulations,C:N Ratio ,IS 16556,50,15,100,1,18,118,ABRL PRO 008,Calculative,,,"https://forms.gle/b51JKPnT1J9kNucy8 , https://forms.gle/Q3mPhs2GWZHCcP1T6"
743,NABL,CHEMICAL- BIO- STIMULANT,Humic acid and their Formulations,Cadmium as Cd mg/kg,FCO 1985 SCD IV Part D Cl.No.10,50,15,3200,1,576,3776,ABRL PRO 060,10 µg/kg to 50000 mg/kg,,,https://forms.gle/ALxktWakYxGehtMa9
744,NABL,CHEMICAL- BIO- STIMULANT,Humic acid and their Formulations,Cadmium as Cd mg/kg,IS 16556,50,15,3200,1,576,3776,ABRL PRO 060,10 µg/kg to 50000 mg/kg,,,https://forms.gle/ALxktWakYxGehtMa9
745,NABL,CHEMICAL- BIO- STIMULANT,Humic acid and their Formulations,Calcium as Ca mg/kg,ABRL STP 043 (MP-AES),50,15,1000,1,180,1180,ABRL PRO 028,1 mg/kg to 500000 mg/kg,,,https://forms.gle/CYNtvab5hedeJEEMA
746,NABL,CHEMICAL- BIO- STIMULANT,Humic acid and their Formulations,Carrabiitol % w/w,ABRL STP 092 (HPLC),100,15,3500,1,630,4130,,,,,
747,NABL,CHEMICAL- BIO- STIMULANT,Humic acid and their Formulations,Cation Exchange Capacity meq/g,ABRL STP 053 (MP-AES),50,15,1500,1,270,1770,ABRL PRO 045, 1 meq/g to 50000 meq/g,,,https://forms.gle/8X4X79vm56r7wuts8
748,NABL,CHEMICAL- BIO- STIMULANT,Humic acid and their Formulations,Chromium as Cr mg/kg,FCO 1985 SCD IV Part D Cl.No.10,50,15,600,1,108,708,ABRL PRO 060,10 µg/kg to 50000 mg/kg,,,https://forms.gle/ALxktWakYxGehtMa9
749,NABL,CHEMICAL- BIO- STIMULANT,Humic acid and their Formulations,Chromium as Cr mg/kg,IS 16556,50,15,600,,108,708,ABRL PRO 060,10 µg/kg to 50000 mg/kg,,,https://forms.gle/ALxktWakYxGehtMa9
750,NABL,CHEMICAL- BIO- STIMULANT,Humic acid and their Formulations,Clarity,European Pharmacopiea 9.2,50,15,100,1,18,118,ABRL PRO 092,NA,,,https://forms.gle/ZrVhayg6o6mkzWNy6
751,NABL,CHEMICAL- BIO- STIMULANT,Humic acid and their Formulations,Cobalt as Co mg/kg,ABRL STP 043 (MP-AES),100,15,1000,1,180,1180,ABRL PRO 028,10 µg/kg to 100000 mg/kg,,,https://forms.gle/CYNtvab5hedeJEEMA
752,NABL,CHEMICAL- BIO- STIMULANT,Humic acid and their Formulations,Colour,OPPTS 830.6302,50,15,100,1,18,118,ABRL PRO 092,NA,,,https://forms.gle/ZrVhayg6o6mkzWNy6
753,NABL,CHEMICAL- BIO- STIMULANT,Humic acid and their Formulations,Conductivity µS/cm,FCO 1985 SCD IV Part D Cl.No.04,50,15,450,1,81,531,ABRL PRO 017,1 µS/cm to 50000 µS/cm,,,https://forms.gle/NjLm8u7U1By8uar4A
754,NABL,CHEMICAL- BIO- STIMULANT,Humic acid and their Formulations,Conductivity µS/cm,IS 16556,50,15,450,1,81,531,ABRL PRO 017,1 µS/cm to 50000 µS/cm,,,https://forms.gle/NjLm8u7U1By8uar4A
755,NABL,CHEMICAL- BIO- STIMULANT,Humic acid and their Formulations,Copper as Cu mg/kg,FCO 1985 SCD IV Part D Cl.No.10,50,15,600,1,108,708,ABRL PRO 060,10 µg/kg to 50000 mg/kg,,,https://forms.gle/ALxktWakYxGehtMa9
756,NABL,CHEMICAL- BIO- STIMULANT,Humic acid and their Formulations,Copper as Cu mg/kg,IS 16556,50,15,600,1,108,708,ABRL PRO 060,10 µg/kg to 50000 mg/kg,,,https://forms.gle/ALxktWakYxGehtMa9
757,NABL,CHEMICAL- BIO- STIMULANT,Humic acid and their Formulations,Density g/ml,FCO 1985 SCD IV Part D,50,15,350,1,63,413,ABRL PRO 041,0.500 to 2.500 g/ml,,,https://forms.gle/1ummEPEzcdMaeP1XA
758,NABL,CHEMICAL- BIO- STIMULANT,Humic acid and their Formulations,Density g/ml,IS 16556,50,15,350,1,63,413,ABRL PRO 041,0.500 to 2.500 g/ml,,,https://forms.gle/1ummEPEzcdMaeP1XA
759,NABL,CHEMICAL- BIO- STIMULANT,Humic acid and their Formulations,Dilution Stability,CIPAC MT 41,50,15,1500,1,270,1770,ABRL PRO 093,Not applicable,,,https://forms.gle/7WdUJ6YZ1kVrGfC77
760,NABL,CHEMICAL- BIO- STIMULANT,Humic acid and their Formulations,Elemental Sulphur % w/w,FCO 1985 SCD II Part B Cl. No.24,50,15,400,1,72,472,ABRL PRO 011,0.1 % to 50 %,,,https://forms.gle/NEPfFA1GmooQ6YAg8
761,NABL,CHEMICAL- BIO- STIMULANT,Humic acid and their Formulations,Folic acid % w/w,ABRL STP 001 (HPLC),50,15,3500,1,630,4130,ABRL PRO 002,0.005 % to 95 %,0.15 mg/kg,,https://forms.gle/ZVvz31MkZnjJX1X38
762,NABL,CHEMICAL- BIO- STIMULANT,Humic acid and their Formulations,Formol nitrogen content % w/w,Thai industrial standard Page no.191,50,15,2000,1,360,2360,ABRL PRO 092,0.05 % to 50 %,,,https://forms.gle/Y7Ye6zMjosRonixA8
763,NABL,CHEMICAL- BIO- STIMULANT,Humic acid and their Formulations,Free alkali as KOH % w/w,ABRL STP 038 (Titremetric),50,15,450,1,81,531,ABRL PRO 024,0.01 % to 50 %,,,https://forms.gle/UD2YCiGdzqo8VMFb6
764,NABL,CHEMICAL- BIO- STIMULANT,Humic acid and their Formulations,Free alkali as NaOH % w/w,ABRL STP 038 (Titremetric),50,15,450,1,81,531,ABRL PRO 024,0.01 % to 50 %,,,https://forms.gle/UD2YCiGdzqo8VMFb6
765,NABL,CHEMICAL- BIO- STIMULANT,Humic acid and their Formulations,Free amino nitrogen % w/w,ABRL STP 052 (Ninhydrin),50,15,1500,1,270,1770,ABRL PRO 044,0.001 % to 99 %,,,https://forms.gle/KnFSJs2pxi9pDKaTA
766,NABL,CHEMICAL- BIO- STIMULANT,Humic acid and their Formulations,Fucoidan % w/w,ABRL STP 115 (HPLC),50,15,3500,1,630,4130,ABRL PRO 002,0.00001 % to 99 %,,,https://forms.gle/ZVvz31MkZnjJX1X38
767,NABL,CHEMICAL- BIO- STIMULANT,Humic acid and their Formulations,Fulvic acid % w/w,ABRL STP 116 (Titrimetric),50,15,1000,1,180,1180,ABRL PRO 108,0.001 % to 60 %,,,https://forms.gle/rMyfSJtJSzRCT7Yj8
768,NABL,CHEMICAL- BIO- STIMULANT,Humic acid and their Formulations,Gibbrellic Acid -3 (GA3) % w/w,ABRL STP 003 (HPLC),50,15,3500,1,630,4130,ABRL PRO 002,0.001 % to 97 %,0.17 mg/kg,,https://forms.gle/ZVvz31MkZnjJX1X38
769,NABL,CHEMICAL- BIO- STIMULANT,Humic acid and their Formulations,Humic Acid % w/w,ISO 19822,50,15,4000,1,720,4720,ABRL PRO 029,1 % to 70 %,,,"https://forms.gle/BYPkiHP9Z2dBoFVs6 , https://forms.gle/NEPfFA1GmooQ6YAg8"
770,NABL,CHEMICAL- BIO- STIMULANT,Humic acid and their Formulations,Hydrophobic fulvic acid % w/w,ISO 19822,50,15,4000,1,720,4720,ABRL PRO 029,1 % to 70 %,,,"https://forms.gle/BYPkiHP9Z2dBoFVs6 , https://forms.gle/NEPfFA1GmooQ6YAg8"
771,NABL,CHEMICAL- BIO- STIMULANT,Humic acid and their Formulations,Indole Acetic Acid % w/w,ABRL STP 002 (HPLC),50,15,3500,1,630,4130,ABRL PRO 002,0.005 % to 99 %,0.14 mg/kg,,https://forms.gle/ZVvz31MkZnjJX1X38
772,NABL,CHEMICAL- BIO- STIMULANT,Humic acid and their Formulations,Indole Butyric Acid % w/w,ABRL STP 022 (HPLC),50,15,3500,1,630,4130,ABRL PRO 002,0.003 % to 99 %,0.52 mg/kg,,https://forms.gle/ZVvz31MkZnjJX1X38
773,NABL,CHEMICAL- BIO- STIMULANT,Humic acid and their Formulations,Inorganic matter (Ash) % w/w,Calculative based on FCO 1985 SCD IV Part D Cl.No.05,50,15,800,1,144,944,ABRL PRO 008,1 % to 55 %,,,https://forms.gle/b51JKPnT1J9kNucy8
774,NABL,CHEMICAL- BIO- STIMULANT,Humic acid and their Formulations,Inorganic matter (Ash) % w/w,IS 16556,50,15,800,1,144,944,ABRL PRO 008,0.1 % to 99 %,,,https://forms.gle/b51JKPnT1J9kNucy8
775,NABL,CHEMICAL- BIO- STIMULANT,Humic acid and their Formulations,Inorganic Nitrogen (Nitrate nitrogen) % w/w,FCO 1985 SCD II Part B Cl.No.03,50,15,1000,1,180,1180,ABRL PRO 055,0.1 % to 35 %,,,https://forms.gle/3CzKP7dHJ2b1ptPq6
776,NABL,CHEMICAL- BIO- STIMULANT,Humic acid and their Formulations,Iron as Fe % w/w,ABRL STP 043 (MP-AES),50,15,1000,1,180,1180,ABRL PRO 028,10 µg/kg to 100000 mg/kg,,,https://forms.gle/CYNtvab5hedeJEEMA
777,NABL,CHEMICAL- BIO- STIMULANT,Humic acid and their Formulations,K as K2O % w/w,IS 9497,,15,,,0,0,,,,,
778,NABL,CHEMICAL- BIO- STIMULANT,Humic acid and their Formulations,Kinetin % w/w,ABRL STP 008 (HPLC),50,15,4000,1,720,4720,ABRL PRO 002,0.005 % to 99 %,0.03 mg/kg,,https://forms.gle/ZVvz31MkZnjJX1X38
779,NABL,CHEMICAL- BIO- STIMULANT,Humic acid and their Formulations,Laminarin % w/w,ABRL STP 114 (HPLC),50,15,3500,1,630,4130,ABRL PRO 002,0.00001 % to 99 %,,,https://forms.gle/ZVvz31MkZnjJX1X38
780,NABL,CHEMICAL- BIO- STIMULANT,Humic acid and their Formulations,Lead as Pb mg/kg,FCO 1985 SCD IV Part D Cl.No.10,50,15,600,1,108,708,ABRL PRO 060,10 µg/kg to 50000 mg/kg,,,https://forms.gle/ALxktWakYxGehtMa9
781,NABL,CHEMICAL- BIO- STIMULANT,Humic acid and their Formulations,Lead as Pb mg/kg,IS 16556,50,15,600,1,108,708,ABRL PRO 060,10 µg/kg to 50000 mg/kg,,,https://forms.gle/ALxktWakYxGehtMa9
782,NABL,CHEMICAL- BIO- STIMULANT,Humic acid and their Formulations,Magnesium as Mg mg/kg,ABRL STP 043 (MP-AES),50,15,1000,1,180,1180,ABRL PRO 028,10 µg/kg to 100000 mg/kg,,,https://forms.gle/CYNtvab5hedeJEEMA
783,NABL,CHEMICAL- BIO- STIMULANT,Humic acid and their Formulations,Manganese as Mn mg/kg,ABRL STP 043 (MP-AES),50,15,1000,1,180,1180,ABRL PRO 028,10 µg/kg to 100000 mg/kg,,,https://forms.gle/CYNtvab5hedeJEEMA
784,NABL,CHEMICAL- BIO- STIMULANT,Humic acid and their Formulations,Mannitol % w/w,ABRL STP 051 (HPLC),50,15,1500,1,270,1770,ABRL PRO 043,0.01 % to 95 %,,,https://forms.gle/Gx8Sx2CdHYh9FdJm7
785,NABL,CHEMICAL- BIO- STIMULANT,Humic acid and their Formulations,Material Insoluble in water % w/w,CIPAC MT 10,50,15,350,1,63,413,ABRL PRO 020,0.1 % to 50 %,,,https://forms.gle/4mKKEZ5kDncKWzB86
786,NABL,CHEMICAL- BIO- STIMULANT,Humic acid and their Formulations,Mercury as Hg mg/kg,FCO 1985 SCD IV Part D Cl.No.11,50,15,1000,1,180,1180,ABRL PRO 060,10 µg/kg to 50000 mg/kg,,,https://forms.gle/ALxktWakYxGehtMa9
787,NABL,CHEMICAL- BIO- STIMULANT,Humic acid and their Formulations,Mercury as Hg mg/kg,IS 16556,50,15,1000,1,180,1180,ABRL PRO 060,10 µg/kg to 50000 mg/kg,,,https://forms.gle/ALxktWakYxGehtMa9
788,NABL,CHEMICAL- BIO- STIMULANT,Humic acid and their Formulations,Moisture Content % w/w,FCO 1985 SCD IV Part D Cl.No.02,200,15,450,1,81,531,ABRL PRO 004,0.1 % to 65 %,,,https://forms.gle/r52g7ec3g7ZfoEhWA
789,NABL,CHEMICAL- BIO- STIMULANT,Humic acid and their Formulations,Moisture Content % w/w,ABRL STP 090 (IR Balance),200,15,450,1,81,531,ABRL PRO 030,0.1 % to 65 %,,,https://forms.gle/GVr8x5kg84nXY8ML9
790,NABL,CHEMICAL- BIO- STIMULANT,Humic acid and their Formulations,Moisture Content % w/w,IS 15106,50,15,450,1,81,531,ABRL PRO 004,0.01 % to 50 % w/w,,,https://forms.gle/r52g7ec3g7ZfoEhWA
791,NABL,CHEMICAL- BIO- STIMULANT,Humic acid and their Formulations,Moisture Content % w/w,IS 16556,200,15,450,1,81,531,ABRL PRO 004,0.1 % to 65 %,,,https://forms.gle/r52g7ec3g7ZfoEhWA
792,NABL,CHEMICAL- BIO- STIMULANT,Humic acid and their Formulations,Moisture Content % w/w,ISO 19822,50,15,500,1,90,590,ABRL PRO 004,1 % to 10 %,,,https://forms.gle/r52g7ec3g7ZfoEhWA
793,NABL,CHEMICAL- BIO- STIMULANT,Humic acid and their Formulations,Molybdenum as Mo mg/kg,ABRL STP 043 (MP-AES),50,15,1000,1,180,1180,ABRL PRO 028,10 µg/kg to 100000 mg/kg,,,https://forms.gle/CYNtvab5hedeJEEMA
794,NABL,CHEMICAL- BIO- STIMULANT,Humic acid and their Formulations,Myo-inositol % w/w,ABRL STP 113 (HPLC),50,15,3500,1,630,4130,ABRL PRO 002,0.00001 % to 99 %,,,https://forms.gle/ZVvz31MkZnjJX1X38
795,NABL,CHEMICAL- BIO- STIMULANT,Humic acid and their Formulations,Na as Na2O % w/w,IS 9497,50,15,500,1,90,590,ABRL PRO 006,0.05% to 50 %,,,"https://forms.gle/xFDBDxZZHQdxNbVW8 , https://forms.gle/r52g7ec3g7ZfoEhWA"
796,NABL,CHEMICAL- BIO- STIMULANT,Humic acid and their Formulations,Naphthyl Acetic Acid (NAA) % w/w,ABRL STP 071 (HPLC),50,15,3500,1,630,4130,ABRL PRO 002,0.0001% to 99 %,0.41 mg/kg,,https://forms.gle/ZVvz31MkZnjJX1X38
797,NABL,CHEMICAL- BIO- STIMULANT,Humic acid and their Formulations,Nickel as Ni mg/kg,FCO 1985 SCD IV Part D Cl.No.10,50,15,600,1,108,708,ABRL PRO 060,10 µg/kg to 50000 mg/kg,,,https://forms.gle/ALxktWakYxGehtMa9
798,NABL,CHEMICAL- BIO- STIMULANT,Humic acid and their Formulations,Nickel as Ni mg/kg,IS 16556,50,15,600,1,108,708,ABRL PRO 060,10 µg/kg to 50000 mg/kg,,,https://forms.gle/ALxktWakYxGehtMa9
799,NABL,CHEMICAL- BIO- STIMULANT,Humic acid and their Formulations,Odor,OPPTS 830.6304,50,15,100,1,18,118,ABRL PRO 092,NA,,,https://forms.gle/ZrVhayg6o6mkzWNy6
800,NABL,CHEMICAL- BIO- STIMULANT,Humic acid and their Formulations,Organic matter % w/w,FCO 1985 SCD IV Part D Cl.No.05,50,15,800,1,144,944,ABRL PRO 008, 0.1 % to 99 %,,,https://forms.gle/b51JKPnT1J9kNucy8
801,NABL,CHEMICAL- BIO- STIMULANT,Humic acid and their Formulations,Organic matter % w/w,IS 16556,50,15,800,1,144,944,ABRL PRO 008, 0.1 % to 99 %,,,https://forms.gle/b51JKPnT1J9kNucy8
802,NABL,CHEMICAL- BIO- STIMULANT,Humic acid and their Formulations,Particle size % w/w,FCO 1985 SCD IV Part D,100,15,300,1,54,354,ABRL PRO 061,0.1 % to 100 %,,,https://forms.gle/eSfFCX1syVcSxff18
803,NABL,CHEMICAL- BIO- STIMULANT,Humic acid and their Formulations,Persistant foaming (ml),CIPAC MT 47,50,15,1000,1,180,1180,ABRL PRO 094,0.1 ml to 1000 ml,,,https://forms.gle/inQej5gjwJrvLm2S8
804,NABL,CHEMICAL- BIO- STIMULANT,Humic acid and their Formulations,pH (% aqeous solution/ Liquid),ABRL STP 027(PH-Meter),100,15,350,1,63,413,ABRL PRO 001,1 to 14,,,https://forms.gle/sHECK8iCUHJm39wK9
805,NABL,CHEMICAL- BIO- STIMULANT,Humic acid and their Formulations,pH ,FCO 1985 SCD II Part B Cl.No.08,200,15,350,1,63,413,ABRL PRO 001,1 to 14,,,https://forms.gle/sHECK8iCUHJm39wK9
806,NABL,CHEMICAL- BIO- STIMULANT,Humic acid and their Formulations,pH ,FCO 1985 SCD IV Part D Cl.No.1,100,15,400,1,72,472,ABRL PRO 041,1 to 14,,Minimum sample handeling charge is to be considered if providing service lower than 500 Rs.,https://forms.gle/1ummEPEzcdMaeP1XA
807,NABL,CHEMICAL- BIO- STIMULANT,Humic acid and their Formulations,pH,IS 16556,100,15,400,1,72,472,ABRL PRO 041,1 to 14,,Minimum sample handeling charge is to be considered if providing service lower than 500 Rs.,https://forms.gle/1ummEPEzcdMaeP1XA
808,NABL,CHEMICAL- BIO- STIMULANT,Humic acid and their Formulations,Physical State (Form),OPPTS 830.6303,50,15,100,1,18,118,ABRL PRO 092,NA,,,https://forms.gle/ZrVhayg6o6mkzWNy6
809,NABL,CHEMICAL- BIO- STIMULANT,Humic acid and their Formulations,Plant available silicon % w/w,FCO 1985 SCD II Part B Cl.No.29,50,15,1500,1,270,1770,ABRL PRO 069,0.01 % to 50 %,,,https://forms.gle/1ZzQ7V7cKb1dgmj4A
810,NABL,CHEMICAL- BIO- STIMULANT,Humic acid and their Formulations,Potassium as K mg/kg,ABRL STP 043 (MP-AES),100,15,1000,1,180,1180,ABRL PRO 028,1 mg/kg to 500000 mg/kg,,,https://forms.gle/CYNtvab5hedeJEEMA
811,NABL,CHEMICAL- BIO- STIMULANT,Humic acid and their Formulations,Pourability (Residue) % w/w,CIPAC MT 148,1000,15,2000,1,360,2360,ABRL PRO 095,0.1 % to 70 %,,,https://forms.gle/49mTRqwiD6QxDFU87
812,NABL,CHEMICAL- BIO- STIMULANT,Humic acid and their Formulations,Pourability (Rinsed Residue) % w/w,CIPAC MT 148,1000,15,2000,1,360,2360,ABRL PRO 095,0.01 % to 50 %,,,https://forms.gle/49mTRqwiD6QxDFU87
813,NABL,CHEMICAL- BIO- STIMULANT,Humic acid and their Formulations,Quercetin % w/w,ABRL STP 007 (HPLC),50,15,3500,1,630,4130,ABRL PRO 002,0.0001 % to 95 %,0.39 mg/kg,,https://forms.gle/ZVvz31MkZnjJX1X38
814,NABL,CHEMICAL- BIO- STIMULANT,Humic acid and their Formulations,Shape ,ABRL STP 091,50,15,100,1,18,118,ABRL PRO 092,NA,,,https://forms.gle/ZrVhayg6o6mkzWNy6
815,NABL,CHEMICAL- BIO- STIMULANT,Humic acid and their Formulations,Sodium as Na mg/kg,ABRL STP 043 (MP-AES),50,15,3500,1,630,4130,ABRL PRO 028,1 mg/kg to 500000 mg/kg,,,https://forms.gle/CYNtvab5hedeJEEMA
816,NABL,CHEMICAL- BIO- STIMULANT,Humic acid and their Formulations,Solid Content % w/w,IS 15106,50,15,450,1,81,531,ABRL PRO 004,0.1 % to 99 % w/w,,,https://forms.gle/r52g7ec3g7ZfoEhWA
817,NABL,CHEMICAL- BIO- STIMULANT,Humic acid and their Formulations,Solubility % w/w,ABRL STP 036 (Gravimetric),50,15,350,1,63,413,ABRL PRO 020,0.1 % to 100 %,,,https://forms.gle/4mKKEZ5kDncKWzB86
818,NABL,CHEMICAL- BIO- STIMULANT,Humic acid and their Formulations,Specific gravity ,CIPAC MT 3,50,15,350,1,63,413,ABRL PRO 066,0.500 to 2.500 g/ml,,,https://forms.gle/WXPbz5i1fZHux8bM9
819,NABL,CHEMICAL- BIO- STIMULANT,Humic acid and their Formulations,Specific gravity,FCO 1985 SCD II Part B,50,15,350,1,63,413,ABRL PRO 066,0.500 to 2.500 g/ml,,,https://forms.gle/WXPbz5i1fZHux8bM9
820,NABL,CHEMICAL- BIO- STIMULANT,Humic acid and their Formulations,Strontium as Sr mg/kg,ABRL STP 043 (MP-AES),50,15,3500,1,630,4130,ABRL PRO 028,1 mg/kg to 500000 mg/kg,,,https://forms.gle/CYNtvab5hedeJEEMA
821,NABL,CHEMICAL- BIO- STIMULANT,Humic acid and their Formulations,Sulphate Sulphur % w/w,FCO 1985 SCD II Part B Cl. No.24,50,15,800,1,144,944,ABRL PRO 011,0.1 % to 70 %,,,https://forms.gle/NEPfFA1GmooQ6YAg8
822,NABL,CHEMICAL- BIO- STIMULANT,Humic acid and their Formulations,Suspensibility % w/w,CIPAC MT 161,100,15,2000,1,360,2360,ABRL PRO 096,0.1 % to 105 %,,,https://forms.gle/1KM8MciJYXpU9Noz8
823,NABL,CHEMICAL- BIO- STIMULANT,Humic acid and their Formulations,Thiamin mononitrate (Vitamin B1) % w/w,ABRL STP 009 (HPLC),50,15,3500,1,630,4130,ABRL PRO 002,0.0001 % to 99 %,,,https://forms.gle/ZVvz31MkZnjJX1X38
824,NABL,CHEMICAL- BIO- STIMULANT,Humic acid and their Formulations,Total Amino acid % w/w,ABRL STP 052 (Ninhydrin),50,15,1500,1,270,1770,ABRL PRO 044,0.001 % to 99 %,,,https://forms.gle/KnFSJs2pxi9pDKaTA
825,NABL,CHEMICAL- BIO- STIMULANT,Humic acid and their Formulations,Total Amino Nitrogen % w/w,Thai industrial standard Page no. 191-193,1500,15,2000,1,360,2360,ABRL PRO 092,0.001 % to 99 %,,,https://forms.gle/KnFSJs2pxi9pDKaTA
826,NABL,CHEMICAL- BIO- STIMULANT,Humic acid and their Formulations,Total Carbohydrate % w/w,ABRL STP 046 (Anthrone),50,15,1500,1,270,1770,ABRL PRO 035,0.001 % to 99 %,10.05 mg/kg,,https://forms.gle/QExDSnE6janEauz8A
827,NABL,CHEMICAL- BIO- STIMULANT,Humic acid and their Formulations,Total Chloride % w/w,FCO 1985 SCD II Part B Cl.No.18,50,15,300,1,54,354,ABRL PRO 078,0.01 % to 99 %,,,https://forms.gle/k6tf57dYD8yuAbRD8
828,NABL,CHEMICAL- BIO- STIMULANT,Humic acid and their Formulations,Total Dissolved Solids (TDS) % w/w,ABRL STP 098 (Gravimetric),100,15,350,1,63,413,ABRL PRO 097,0.01 % to 60 % ,,,https://forms.gle/JbV95JkQizSL42Vm8
829,NABL,CHEMICAL- BIO- STIMULANT,Humic acid and their Formulations,Total Humic acid % w/w,ISO 5073,50,15,1200,1,216,1416,ABRL PRO 005,0.1 % to 99 %,,,https://forms.gle/kGrK8JuttwQrNZqp7
830,NABL,CHEMICAL- BIO- STIMULANT,Humic acid and their Formulations,Total Nitrogen % w/w,FCO 1985 SCD IV Part D Cl.No.06,50,15,1000,1,180,1180,ABRL PRO 007,0.05 % to 35 %,,,https://forms.gle/Q3mPhs2GWZHCcP1T6
831,NABL,CHEMICAL- BIO- STIMULANT,Humic acid and their Formulations,Total Nitrogen % w/w,IS 16556,50,15,1000,1,180,1180,ABRL PRO 007,0.05 % to 35 %,,,https://forms.gle/Q3mPhs2GWZHCcP1T6
832,NABL,CHEMICAL- BIO- STIMULANT,Humic acid and their Formulations,Total Organic Carbon/Organic Carbon % w/w,FCO 1985 SCD IV Part D Cl.No.05,50,15,900,1,162,1062,ABRL PRO 008,1 % to 55 %,,,https://forms.gle/b51JKPnT1J9kNucy8
833,NABL,CHEMICAL- BIO- STIMULANT,Humic acid and their Formulations,Total Organic Carbon/Organic Carbon % w/w,IS 16556,50,15,900,1,162,1062,ABRL PRO 008,1 % to 55 %,,,https://forms.gle/b51JKPnT1J9kNucy8
834,NABL,CHEMICAL- BIO- STIMULANT,Humic acid and their Formulations,Total phosphorous as P2O5 % w/w,FCO 1985 SCD IV Part D Cl.No.08,50,15,1200,1,216,1416,ABRL PRO 060,0.05% to 35 %,,,https://forms.gle/ALxktWakYxGehtMa9
835,NABL,CHEMICAL- BIO- STIMULANT,Humic acid and their Formulations,Total phosphorous as P2O5 % w/w,IS 16556,50,15,1200,1,216,1416,ABRL PRO 060,0.05% to 35 %,,,https://forms.gle/ALxktWakYxGehtMa9
836,NABL,CHEMICAL- BIO- STIMULANT,Humic acid and their Formulations,Total Potash K & K as K2O % w/w,IS 16556,50,15,800,1,144,944,ABRL PRO 060,0.05 % to 35 %,,,https://forms.gle/ALxktWakYxGehtMa9
837,NABL,CHEMICAL- BIO- STIMULANT,Humic acid and their Formulations,Total Potash K & K as K2O % w/w,FCO 1985 SCD IV Part D Cl.No.09,50,15,800,1,144,944,ABRL PRO 060,0.05 % to 35 %,,,https://forms.gle/ALxktWakYxGehtMa9
838,NABL,CHEMICAL- BIO- STIMULANT,Humic acid and their Formulations,Total Protein % w/w,ABRL STP 016 (Folin-lowery),50,15,1500,1,270,1770,ABRL PRO 018,0.001 % to 99 %,,,https://forms.gle/NVvh6HsVcqMFKm8bA
839,NABL,CHEMICAL- BIO- STIMULANT,Humic acid and their Formulations,Total protein Calculative % w/w,Calculative based on conversion factor (Kjeldahl),50,15,100,1,18,118,ABRL PRO 007,0.05 % to 99 %,,,https://forms.gle/Q3mPhs2GWZHCcP1T6
840,NABL,CHEMICAL- BIO- STIMULANT,Humic acid and their Formulations,Total Sulphur % w/w,FCO 1985 SCD IV Part D Cl.No.15,100,15,1200,1,216,1416,ABRL PRO 011, 0.05 % to 50 %,,,https://forms.gle/NEPfFA1GmooQ6YAg8
841,NABL,CHEMICAL- BIO- STIMULANT,Humic acid and their Formulations,Triacontanol % w/w,ABRL STP 011 (GC),50,15,3500,1,630,4130,ABRL PRO 003,0.05 % to 99 %,502 mg/kg,,https://forms.gle/SWkKy6Q53AmRiEDg9
842,NABL,CHEMICAL- BIO- STIMULANT,Humic acid and their Formulations,Viscosity cps,CIPAC MT 22,500,15,1000,1,180,1180,ABRL PRO 051,1 to 25000 cps,,,https://forms.gle/xMxncb1RieE6p3Gr7
843,NABL,CHEMICAL- BIO- STIMULANT,Humic acid and their Formulations,Water Insoluble Nitrogen % w/w,FCO 1985 SCD IV Part D Cl.No.14,50,15,1000,1,180,1180,ABRL PRO 083,0.05 % to 35 %,,,https://forms.gle/pWdSyPGRKo795T8EA
844,NABL,CHEMICAL- BIO- STIMULANT,Humic acid and their Formulations,Water Solubility % w/w,ABRL STP 036 (Gravimetric),50,15,350,1,63,413,ABRL PRO 020,0.1 % to 99 %,,,https://forms.gle/4mKKEZ5kDncKWzB86
845,NABL,CHEMICAL- BIO- STIMULANT,Humic acid and their Formulations,Water Soluble potash as K2O % w/w,FCO 1985 SCD IV Part D Cl.No.09,50,15,800,1,144,944,ABRL PRO 060,0.05 % to 35 %,,,https://forms.gle/ALxktWakYxGehtMa9
846,NABL,CHEMICAL- BIO- STIMULANT,Humic acid and their Formulations,Zinc as Zn mg/kg,FCO 1985 SCD IV Part D Cl.No.10,50,15,600,1,108,708,ABRL PRO 060,10 µg/kg to 50000 mg/kg,,,https://forms.gle/ALxktWakYxGehtMa9
847,NABL,CHEMICAL- BIO- STIMULANT,Humic acid and their Formulations,Zinc as Zn mg/kg,IS 16556,50,15,600,1,108,708,ABRL PRO 060,10 µg/kg to 50000 mg/kg,,,https://forms.gle/ALxktWakYxGehtMa9
848,NABL,CHEMICAL- BIO- STIMULANT,"Protein hydrolysate(Plant, Bacterial and animal origin)",6 Benzyl Amino Purine (6-BAP) % w/w,ABRL STP 006 (HPLC),50,15,3500,1,630,4130,ABRL PRO 002,1 mg/kg to 990000 mg/kg,0.86 mg/kg,,https://forms.gle/ZVvz31MkZnjJX1X38
849,NABL,CHEMICAL- BIO- STIMULANT,"Protein hydrolysate(Plant, Bacterial and animal origin)",Accelerated stability study,CIPAC MT 46,500 ml,22,40000,1,7200,47200,ABRL PRO 083,Not applicable,Not applicable,,
850,NABL,CHEMICAL- BIO- STIMULANT,"Protein hydrolysate(Plant, Bacterial and animal origin)",Acid Insoluble Ash % w/w,FCO 1985 SCD IV Part D Cl. No. 14,50,15,800,1,144,944,ABRL PRO 053,0.1 % w/w to 50 % w/w,,,https://forms.gle/pVZ3UfnzgqWD7U4x7
851,NABL,CHEMICAL- BIO- STIMULANT,"Protein hydrolysate(Plant, Bacterial and animal origin)",Acid soluble Ash % w/w,Calculative based on FCO 1985 SCD IV Part D Cl. No. 14,50,15,800,1,144,944,ABRL PRO 053,0.1 % w/w to 50 % w/w,,,https://forms.gle/pVZ3UfnzgqWD7U4x7
852,NABL,CHEMICAL- BIO- STIMULANT,"Protein hydrolysate(Plant, Bacterial and animal origin)",Alginic Acid % w/w,ABRL STP 050 (HPLC),50,15,3500,1,630,4130,ABRL PRO 002,0.0001 % to 99 %,44.70 mg/kg,,https://forms.gle/ZVvz31MkZnjJX1X38
853,NABL,CHEMICAL- BIO- STIMULANT,"Protein hydrolysate(Plant, Bacterial and animal origin)",Alpha-tocopherol (Vitamin E) % w/w,ABRL STP 010 (HPLC),50,15,3500,1,630,4130,ABRL PRO 002,0.0001 % to 99 %,,,https://forms.gle/ZVvz31MkZnjJX1X38
854,NABL,CHEMICAL- BIO- STIMULANT,"Protein hydrolysate(Plant, Bacterial and animal origin)",Aluminium as Al mg/kg,ABRL STP 043 (MP-AES),50,15,1000,1,180,1180,ABRL PRO 028,10 µg/kg to 100000 mg/kg,,,https://forms.gle/CYNtvab5hedeJEEMA
855,NABL,CHEMICAL- BIO- STIMULANT,"Protein hydrolysate(Plant, Bacterial and animal origin)",Ammoniacal nitrogen % w/w,FCO 1985 SCD II Part B Cl.No.03,50,15,600,1,108,708,ABRL PRO 014,0.1 % to 40 %,,,https://forms.gle/eCp5pXhcQKkRUFpd8
856,NABL,CHEMICAL- BIO- STIMULANT,"Protein hydrolysate(Plant, Bacterial and animal origin)",Appereance ,ABRL STP 091,50,15,100,1,18,118,ABRL PRO 092,NA,,,https://forms.gle/ZrVhayg6o6mkzWNy6
857,NABL,CHEMICAL- BIO- STIMULANT,"Protein hydrolysate(Plant, Bacterial and animal origin)",Arsenic as As/As2O3 mg/kg,FCO 1985 SCD IV Part D Cl. No. 12,50,15,1000,1,180,1180,ABRL PRO 060,10 µg/kg to 50000 mg/kg,,,https://forms.gle/ALxktWakYxGehtMa9
858,NABL,CHEMICAL- BIO- STIMULANT,"Protein hydrolysate(Plant, Bacterial and animal origin)",Arsenic as As / AS2O3 mg/kg,IS 16556,50,15,1000,1,180,1180,ABRL PRO 060,10 µg/kg to 50000 mg/kg,,,https://forms.gle/ALxktWakYxGehtMa9
859,NABL,CHEMICAL- BIO- STIMULANT,"Protein hydrolysate(Plant, Bacterial and animal origin)",Ascorbic acid % w/w,ABRL STP 005 (HPLC),50,15,3500,1,630,4130,ABRL PRO 002,0.00001 % to 99 %,,,https://forms.gle/ZVvz31MkZnjJX1X38
860,NABL,CHEMICAL- BIO- STIMULANT,"Protein hydrolysate(Plant, Bacterial and animal origin)",Barium as Ba mg/kg,ABRL STP 043 (MP-AES),50,15,1000,1,180,1180,ABRL PRO 028,10 µg/kg to 100000 mg/kg,,,https://forms.gle/CYNtvab5hedeJEEMA
861,NABL,CHEMICAL- BIO- STIMULANT,"Protein hydrolysate(Plant, Bacterial and animal origin)",Boron as B mg/kg,ABRL STP 043 (MP-AES),50,15,1000,1,180,1180,ABRL PRO 028,10 µg/kg to 100000 mg/kg,,,https://forms.gle/CYNtvab5hedeJEEMA
862,NABL,CHEMICAL- BIO- STIMULANT,"Protein hydrolysate(Plant, Bacterial and animal origin)",C:N Ratio,FCO 1985 SCD IV Part D Cl.No. 07,50,15,100,1,18,118,ABRL PRO 008,Calculative,,,"https://forms.gle/b51JKPnT1J9kNucy8 , https://forms.gle/Q3mPhs2GWZHCcP1T6"
863,NABL,CHEMICAL- BIO- STIMULANT,"Protein hydrolysate(Plant, Bacterial and animal origin)",C:N Ratio ,IS 16556,50,15,100,1,18,118,ABRL PRO 008,Calculative,,,"https://forms.gle/b51JKPnT1J9kNucy8 , https://forms.gle/Q3mPhs2GWZHCcP1T6"
864,NABL,CHEMICAL- BIO- STIMULANT,"Protein hydrolysate(Plant, Bacterial and animal origin)",Cadmium as Cd mg/kg,FCO 1985 SCD IV Part D Cl.No.10,50,15,3200,1,576,3776,ABRL PRO 060,10 µg/kg to 50000 mg/kg,,,https://forms.gle/ALxktWakYxGehtMa9
865,NABL,CHEMICAL- BIO- STIMULANT,"Protein hydrolysate(Plant, Bacterial and animal origin)",Cadmium as Cd mg/kg,IS 16556,50,15,3200,1,576,3776,ABRL PRO 060,10 µg/kg to 50000 mg/kg,,,https://forms.gle/ALxktWakYxGehtMa9
866,NABL,CHEMICAL- BIO- STIMULANT,"Protein hydrolysate(Plant, Bacterial and animal origin)",Calcium as Ca mg/kg,ABRL STP 043 (MP-AES),50,15,1000,1,180,1180,ABRL PRO 028,1 mg/kg to 500000 mg/kg,,,https://forms.gle/CYNtvab5hedeJEEMA
867,NABL,CHEMICAL- BIO- STIMULANT,"Protein hydrolysate(Plant, Bacterial and animal origin)",Carrabiitol % w/w,ABRL STP 092 (HPLC),100,15,3500,1,630,4130,,,,,
868,NABL,CHEMICAL- BIO- STIMULANT,"Protein hydrolysate(Plant, Bacterial and animal origin)",Cation Exchange Capacity meq/g,ABRL STP 053 (MP-AES),50,15,1500,1,270,1770,ABRL PRO 045, 1 meq/g to 50000 meq/g,,,https://forms.gle/8X4X79vm56r7wuts8
869,NABL,CHEMICAL- BIO- STIMULANT,"Protein hydrolysate(Plant, Bacterial and animal origin)",Chromium as Cr mg/kg,FCO 1985 SCD IV Part D Cl.No.10,50,15,600,1,108,708,ABRL PRO 060,10 µg/kg to 50000 mg/kg,,,https://forms.gle/ALxktWakYxGehtMa9
870,NABL,CHEMICAL- BIO- STIMULANT,"Protein hydrolysate(Plant, Bacterial and animal origin)",Chromium as Cr mg/kg,IS 16556,50,15,600,,108,708,ABRL PRO 060,10 µg/kg to 50000 mg/kg,,,https://forms.gle/ALxktWakYxGehtMa9
871,NABL,CHEMICAL- BIO- STIMULANT,"Protein hydrolysate(Plant, Bacterial and animal origin)",Clarity,European Pharmacopiea 9.2,50,15,100,1,18,118,ABRL PRO 092,NA,,,https://forms.gle/ZrVhayg6o6mkzWNy6
872,NABL,CHEMICAL- BIO- STIMULANT,"Protein hydrolysate(Plant, Bacterial and animal origin)",Cobalt as Co mg/kg,ABRL STP 043 (MP-AES),100,15,1000,1,180,1180,ABRL PRO 028,10 µg/kg to 100000 mg/kg,,,https://forms.gle/CYNtvab5hedeJEEMA
873,NABL,CHEMICAL- BIO- STIMULANT,"Protein hydrolysate(Plant, Bacterial and animal origin)",Colour,OPPTS 830.6302,50,15,100,1,18,118,ABRL PRO 092,NA,,,https://forms.gle/ZrVhayg6o6mkzWNy6
874,NABL,CHEMICAL- BIO- STIMULANT,"Protein hydrolysate(Plant, Bacterial and animal origin)",Conductivity µS/cm,FCO 1985 SCD IV Part D Cl.No.04,50,15,450,1,81,531,ABRL PRO 017,1 µS/cm to 50000 µS/cm,,,https://forms.gle/NjLm8u7U1By8uar4A
875,NABL,CHEMICAL- BIO- STIMULANT,"Protein hydrolysate(Plant, Bacterial and animal origin)",Conductivity µS/cm,IS 16556,50,15,450,1,81,531,ABRL PRO 017,1 µS/cm to 50000 µS/cm,,,https://forms.gle/NjLm8u7U1By8uar4A
876,NABL,CHEMICAL- BIO- STIMULANT,"Protein hydrolysate(Plant, Bacterial and animal origin)",Copper as Cu mg/kg,FCO 1985 SCD IV Part D Cl.No.10,50,15,600,1,108,708,ABRL PRO 060,10 µg/kg to 50000 mg/kg,,,https://forms.gle/ALxktWakYxGehtMa9
877,NABL,CHEMICAL- BIO- STIMULANT,"Protein hydrolysate(Plant, Bacterial and animal origin)",Copper as Cu mg/kg,IS 16556,50,15,600,1,108,708,ABRL PRO 060,10 µg/kg to 50000 mg/kg,,,https://forms.gle/ALxktWakYxGehtMa9
878,NABL,CHEMICAL- BIO- STIMULANT,"Protein hydrolysate(Plant, Bacterial and animal origin)",Density g/ml,FCO 1985 SCD IV Part D,50,15,350,1,63,413,ABRL PRO 041,0.500 to 2.500 g/ml,,,https://forms.gle/1ummEPEzcdMaeP1XA
879,NABL,CHEMICAL- BIO- STIMULANT,"Protein hydrolysate(Plant, Bacterial and animal origin)",Density g/ml,IS 16556,50,15,350,1,63,413,ABRL PRO 041,0.500 to 2.500 g/ml,,,https://forms.gle/1ummEPEzcdMaeP1XA
880,NABL,CHEMICAL- BIO- STIMULANT,"Protein hydrolysate(Plant, Bacterial and animal origin)",Dilution Stability,CIPAC MT 41,50,15,1500,1,270,1770,ABRL PRO 093,Not applicable,,,https://forms.gle/7WdUJ6YZ1kVrGfC77
881,NABL,CHEMICAL- BIO- STIMULANT,"Protein hydrolysate(Plant, Bacterial and animal origin)",Elemental Sulphur % w/w,FCO 1985 SCD II Part B Cl. No.24,50,15,400,1,72,472,ABRL PRO 011,0.1 % to 50 %,,,https://forms.gle/NEPfFA1GmooQ6YAg8
882,NABL,CHEMICAL- BIO- STIMULANT,"Protein hydrolysate(Plant, Bacterial and animal origin)",Folic acid % w/w,ABRL STP 001 (HPLC),50,15,3500,1,630,4130,ABRL PRO 002,0.005 % to 95 %,0.15 mg/kg,,https://forms.gle/ZVvz31MkZnjJX1X38
883,NABL,CHEMICAL- BIO- STIMULANT,"Protein hydrolysate(Plant, Bacterial and animal origin)",Formol nitrogen content % w/w,Thai industrial standard Page no.191,50,15,2000,1,360,2360,ABRL PRO 092,0.05 % to 50 %,,,https://forms.gle/Y7Ye6zMjosRonixA8
884,NABL,CHEMICAL- BIO- STIMULANT,"Protein hydrolysate(Plant, Bacterial and animal origin)",Free alkali as KOH % w/w,ABRL STP 038 (Titremetric),50,15,450,1,81,531,ABRL PRO 024,0.01 % to 50 %,,,https://forms.gle/UD2YCiGdzqo8VMFb6
885,NABL,CHEMICAL- BIO- STIMULANT,"Protein hydrolysate(Plant, Bacterial and animal origin)",Free alkali as NaOH % w/w,ABRL STP 038 (Titremetric),50,15,450,1,81,531,ABRL PRO 024,0.01 % to 50 %,,,https://forms.gle/UD2YCiGdzqo8VMFb6
886,NABL,CHEMICAL- BIO- STIMULANT,"Protein hydrolysate(Plant, Bacterial and animal origin)",Free amino nitrogen % w/w,ABRL STP 052 (Ninhydrin),50,15,1500,1,270,1770,ABRL PRO 044,0.001 % to 99 %,,,https://forms.gle/KnFSJs2pxi9pDKaTA
887,NABL,CHEMICAL- BIO- STIMULANT,"Protein hydrolysate(Plant, Bacterial and animal origin)",Fucoidan % w/w,ABRL STP 115 (HPLC),50,15,3500,1,630,4130,ABRL PRO 002,0.00001 % to 99 %,,,https://forms.gle/ZVvz31MkZnjJX1X38
888,NABL,CHEMICAL- BIO- STIMULANT,"Protein hydrolysate(Plant, Bacterial and animal origin)",Fulvic acid % w/w,ABRL STP 116 (Titrimetric),50,15,1000,1,180,1180,ABRL PRO 108,0.001 % to 60 %,,,https://forms.gle/rMyfSJtJSzRCT7Yj8
889,NABL,CHEMICAL- BIO- STIMULANT,"Protein hydrolysate(Plant, Bacterial and animal origin)",Gibbrellic Acid -3 (GA3) % w/w,ABRL STP 003 (HPLC),50,15,3500,1,630,4130,ABRL PRO 002,0.001 % to 97 %,0.17 mg/kg,,https://forms.gle/ZVvz31MkZnjJX1X38
890,NABL,CHEMICAL- BIO- STIMULANT,"Protein hydrolysate(Plant, Bacterial and animal origin)",Humic Acid % w/w,ISO 19822,50,15,4000,1,720,4720,ABRL PRO 029,1 % to 70 %,,,"https://forms.gle/BYPkiHP9Z2dBoFVs6 , https://forms.gle/NEPfFA1GmooQ6YAg8"
891,NABL,CHEMICAL- BIO- STIMULANT,"Protein hydrolysate(Plant, Bacterial and animal origin)",Hydrophobic fulvic acid % w/w,ISO 19822,50,15,4000,1,720,4720,ABRL PRO 029,1 % to 70 %,,,"https://forms.gle/BYPkiHP9Z2dBoFVs6 , https://forms.gle/NEPfFA1GmooQ6YAg8"
892,NABL,CHEMICAL- BIO- STIMULANT,"Protein hydrolysate(Plant, Bacterial and animal origin)",Indole Acetic Acid % w/w,ABRL STP 002 (HPLC),50,15,3500,1,630,4130,ABRL PRO 002,0.005 % to 99 %,0.14 mg/kg,,https://forms.gle/ZVvz31MkZnjJX1X38
893,NABL,CHEMICAL- BIO- STIMULANT,"Protein hydrolysate(Plant, Bacterial and animal origin)",Indole Butyric Acid % w/w,ABRL STP 022 (HPLC),50,15,3500,1,630,4130,ABRL PRO 002,0.003 % to 99 %,0.52 mg/kg,,https://forms.gle/ZVvz31MkZnjJX1X38
894,NABL,CHEMICAL- BIO- STIMULANT,"Protein hydrolysate(Plant, Bacterial and animal origin)",Inorganic matter (Ash) % w/w,Calculative based on FCO 1985 SCD IV Part D Cl.No.05,50,15,800,1,144,944,ABRL PRO 008,1 % to 55 %,,,https://forms.gle/b51JKPnT1J9kNucy8
895,NABL,CHEMICAL- BIO- STIMULANT,"Protein hydrolysate(Plant, Bacterial and animal origin)",Inorganic matter (Ash) % w/w,IS 16556,50,15,800,1,144,944,ABRL PRO 008,0.1 % to 99 %,,,https://forms.gle/b51JKPnT1J9kNucy8
896,NABL,CHEMICAL- BIO- STIMULANT,"Protein hydrolysate(Plant, Bacterial and animal origin)",Inorganic Nitrogen (Nitrate nitrogen) % w/w,FCO 1985 SCD II Part B Cl.No.03,50,15,1000,1,180,1180,ABRL PRO 055,0.1 % to 35 %,,,https://forms.gle/3CzKP7dHJ2b1ptPq6
897,NABL,CHEMICAL- BIO- STIMULANT,"Protein hydrolysate(Plant, Bacterial and animal origin)",Iron as Fe % w/w,ABRL STP 043 (MP-AES),50,15,1000,1,180,1180,ABRL PRO 028,10 µg/kg to 100000 mg/kg,,,https://forms.gle/CYNtvab5hedeJEEMA
898,NABL,CHEMICAL- BIO- STIMULANT,"Protein hydrolysate(Plant, Bacterial and animal origin)",K as K2O % w/w,IS 9497,,15,,,0,0,,,,,
899,NABL,CHEMICAL- BIO- STIMULANT,"Protein hydrolysate(Plant, Bacterial and animal origin)",Kinetin % w/w,ABRL STP 008 (HPLC),50,15,4000,1,720,4720,ABRL PRO 002,0.005 % to 99 %,0.03 mg/kg,,https://forms.gle/ZVvz31MkZnjJX1X38
900,NABL,CHEMICAL- BIO- STIMULANT,"Protein hydrolysate(Plant, Bacterial and animal origin)",Laminarin % w/w,ABRL STP 114 (HPLC),50,15,3500,1,630,4130,ABRL PRO 002,0.00001 % to 99 %,,,https://forms.gle/ZVvz31MkZnjJX1X38
901,NABL,CHEMICAL- BIO- STIMULANT,"Protein hydrolysate(Plant, Bacterial and animal origin)",Lead as Pb mg/kg,FCO 1985 SCD IV Part D Cl.No.10,50,15,600,1,108,708,ABRL PRO 060,10 µg/kg to 50000 mg/kg,,,https://forms.gle/ALxktWakYxGehtMa9
902,NABL,CHEMICAL- BIO- STIMULANT,"Protein hydrolysate(Plant, Bacterial and animal origin)",Lead as Pb mg/kg,IS 16556,50,15,600,1,108,708,ABRL PRO 060,10 µg/kg to 50000 mg/kg,,,https://forms.gle/ALxktWakYxGehtMa9
903,NABL,CHEMICAL- BIO- STIMULANT,"Protein hydrolysate(Plant, Bacterial and animal origin)",Magnesium as Mg mg/kg,ABRL STP 043 (MP-AES),50,15,1000,1,180,1180,ABRL PRO 028,10 µg/kg to 100000 mg/kg,,,https://forms.gle/CYNtvab5hedeJEEMA
904,NABL,CHEMICAL- BIO- STIMULANT,"Protein hydrolysate(Plant, Bacterial and animal origin)",Manganese as Mn mg/kg,ABRL STP 043 (MP-AES),50,15,1000,1,180,1180,ABRL PRO 028,10 µg/kg to 100000 mg/kg,,,https://forms.gle/CYNtvab5hedeJEEMA
905,NABL,CHEMICAL- BIO- STIMULANT,"Protein hydrolysate(Plant, Bacterial and animal origin)",Mannitol % w/w,ABRL STP 051 (HPLC),50,15,1500,1,270,1770,ABRL PRO 043,0.01 % to 95 %,,,https://forms.gle/Gx8Sx2CdHYh9FdJm7
906,NABL,CHEMICAL- BIO- STIMULANT,"Protein hydrolysate(Plant, Bacterial and animal origin)",Material Insoluble in water % w/w,CIPAC MT 10,50,15,350,1,63,413,ABRL PRO 020,0.1 % to 50 %,,,https://forms.gle/4mKKEZ5kDncKWzB86
907,NABL,CHEMICAL- BIO- STIMULANT,"Protein hydrolysate(Plant, Bacterial and animal origin)",Mercury as Hg mg/kg,FCO 1985 SCD IV Part D Cl.No.11,50,15,1000,1,180,1180,ABRL PRO 060,10 µg/kg to 50000 mg/kg,,,https://forms.gle/ALxktWakYxGehtMa9
908,NABL,CHEMICAL- BIO- STIMULANT,"Protein hydrolysate(Plant, Bacterial and animal origin)",Mercury as Hg mg/kg,IS 16556,50,15,1000,1,180,1180,ABRL PRO 060,10 µg/kg to 50000 mg/kg,,,https://forms.gle/ALxktWakYxGehtMa9
909,NABL,CHEMICAL- BIO- STIMULANT,"Protein hydrolysate(Plant, Bacterial and animal origin)",Moisture Content % w/w,FCO 1985 SCD IV Part D Cl.No.02,200,15,450,1,81,531,ABRL PRO 004,0.1 % to 65 %,,,https://forms.gle/r52g7ec3g7ZfoEhWA
910,NABL,CHEMICAL- BIO- STIMULANT,"Protein hydrolysate(Plant, Bacterial and animal origin)",Moisture Content % w/w,ABRL STP 090 (IR Balance),200,15,450,1,81,531,ABRL PRO 030,0.1 % to 65 %,,,https://forms.gle/GVr8x5kg84nXY8ML9
911,NABL,CHEMICAL- BIO- STIMULANT,"Protein hydrolysate(Plant, Bacterial and animal origin)",Moisture Content % w/w,IS 15106,50,15,450,1,81,531,ABRL PRO 004,0.01 % to 50 % w/w,,,https://forms.gle/r52g7ec3g7ZfoEhWA
912,NABL,CHEMICAL- BIO- STIMULANT,"Protein hydrolysate(Plant, Bacterial and animal origin)",Moisture Content % w/w,IS 16556,200,15,450,1,81,531,ABRL PRO 004,0.1 % to 65 %,,,https://forms.gle/r52g7ec3g7ZfoEhWA
913,NABL,CHEMICAL- BIO- STIMULANT,"Protein hydrolysate(Plant, Bacterial and animal origin)",Moisture Content % w/w,ISO 19822,50,15,500,1,90,590,ABRL PRO 004,1 % to 10 %,,,https://forms.gle/r52g7ec3g7ZfoEhWA
914,NABL,CHEMICAL- BIO- STIMULANT,"Protein hydrolysate(Plant, Bacterial and animal origin)",Molybdenum as Mo mg/kg,ABRL STP 043 (MP-AES),50,15,1000,1,180,1180,ABRL PRO 028,10 µg/kg to 100000 mg/kg,,,https://forms.gle/CYNtvab5hedeJEEMA
915,NABL,CHEMICAL- BIO- STIMULANT,"Protein hydrolysate(Plant, Bacterial and animal origin)",Myo-inositol % w/w,ABRL STP 113 (HPLC),50,15,3500,1,630,4130,ABRL PRO 002,0.00001 % to 99 %,,,https://forms.gle/ZVvz31MkZnjJX1X38
916,NABL,CHEMICAL- BIO- STIMULANT,"Protein hydrolysate(Plant, Bacterial and animal origin)",Na as Na2O % w/w,IS 9497,50,15,500,1,90,590,ABRL PRO 006,0.05% to 50 %,,,"https://forms.gle/xFDBDxZZHQdxNbVW8 , https://forms.gle/r52g7ec3g7ZfoEhWA"
917,NABL,CHEMICAL- BIO- STIMULANT,"Protein hydrolysate(Plant, Bacterial and animal origin)",Naphthyl Acetic Acid (NAA) % w/w,ABRL STP 071 (HPLC),50,15,3500,1,630,4130,ABRL PRO 002,0.0001% to 99 %,0.41 mg/kg,,https://forms.gle/ZVvz31MkZnjJX1X38
918,NABL,CHEMICAL- BIO- STIMULANT,"Protein hydrolysate(Plant, Bacterial and animal origin)",Nickel as Ni mg/kg,FCO 1985 SCD IV Part D Cl.No.10,50,15,600,1,108,708,ABRL PRO 060,10 µg/kg to 50000 mg/kg,,,https://forms.gle/ALxktWakYxGehtMa9
919,NABL,CHEMICAL- BIO- STIMULANT,"Protein hydrolysate(Plant, Bacterial and animal origin)",Nickel as Ni mg/kg,IS 16556,50,15,600,1,108,708,ABRL PRO 060,10 µg/kg to 50000 mg/kg,,,https://forms.gle/ALxktWakYxGehtMa9
920,NABL,CHEMICAL- BIO- STIMULANT,"Protein hydrolysate(Plant, Bacterial and animal origin)",Odor,OPPTS 830.6304,50,15,100,1,18,118,ABRL PRO 092,NA,,,https://forms.gle/ZrVhayg6o6mkzWNy6
921,NABL,CHEMICAL- BIO- STIMULANT,"Protein hydrolysate(Plant, Bacterial and animal origin)",Organic matter % w/w,FCO 1985 SCD IV Part D Cl.No.05,50,15,800,1,144,944,ABRL PRO 008, 0.1 % to 99 %,,,https://forms.gle/b51JKPnT1J9kNucy8
922,NABL,CHEMICAL- BIO- STIMULANT,"Protein hydrolysate(Plant, Bacterial and animal origin)",Organic matter % w/w,IS 16556,50,15,800,1,144,944,ABRL PRO 008, 0.1 % to 99 %,,,https://forms.gle/b51JKPnT1J9kNucy8
923,NABL,CHEMICAL- BIO- STIMULANT,"Protein hydrolysate(Plant, Bacterial and animal origin)",Particle size % w/w,FCO 1985 SCD IV Part D,100,15,300,1,54,354,ABRL PRO 061,0.1 % to 100 %,,,https://forms.gle/eSfFCX1syVcSxff18
924,NABL,CHEMICAL- BIO- STIMULANT,"Protein hydrolysate(Plant, Bacterial and animal origin)",Persistant foaming (ml),CIPAC MT 47,50,15,1000,1,180,1180,ABRL PRO 094,0.1 ml to 1000 ml,,,https://forms.gle/inQej5gjwJrvLm2S8
925,NABL,CHEMICAL- BIO- STIMULANT,"Protein hydrolysate(Plant, Bacterial and animal origin)",pH (% aqeous solution/ Liquid),ABRL STP 027(PH-Meter),100,15,350,1,63,413,ABRL PRO 001,1 to 14,,,https://forms.gle/sHECK8iCUHJm39wK9
926,NABL,CHEMICAL- BIO- STIMULANT,"Protein hydrolysate(Plant, Bacterial and animal origin)",pH ,FCO 1985 SCD II Part B Cl.No.08,200,15,350,1,63,413,ABRL PRO 001,1 to 14,,,https://forms.gle/sHECK8iCUHJm39wK9
927,NABL,CHEMICAL- BIO- STIMULANT,"Protein hydrolysate(Plant, Bacterial and animal origin)",pH ,FCO 1985 SCD IV Part D Cl.No.1,100,15,400,1,72,472,ABRL PRO 041,1 to 14,,Minimum sample handeling charge is to be considered if providing service lower than 500 Rs.,https://forms.gle/1ummEPEzcdMaeP1XA
928,NABL,CHEMICAL- BIO- STIMULANT,"Protein hydrolysate(Plant, Bacterial and animal origin)",pH,IS 16556,100,15,400,1,72,472,ABRL PRO 041,1 to 14,,Minimum sample handeling charge is to be considered if providing service lower than 500 Rs.,https://forms.gle/1ummEPEzcdMaeP1XA
929,NABL,CHEMICAL- BIO- STIMULANT,"Protein hydrolysate(Plant, Bacterial and animal origin)",Physical State (Form),OPPTS 830.6303,50,15,100,1,18,118,ABRL PRO 092,NA,,,https://forms.gle/ZrVhayg6o6mkzWNy6
930,NABL,CHEMICAL- BIO- STIMULANT,"Protein hydrolysate(Plant, Bacterial and animal origin)",Plant available silicon % w/w,FCO 1985 SCD II Part B Cl.No.29,50,15,1500,1,270,1770,ABRL PRO 069,0.01 % to 50 %,,,https://forms.gle/1ZzQ7V7cKb1dgmj4A
931,NABL,CHEMICAL- BIO- STIMULANT,"Protein hydrolysate(Plant, Bacterial and animal origin)",Potassium as K mg/kg,ABRL STP 043 (MP-AES),100,15,1000,1,180,1180,ABRL PRO 028,1 mg/kg to 500000 mg/kg,,,https://forms.gle/CYNtvab5hedeJEEMA
932,NABL,CHEMICAL- BIO- STIMULANT,"Protein hydrolysate(Plant, Bacterial and animal origin)",Pourability (Residue) % w/w,CIPAC MT 148,1000,15,2000,1,360,2360,ABRL PRO 095,0.1 % to 70 %,,,https://forms.gle/49mTRqwiD6QxDFU87
933,NABL,CHEMICAL- BIO- STIMULANT,"Protein hydrolysate(Plant, Bacterial and animal origin)",Pourability (Rinsed Residue) % w/w,CIPAC MT 148,1000,15,2000,1,360,2360,ABRL PRO 095,0.01 % to 50 %,,,https://forms.gle/49mTRqwiD6QxDFU87
934,NABL,CHEMICAL- BIO- STIMULANT,"Protein hydrolysate(Plant, Bacterial and animal origin)",Quercetin % w/w,ABRL STP 007 (HPLC),50,15,3500,1,630,4130,ABRL PRO 002,0.0001 % to 95 %,0.39 mg/kg,,https://forms.gle/ZVvz31MkZnjJX1X38
935,NABL,CHEMICAL- BIO- STIMULANT,"Protein hydrolysate(Plant, Bacterial and animal origin)",Shape ,ABRL STP 091,50,15,100,1,18,118,ABRL PRO 092,NA,,,https://forms.gle/ZrVhayg6o6mkzWNy6
936,NABL,CHEMICAL- BIO- STIMULANT,"Protein hydrolysate(Plant, Bacterial and animal origin)",Sodium as Na mg/kg,ABRL STP 043 (MP-AES),50,15,3500,1,630,4130,ABRL PRO 028,1 mg/kg to 500000 mg/kg,,,https://forms.gle/CYNtvab5hedeJEEMA
937,NABL,CHEMICAL- BIO- STIMULANT,"Protein hydrolysate(Plant, Bacterial and animal origin)",Solid Content % w/w,IS 15106,50,15,450,1,81,531,ABRL PRO 004,0.1 % to 99 % w/w,,,https://forms.gle/r52g7ec3g7ZfoEhWA
938,NABL,CHEMICAL- BIO- STIMULANT,"Protein hydrolysate(Plant, Bacterial and animal origin)",Solubility % w/w,ABRL STP 036 (Gravimetric),50,15,350,1,63,413,ABRL PRO 020,0.1 % to 100 %,,,https://forms.gle/4mKKEZ5kDncKWzB86
939,NABL,CHEMICAL- BIO- STIMULANT,"Protein hydrolysate(Plant, Bacterial and animal origin)",Specific gravity ,CIPAC MT 3,50,15,350,1,63,413,ABRL PRO 066,0.500 to 2.500 g/ml,,,https://forms.gle/WXPbz5i1fZHux8bM9
940,NABL,CHEMICAL- BIO- STIMULANT,"Protein hydrolysate(Plant, Bacterial and animal origin)",Specific gravity,FCO 1985 SCD II Part B,50,15,350,1,63,413,ABRL PRO 066,0.500 to 2.500 g/ml,,,https://forms.gle/WXPbz5i1fZHux8bM9
941,NABL,CHEMICAL- BIO- STIMULANT,"Protein hydrolysate(Plant, Bacterial and animal origin)",Strontium as Sr mg/kg,ABRL STP 043 (MP-AES),50,15,3500,1,630,4130,ABRL PRO 028,1 mg/kg to 500000 mg/kg,,,https://forms.gle/CYNtvab5hedeJEEMA
942,NABL,CHEMICAL- BIO- STIMULANT,"Protein hydrolysate(Plant, Bacterial and animal origin)",Sulphate Sulphur % w/w,FCO 1985 SCD II Part B Cl. No.24,50,15,800,1,144,944,ABRL PRO 011,0.1 % to 70 %,,,https://forms.gle/NEPfFA1GmooQ6YAg8
943,NABL,CHEMICAL- BIO- STIMULANT,"Protein hydrolysate(Plant, Bacterial and animal origin)",Suspensibility % w/w,CIPAC MT 161,100,15,2000,1,360,2360,ABRL PRO 096,0.1 % to 105 %,,,https://forms.gle/1KM8MciJYXpU9Noz8
944,NABL,CHEMICAL- BIO- STIMULANT,"Protein hydrolysate(Plant, Bacterial and animal origin)",Thiamin mononitrate (Vitamin B1) % w/w,ABRL STP 009 (HPLC),50,15,3500,1,630,4130,ABRL PRO 002,0.0001 % to 99 %,,,https://forms.gle/ZVvz31MkZnjJX1X38
945,NABL,CHEMICAL- BIO- STIMULANT,"Protein hydrolysate(Plant, Bacterial and animal origin)",Total Amino acid % w/w,ABRL STP 052 (Ninhydrin),50,15,1500,1,270,1770,ABRL PRO 044,0.001 % to 99 %,,,https://forms.gle/KnFSJs2pxi9pDKaTA
946,NABL,CHEMICAL- BIO- STIMULANT,"Protein hydrolysate(Plant, Bacterial and animal origin)",Total Amino Nitrogen % w/w,Thai industrial standard Page no. 191-193,1500,15,2000,1,360,2360,ABRL PRO 092,0.001 % to 99 %,,,https://forms.gle/KnFSJs2pxi9pDKaTA
947,NABL,CHEMICAL- BIO- STIMULANT,"Protein hydrolysate(Plant, Bacterial and animal origin)",Total Carbohydrate % w/w,ABRL STP 046 (Anthrone),50,15,1500,1,270,1770,ABRL PRO 035,0.001 % to 99 %,10.05 mg/kg,,https://forms.gle/QExDSnE6janEauz8A
948,NABL,CHEMICAL- BIO- STIMULANT,"Protein hydrolysate(Plant, Bacterial and animal origin)",Total Chloride % w/w,FCO 1985 SCD II Part B Cl.No.18,50,15,300,1,54,354,ABRL PRO 078,0.01 % to 99 %,,,https://forms.gle/k6tf57dYD8yuAbRD8
949,NABL,CHEMICAL- BIO- STIMULANT,"Protein hydrolysate(Plant, Bacterial and animal origin)",Total Dissolved Solids (TDS) % w/w,ABRL STP 098 (Gravimetric),100,15,350,1,63,413,ABRL PRO 097,0.01 % to 60 % ,,,https://forms.gle/JbV95JkQizSL42Vm8
950,NABL,CHEMICAL- BIO- STIMULANT,"Protein hydrolysate(Plant, Bacterial and animal origin)",Total Humic acid % w/w,ISO 5073,50,15,1200,1,216,1416,ABRL PRO 005,0.1 % to 99 %,,,https://forms.gle/kGrK8JuttwQrNZqp7
951,NABL,CHEMICAL- BIO- STIMULANT,"Protein hydrolysate(Plant, Bacterial and animal origin)",Total Nitrogen % w/w,FCO 1985 SCD IV Part D Cl.No.06,50,15,1000,1,180,1180,ABRL PRO 007,0.05 % to 35 %,,,https://forms.gle/Q3mPhs2GWZHCcP1T6
952,NABL,CHEMICAL- BIO- STIMULANT,"Protein hydrolysate(Plant, Bacterial and animal origin)",Total Nitrogen % w/w,IS 16556,50,15,1000,1,180,1180,ABRL PRO 007,0.05 % to 35 %,,,https://forms.gle/Q3mPhs2GWZHCcP1T6
953,NABL,CHEMICAL- BIO- STIMULANT,"Protein hydrolysate(Plant, Bacterial and animal origin)",Total Organic Carbon/Organic Carbon % w/w,FCO 1985 SCD IV Part D Cl.No.05,50,15,900,1,162,1062,ABRL PRO 008,1 % to 55 %,,,https://forms.gle/b51JKPnT1J9kNucy8
954,NABL,CHEMICAL- BIO- STIMULANT,"Protein hydrolysate(Plant, Bacterial and animal origin)",Total Organic Carbon/Organic Carbon % w/w,IS 16556,50,15,900,1,162,1062,ABRL PRO 008,1 % to 55 %,,,https://forms.gle/b51JKPnT1J9kNucy8
955,NABL,CHEMICAL- BIO- STIMULANT,"Protein hydrolysate(Plant, Bacterial and animal origin)",Total phosphorous as P2O5 % w/w,FCO 1985 SCD IV Part D Cl.No.08,50,15,1200,1,216,1416,ABRL PRO 060,0.05% to 35 %,,,https://forms.gle/ALxktWakYxGehtMa9
956,NABL,CHEMICAL- BIO- STIMULANT,"Protein hydrolysate(Plant, Bacterial and animal origin)",Total phosphorous as P2O5 % w/w,IS 16556,50,15,1200,1,216,1416,ABRL PRO 060,0.05% to 35 %,,,https://forms.gle/ALxktWakYxGehtMa9
957,NABL,CHEMICAL- BIO- STIMULANT,"Protein hydrolysate(Plant, Bacterial and animal origin)",Total Potash K & K as K2O % w/w,IS 16556,50,15,800,1,144,944,ABRL PRO 060,0.05 % to 35 %,,,https://forms.gle/ALxktWakYxGehtMa9
958,NABL,CHEMICAL- BIO- STIMULANT,"Protein hydrolysate(Plant, Bacterial and animal origin)",Total Potash K & K as K2O % w/w,FCO 1985 SCD IV Part D Cl.No.09,50,15,800,1,144,944,ABRL PRO 060,0.05 % to 35 %,,,https://forms.gle/ALxktWakYxGehtMa9
959,NABL,CHEMICAL- BIO- STIMULANT,"Protein hydrolysate(Plant, Bacterial and animal origin)",Total Protein % w/w,ABRL STP 016 (Folin-lowery),50,15,1500,1,270,1770,ABRL PRO 018,0.001 % to 99 %,,,https://forms.gle/NVvh6HsVcqMFKm8bA
960,NABL,CHEMICAL- BIO- STIMULANT,"Protein hydrolysate(Plant, Bacterial and animal origin)",Total protein Calculative % w/w,Calculative based on conversion factor (Kjeldahl),50,15,100,1,18,118,ABRL PRO 007,0.05 % to 99 %,,,https://forms.gle/Q3mPhs2GWZHCcP1T6
961,NABL,CHEMICAL- BIO- STIMULANT,"Protein hydrolysate(Plant, Bacterial and animal origin)",Total Sulphur % w/w,FCO 1985 SCD IV Part D Cl.No.15,100,15,1200,1,216,1416,ABRL PRO 011, 0.05 % to 50 %,,,https://forms.gle/NEPfFA1GmooQ6YAg8
962,NABL,CHEMICAL- BIO- STIMULANT,"Protein hydrolysate(Plant, Bacterial and animal origin)",Triacontanol % w/w,ABRL STP 011 (GC),50,15,3500,1,630,4130,ABRL PRO 003,0.05 % to 99 %,502 mg/kg,,https://forms.gle/SWkKy6Q53AmRiEDg9
963,NABL,CHEMICAL- BIO- STIMULANT,"Protein hydrolysate(Plant, Bacterial and animal origin)",Viscosity cps,CIPAC MT 22,500,15,1000,1,180,1180,ABRL PRO 051,1 to 25000 cps,,,https://forms.gle/xMxncb1RieE6p3Gr7
964,NABL,CHEMICAL- BIO- STIMULANT,"Protein hydrolysate(Plant, Bacterial and animal origin)",Water Insoluble Nitrogen % w/w,FCO 1985 SCD IV Part D Cl.No.14,50,15,1000,1,180,1180,ABRL PRO 083,0.05 % to 35 %,,,https://forms.gle/pWdSyPGRKo795T8EA
965,NABL,CHEMICAL- BIO- STIMULANT,"Protein hydrolysate(Plant, Bacterial and animal origin)",Water Solubility % w/w,ABRL STP 036 (Gravimetric),50,15,350,1,63,413,ABRL PRO 020,0.1 % to 99 %,,,https://forms.gle/4mKKEZ5kDncKWzB86
966,NABL,CHEMICAL- BIO- STIMULANT,"Protein hydrolysate(Plant, Bacterial and animal origin)",Water Soluble potash as K2O % w/w,FCO 1985 SCD IV Part D Cl.No.09,50,15,800,1,144,944,ABRL PRO 060,0.05 % to 35 %,,,https://forms.gle/ALxktWakYxGehtMa9
967,NABL,CHEMICAL- BIO- STIMULANT,"Protein hydrolysate(Plant, Bacterial and animal origin)",Zinc as Zn mg/kg,FCO 1985 SCD IV Part D Cl.No.10,50,15,600,1,108,708,ABRL PRO 060,10 µg/kg to 50000 mg/kg,,,https://forms.gle/ALxktWakYxGehtMa9
968,NABL,CHEMICAL- BIO- STIMULANT,"Protein hydrolysate(Plant, Bacterial and animal origin)",Zinc as Zn mg/kg,IS 16556,50,15,600,1,108,708,ABRL PRO 060,10 µg/kg to 50000 mg/kg,,,https://forms.gle/ALxktWakYxGehtMa9
969,NABL,CHEMICAL- BIO- STIMULANT,Live micro-organisms excluding biofertilizers and biopesticides,6 Benzyl Amino Purine (6-BAP) % w/w,ABRL STP 006 (HPLC),50,15,3500,1,630,4130,ABRL PRO 002,1 mg/kg to 990000 mg/kg,0.86 mg/kg,,https://forms.gle/ZVvz31MkZnjJX1X38
970,NABL,CHEMICAL- BIO- STIMULANT,Live micro-organisms excluding biofertilizers and biopesticides,Accelerated stability study,CIPAC MT 46,500 ml,22,40000,1,7200,47200,ABRL PRO 083,Not applicable,Not applicable,,
971,NABL,CHEMICAL- BIO- STIMULANT,Live micro-organisms excluding biofertilizers and biopesticides,Acid Insoluble Ash % w/w,FCO 1985 SCD IV Part D Cl. No. 14,50,15,800,1,144,944,ABRL PRO 053,0.1 % w/w to 50 % w/w,,,https://forms.gle/pVZ3UfnzgqWD7U4x7
972,NABL,CHEMICAL- BIO- STIMULANT,Live micro-organisms excluding biofertilizers and biopesticides,Acid soluble Ash % w/w,Calculative based on FCO 1985 SCD IV Part D Cl. No. 14,50,15,800,1,144,944,ABRL PRO 053,0.1 % w/w to 50 % w/w,,,https://forms.gle/pVZ3UfnzgqWD7U4x7
973,NABL,CHEMICAL- BIO- STIMULANT,Live micro-organisms excluding biofertilizers and biopesticides,Alginic Acid % w/w,ABRL STP 050 (HPLC),50,15,3500,1,630,4130,ABRL PRO 002,0.0001 % to 99 %,44.70 mg/kg,,https://forms.gle/ZVvz31MkZnjJX1X38
974,NABL,CHEMICAL- BIO- STIMULANT,Live micro-organisms excluding biofertilizers and biopesticides,Alpha-tocopherol (Vitamin E) % w/w,ABRL STP 010 (HPLC),50,15,3500,1,630,4130,ABRL PRO 002,0.0001 % to 99 %,,,https://forms.gle/ZVvz31MkZnjJX1X38
975,NABL,CHEMICAL- BIO- STIMULANT,Live micro-organisms excluding biofertilizers and biopesticides,Aluminium as Al mg/kg,ABRL STP 043 (MP-AES),50,15,1000,1,180,1180,ABRL PRO 028,10 µg/kg to 100000 mg/kg,,,https://forms.gle/CYNtvab5hedeJEEMA
976,NABL,CHEMICAL- BIO- STIMULANT,Live micro-organisms excluding biofertilizers and biopesticides,Ammoniacal nitrogen % w/w,FCO 1985 SCD II Part B Cl.No.03,50,15,600,1,108,708,ABRL PRO 014,0.1 % to 40 %,,,https://forms.gle/eCp5pXhcQKkRUFpd8
977,NABL,CHEMICAL- BIO- STIMULANT,Live micro-organisms excluding biofertilizers and biopesticides,Appereance ,ABRL STP 091,50,15,100,1,18,118,ABRL PRO 092,NA,,,https://forms.gle/ZrVhayg6o6mkzWNy6
978,NABL,CHEMICAL- BIO- STIMULANT,Live micro-organisms excluding biofertilizers and biopesticides,Arsenic as As/As2O3 mg/kg,FCO 1985 SCD IV Part D Cl. No. 12,50,15,1000,1,180,1180,ABRL PRO 060,10 µg/kg to 50000 mg/kg,,,https://forms.gle/ALxktWakYxGehtMa9
979,NABL,CHEMICAL- BIO- STIMULANT,Live micro-organisms excluding biofertilizers and biopesticides,Arsenic as As / AS2O3 mg/kg,IS 16556,50,15,1000,1,180,1180,ABRL PRO 060,10 µg/kg to 50000 mg/kg,,,https://forms.gle/ALxktWakYxGehtMa9
980,NABL,CHEMICAL- BIO- STIMULANT,Live micro-organisms excluding biofertilizers and biopesticides,Ascorbic acid % w/w,ABRL STP 005 (HPLC),50,15,3500,1,630,4130,ABRL PRO 002,0.00001 % to 99 %,,,https://forms.gle/ZVvz31MkZnjJX1X38
981,NABL,CHEMICAL- BIO- STIMULANT,Live micro-organisms excluding biofertilizers and biopesticides,Barium as Ba mg/kg,ABRL STP 043 (MP-AES),50,15,1000,1,180,1180,ABRL PRO 028,10 µg/kg to 100000 mg/kg,,,https://forms.gle/CYNtvab5hedeJEEMA
982,NABL,CHEMICAL- BIO- STIMULANT,Live micro-organisms excluding biofertilizers and biopesticides,Boron as B mg/kg,ABRL STP 043 (MP-AES),50,15,1000,1,180,1180,ABRL PRO 028,10 µg/kg to 100000 mg/kg,,,https://forms.gle/CYNtvab5hedeJEEMA
983,NABL,CHEMICAL- BIO- STIMULANT,Live micro-organisms excluding biofertilizers and biopesticides,C:N Ratio,FCO 1985 SCD IV Part D Cl.No. 07,50,15,100,1,18,118,ABRL PRO 008,Calculative,,,"https://forms.gle/b51JKPnT1J9kNucy8 , https://forms.gle/Q3mPhs2GWZHCcP1T6"
984,NABL,CHEMICAL- BIO- STIMULANT,Live micro-organisms excluding biofertilizers and biopesticides,C:N Ratio ,IS 16556,50,15,100,1,18,118,ABRL PRO 008,Calculative,,,"https://forms.gle/b51JKPnT1J9kNucy8 , https://forms.gle/Q3mPhs2GWZHCcP1T6"
985,NABL,CHEMICAL- BIO- STIMULANT,Live micro-organisms excluding biofertilizers and biopesticides,Cadmium as Cd mg/kg,FCO 1985 SCD IV Part D Cl.No.10,50,15,3200,1,576,3776,ABRL PRO 060,10 µg/kg to 50000 mg/kg,,,https://forms.gle/ALxktWakYxGehtMa9
986,NABL,CHEMICAL- BIO- STIMULANT,Live micro-organisms excluding biofertilizers and biopesticides,Cadmium as Cd mg/kg,IS 16556,50,15,3200,1,576,3776,ABRL PRO 060,10 µg/kg to 50000 mg/kg,,,https://forms.gle/ALxktWakYxGehtMa9
987,NABL,CHEMICAL- BIO- STIMULANT,Live micro-organisms excluding biofertilizers and biopesticides,Calcium as Ca mg/kg,ABRL STP 043 (MP-AES),50,15,1000,1,180,1180,ABRL PRO 028,1 mg/kg to 500000 mg/kg,,,https://forms.gle/CYNtvab5hedeJEEMA
988,NABL,CHEMICAL- BIO- STIMULANT,Live micro-organisms excluding biofertilizers and biopesticides,Carrabiitol % w/w,ABRL STP 092 (HPLC),100,15,3500,1,630,4130,,,,,
989,NABL,CHEMICAL- BIO- STIMULANT,Live micro-organisms excluding biofertilizers and biopesticides,Cation Exchange Capacity meq/g,ABRL STP 053 (MP-AES),50,15,1500,1,270,1770,ABRL PRO 045, 1 meq/g to 50000 meq/g,,,https://forms.gle/8X4X79vm56r7wuts8
990,NABL,CHEMICAL- BIO- STIMULANT,Live micro-organisms excluding biofertilizers and biopesticides,Chromium as Cr mg/kg,FCO 1985 SCD IV Part D Cl.No.10,50,15,600,1,108,708,ABRL PRO 060,10 µg/kg to 50000 mg/kg,,,https://forms.gle/ALxktWakYxGehtMa9
991,NABL,CHEMICAL- BIO- STIMULANT,Live micro-organisms excluding biofertilizers and biopesticides,Chromium as Cr mg/kg,IS 16556,50,15,600,,108,708,ABRL PRO 060,10 µg/kg to 50000 mg/kg,,,https://forms.gle/ALxktWakYxGehtMa9
992,NABL,CHEMICAL- BIO- STIMULANT,Live micro-organisms excluding biofertilizers and biopesticides,Clarity,European Pharmacopiea 9.2,50,15,100,1,18,118,ABRL PRO 092,NA,,,https://forms.gle/ZrVhayg6o6mkzWNy6
993,NABL,CHEMICAL- BIO- STIMULANT,Live micro-organisms excluding biofertilizers and biopesticides,Cobalt as Co mg/kg,ABRL STP 043 (MP-AES),100,15,1000,1,180,1180,ABRL PRO 028,10 µg/kg to 100000 mg/kg,,,https://forms.gle/CYNtvab5hedeJEEMA
994,NABL,CHEMICAL- BIO- STIMULANT,Live micro-organisms excluding biofertilizers and biopesticides,Colour,OPPTS 830.6302,50,15,100,1,18,118,ABRL PRO 092,NA,,,https://forms.gle/ZrVhayg6o6mkzWNy6
995,NABL,CHEMICAL- BIO- STIMULANT,Live micro-organisms excluding biofertilizers and biopesticides,Conductivity µS/cm,FCO 1985 SCD IV Part D Cl.No.04,50,15,450,1,81,531,ABRL PRO 017,1 µS/cm to 50000 µS/cm,,,https://forms.gle/NjLm8u7U1By8uar4A
996,NABL,CHEMICAL- BIO- STIMULANT,Live micro-organisms excluding biofertilizers and biopesticides,Conductivity µS/cm,IS 16556,50,15,450,1,81,531,ABRL PRO 017,1 µS/cm to 50000 µS/cm,,,https://forms.gle/NjLm8u7U1By8uar4A
997,NABL,CHEMICAL- BIO- STIMULANT,Live micro-organisms excluding biofertilizers and biopesticides,Copper as Cu mg/kg,FCO 1985 SCD IV Part D Cl.No.10,50,15,600,1,108,708,ABRL PRO 060,10 µg/kg to 50000 mg/kg,,,https://forms.gle/ALxktWakYxGehtMa9
998,NABL,CHEMICAL- BIO- STIMULANT,Live micro-organisms excluding biofertilizers and biopesticides,Copper as Cu mg/kg,IS 16556,50,15,600,1,108,708,ABRL PRO 060,10 µg/kg to 50000 mg/kg,,,https://forms.gle/ALxktWakYxGehtMa9
999,NABL,CHEMICAL- BIO- STIMULANT,Live micro-organisms excluding biofertilizers and biopesticides,Density g/ml,FCO 1985 SCD IV Part D,50,15,350,1,63,413,ABRL PRO 041,0.500 to 2.500 g/ml,,,https://forms.gle/1ummEPEzcdMaeP1XA
1000,NABL,CHEMICAL- BIO- STIMULANT,Live micro-organisms excluding biofertilizers and biopesticides,Density g/ml,IS 16556,50,15,350,1,63,413,ABRL PRO 041,0.500 to 2.500 g/ml,,,https://forms.gle/1ummEPEzcdMaeP1XA
1001,NABL,CHEMICAL- BIO- STIMULANT,Live micro-organisms excluding biofertilizers and biopesticides,Dilution Stability,CIPAC MT 41,50,15,1500,1,270,1770,ABRL PRO 093,Not applicable,,,https://forms.gle/7WdUJ6YZ1kVrGfC77
1002,NABL,CHEMICAL- BIO- STIMULANT,Live micro-organisms excluding biofertilizers and biopesticides,Elemental Sulphur % w/w,FCO 1985 SCD II Part B Cl. No.24,50,15,400,1,72,472,ABRL PRO 011,0.1 % to 50 %,,,https://forms.gle/NEPfFA1GmooQ6YAg8
1003,NABL,CHEMICAL- BIO- STIMULANT,Live micro-organisms excluding biofertilizers and biopesticides,Folic acid % w/w,ABRL STP 001 (HPLC),50,15,3500,1,630,4130,ABRL PRO 002,0.005 % to 95 %,0.15 mg/kg,,https://forms.gle/ZVvz31MkZnjJX1X38
1004,NABL,CHEMICAL- BIO- STIMULANT,Live micro-organisms excluding biofertilizers and biopesticides,Formol nitrogen content % w/w,Thai industrial standard Page no.191,50,15,2000,1,360,2360,ABRL PRO 092,0.05 % to 50 %,,,https://forms.gle/Y7Ye6zMjosRonixA8
1005,NABL,CHEMICAL- BIO- STIMULANT,Live micro-organisms excluding biofertilizers and biopesticides,Free alkali as KOH % w/w,ABRL STP 038 (Titremetric),50,15,450,1,81,531,ABRL PRO 024,0.01 % to 50 %,,,https://forms.gle/UD2YCiGdzqo8VMFb6
1006,NABL,CHEMICAL- BIO- STIMULANT,Live micro-organisms excluding biofertilizers and biopesticides,Free alkali as NaOH % w/w,ABRL STP 038 (Titremetric),50,15,450,1,81,531,ABRL PRO 024,0.01 % to 50 %,,,https://forms.gle/UD2YCiGdzqo8VMFb6
1007,NABL,CHEMICAL- BIO- STIMULANT,Live micro-organisms excluding biofertilizers and biopesticides,Free amino nitrogen % w/w,ABRL STP 052 (Ninhydrin),50,15,1500,1,270,1770,ABRL PRO 044,0.001 % to 99 %,,,https://forms.gle/KnFSJs2pxi9pDKaTA
1008,NABL,CHEMICAL- BIO- STIMULANT,Live micro-organisms excluding biofertilizers and biopesticides,Fucoidan % w/w,ABRL STP 115 (HPLC),50,15,3500,1,630,4130,ABRL PRO 002,0.00001 % to 99 %,,,https://forms.gle/ZVvz31MkZnjJX1X38
1009,NABL,CHEMICAL- BIO- STIMULANT,Live micro-organisms excluding biofertilizers and biopesticides,Fulvic acid % w/w,ABRL STP 116 (Titrimetric),50,15,1000,1,180,1180,ABRL PRO 108,0.001 % to 60 %,,,https://forms.gle/rMyfSJtJSzRCT7Yj8
1010,NABL,CHEMICAL- BIO- STIMULANT,Live micro-organisms excluding biofertilizers and biopesticides,Gibbrellic Acid -3 (GA3) % w/w,ABRL STP 003 (HPLC),50,15,3500,1,630,4130,ABRL PRO 002,0.001 % to 97 %,0.17 mg/kg,,https://forms.gle/ZVvz31MkZnjJX1X38
1011,NABL,CHEMICAL- BIO- STIMULANT,Live micro-organisms excluding biofertilizers and biopesticides,Humic Acid % w/w,ISO 19822,50,15,4000,1,720,4720,ABRL PRO 029,1 % to 70 %,,,"https://forms.gle/BYPkiHP9Z2dBoFVs6 , https://forms.gle/NEPfFA1GmooQ6YAg8"
1012,NABL,CHEMICAL- BIO- STIMULANT,Live micro-organisms excluding biofertilizers and biopesticides,Hydrophobic fulvic acid % w/w,ISO 19822,50,15,4000,1,720,4720,ABRL PRO 029,1 % to 70 %,,,"https://forms.gle/BYPkiHP9Z2dBoFVs6 , https://forms.gle/NEPfFA1GmooQ6YAg8"
1013,NABL,CHEMICAL- BIO- STIMULANT,Live micro-organisms excluding biofertilizers and biopesticides,Indole Acetic Acid % w/w,ABRL STP 002 (HPLC),50,15,3500,1,630,4130,ABRL PRO 002,0.005 % to 99 %,0.14 mg/kg,,https://forms.gle/ZVvz31MkZnjJX1X38
1014,NABL,CHEMICAL- BIO- STIMULANT,Live micro-organisms excluding biofertilizers and biopesticides,Indole Butyric Acid % w/w,ABRL STP 022 (HPLC),50,15,3500,1,630,4130,ABRL PRO 002,0.003 % to 99 %,0.52 mg/kg,,https://forms.gle/ZVvz31MkZnjJX1X38
1015,NABL,CHEMICAL- BIO- STIMULANT,Live micro-organisms excluding biofertilizers and biopesticides,Inorganic matter (Ash) % w/w,Calculative based on FCO 1985 SCD IV Part D Cl.No.05,50,15,800,1,144,944,ABRL PRO 008,1 % to 55 %,,,https://forms.gle/b51JKPnT1J9kNucy8
1016,NABL,CHEMICAL- BIO- STIMULANT,Live micro-organisms excluding biofertilizers and biopesticides,Inorganic matter (Ash) % w/w,IS 16556,50,15,800,1,144,944,ABRL PRO 008,0.1 % to 99 %,,,https://forms.gle/b51JKPnT1J9kNucy8
1017,NABL,CHEMICAL- BIO- STIMULANT,Live micro-organisms excluding biofertilizers and biopesticides,Inorganic Nitrogen (Nitrate nitrogen) % w/w,FCO 1985 SCD II Part B Cl.No.03,50,15,1000,1,180,1180,ABRL PRO 055,0.1 % to 35 %,,,https://forms.gle/3CzKP7dHJ2b1ptPq6
1018,NABL,CHEMICAL- BIO- STIMULANT,Live micro-organisms excluding biofertilizers and biopesticides,Iron as Fe % w/w,ABRL STP 043 (MP-AES),50,15,1000,1,180,1180,ABRL PRO 028,10 µg/kg to 100000 mg/kg,,,https://forms.gle/CYNtvab5hedeJEEMA
1019,NABL,CHEMICAL- BIO- STIMULANT,Live micro-organisms excluding biofertilizers and biopesticides,K as K2O % w/w,IS 9497,,15,,,0,0,,,,,
1020,NABL,CHEMICAL- BIO- STIMULANT,Live micro-organisms excluding biofertilizers and biopesticides,Kinetin % w/w,ABRL STP 008 (HPLC),50,15,4000,1,720,4720,ABRL PRO 002,0.005 % to 99 %,0.03 mg/kg,,https://forms.gle/ZVvz31MkZnjJX1X38
1021,NABL,CHEMICAL- BIO- STIMULANT,Live micro-organisms excluding biofertilizers and biopesticides,Laminarin % w/w,ABRL STP 114 (HPLC),50,15,3500,1,630,4130,ABRL PRO 002,0.00001 % to 99 %,,,https://forms.gle/ZVvz31MkZnjJX1X38
1022,NABL,CHEMICAL- BIO- STIMULANT,Live micro-organisms excluding biofertilizers and biopesticides,Lead as Pb mg/kg,FCO 1985 SCD IV Part D Cl.No.10,50,15,600,1,108,708,ABRL PRO 060,10 µg/kg to 50000 mg/kg,,,https://forms.gle/ALxktWakYxGehtMa9
1023,NABL,CHEMICAL- BIO- STIMULANT,Live micro-organisms excluding biofertilizers and biopesticides,Lead as Pb mg/kg,IS 16556,50,15,600,1,108,708,ABRL PRO 060,10 µg/kg to 50000 mg/kg,,,https://forms.gle/ALxktWakYxGehtMa9
1024,NABL,CHEMICAL- BIO- STIMULANT,Live micro-organisms excluding biofertilizers and biopesticides,Magnesium as Mg mg/kg,ABRL STP 043 (MP-AES),50,15,1000,1,180,1180,ABRL PRO 028,10 µg/kg to 100000 mg/kg,,,https://forms.gle/CYNtvab5hedeJEEMA
1025,NABL,CHEMICAL- BIO- STIMULANT,Live micro-organisms excluding biofertilizers and biopesticides,Manganese as Mn mg/kg,ABRL STP 043 (MP-AES),50,15,1000,1,180,1180,ABRL PRO 028,10 µg/kg to 100000 mg/kg,,,https://forms.gle/CYNtvab5hedeJEEMA
1026,NABL,CHEMICAL- BIO- STIMULANT,Live micro-organisms excluding biofertilizers and biopesticides,Mannitol % w/w,ABRL STP 051 (HPLC),50,15,1500,1,270,1770,ABRL PRO 043,0.01 % to 95 %,,,https://forms.gle/Gx8Sx2CdHYh9FdJm7
1027,NABL,CHEMICAL- BIO- STIMULANT,Live micro-organisms excluding biofertilizers and biopesticides,Material Insoluble in water % w/w,CIPAC MT 10,50,15,350,1,63,413,ABRL PRO 020,0.1 % to 50 %,,,https://forms.gle/4mKKEZ5kDncKWzB86
1028,NABL,CHEMICAL- BIO- STIMULANT,Live micro-organisms excluding biofertilizers and biopesticides,Mercury as Hg mg/kg,FCO 1985 SCD IV Part D Cl.No.11,50,15,1000,1,180,1180,ABRL PRO 060,10 µg/kg to 50000 mg/kg,,,https://forms.gle/ALxktWakYxGehtMa9
1029,NABL,CHEMICAL- BIO- STIMULANT,Live micro-organisms excluding biofertilizers and biopesticides,Mercury as Hg mg/kg,IS 16556,50,15,1000,1,180,1180,ABRL PRO 060,10 µg/kg to 50000 mg/kg,,,https://forms.gle/ALxktWakYxGehtMa9
1030,NABL,CHEMICAL- BIO- STIMULANT,Live micro-organisms excluding biofertilizers and biopesticides,Moisture Content % w/w,FCO 1985 SCD IV Part D Cl.No.02,200,15,450,1,81,531,ABRL PRO 004,0.1 % to 65 %,,,https://forms.gle/r52g7ec3g7ZfoEhWA
1031,NABL,CHEMICAL- BIO- STIMULANT,Live micro-organisms excluding biofertilizers and biopesticides,Moisture Content % w/w,ABRL STP 090 (IR Balance),200,15,450,1,81,531,ABRL PRO 030,0.1 % to 65 %,,,https://forms.gle/GVr8x5kg84nXY8ML9
1032,NABL,CHEMICAL- BIO- STIMULANT,Live micro-organisms excluding biofertilizers and biopesticides,Moisture Content % w/w,IS 15106,50,15,450,1,81,531,ABRL PRO 004,0.01 % to 50 % w/w,,,https://forms.gle/r52g7ec3g7ZfoEhWA
1033,NABL,CHEMICAL- BIO- STIMULANT,Live micro-organisms excluding biofertilizers and biopesticides,Moisture Content % w/w,IS 16556,200,15,450,1,81,531,ABRL PRO 004,0.1 % to 65 %,,,https://forms.gle/r52g7ec3g7ZfoEhWA
1034,NABL,CHEMICAL- BIO- STIMULANT,Live micro-organisms excluding biofertilizers and biopesticides,Moisture Content % w/w,ISO 19822,50,15,500,1,90,590,ABRL PRO 004,1 % to 10 %,,,https://forms.gle/r52g7ec3g7ZfoEhWA
1035,NABL,CHEMICAL- BIO- STIMULANT,Live micro-organisms excluding biofertilizers and biopesticides,Molybdenum as Mo mg/kg,ABRL STP 043 (MP-AES),50,15,1000,1,180,1180,ABRL PRO 028,10 µg/kg to 100000 mg/kg,,,https://forms.gle/CYNtvab5hedeJEEMA
1036,NABL,CHEMICAL- BIO- STIMULANT,Live micro-organisms excluding biofertilizers and biopesticides,Myo-inositol % w/w,ABRL STP 113 (HPLC),50,15,3500,1,630,4130,ABRL PRO 002,0.00001 % to 99 %,,,https://forms.gle/ZVvz31MkZnjJX1X38
1037,NABL,CHEMICAL- BIO- STIMULANT,Live micro-organisms excluding biofertilizers and biopesticides,Na as Na2O % w/w,IS 9497,50,15,500,1,90,590,ABRL PRO 006,0.05% to 50 %,,,"https://forms.gle/xFDBDxZZHQdxNbVW8 , https://forms.gle/r52g7ec3g7ZfoEhWA"
1038,NABL,CHEMICAL- BIO- STIMULANT,Live micro-organisms excluding biofertilizers and biopesticides,Naphthyl Acetic Acid (NAA) % w/w,ABRL STP 071 (HPLC),50,15,3500,1,630,4130,ABRL PRO 002,0.0001% to 99 %,0.41 mg/kg,,https://forms.gle/ZVvz31MkZnjJX1X38
1039,NABL,CHEMICAL- BIO- STIMULANT,Live micro-organisms excluding biofertilizers and biopesticides,Nickel as Ni mg/kg,FCO 1985 SCD IV Part D Cl.No.10,50,15,600,1,108,708,ABRL PRO 060,10 µg/kg to 50000 mg/kg,,,https://forms.gle/ALxktWakYxGehtMa9
1040,NABL,CHEMICAL- BIO- STIMULANT,Live micro-organisms excluding biofertilizers and biopesticides,Nickel as Ni mg/kg,IS 16556,50,15,600,1,108,708,ABRL PRO 060,10 µg/kg to 50000 mg/kg,,,https://forms.gle/ALxktWakYxGehtMa9
1041,NABL,CHEMICAL- BIO- STIMULANT,Live micro-organisms excluding biofertilizers and biopesticides,Odor,OPPTS 830.6304,50,15,100,1,18,118,ABRL PRO 092,NA,,,https://forms.gle/ZrVhayg6o6mkzWNy6
1042,NABL,CHEMICAL- BIO- STIMULANT,Live micro-organisms excluding biofertilizers and biopesticides,Organic matter % w/w,FCO 1985 SCD IV Part D Cl.No.05,50,15,800,1,144,944,ABRL PRO 008, 0.1 % to 99 %,,,https://forms.gle/b51JKPnT1J9kNucy8
1043,NABL,CHEMICAL- BIO- STIMULANT,Live micro-organisms excluding biofertilizers and biopesticides,Organic matter % w/w,IS 16556,50,15,800,1,144,944,ABRL PRO 008, 0.1 % to 99 %,,,https://forms.gle/b51JKPnT1J9kNucy8
1044,NABL,CHEMICAL- BIO- STIMULANT,Live micro-organisms excluding biofertilizers and biopesticides,Particle size % w/w,FCO 1985 SCD IV Part D,100,15,300,1,54,354,ABRL PRO 061,0.1 % to 100 %,,,https://forms.gle/eSfFCX1syVcSxff18
1045,NABL,CHEMICAL- BIO- STIMULANT,Live micro-organisms excluding biofertilizers and biopesticides,Persistant foaming (ml),CIPAC MT 47,50,15,1000,1,180,1180,ABRL PRO 094,0.1 ml to 1000 ml,,,https://forms.gle/inQej5gjwJrvLm2S8
1046,NABL,CHEMICAL- BIO- STIMULANT,Live micro-organisms excluding biofertilizers and biopesticides,pH (% aqeous solution/ Liquid),ABRL STP 027(PH-Meter),100,15,350,1,63,413,ABRL PRO 001,1 to 14,,,https://forms.gle/sHECK8iCUHJm39wK9
1047,NABL,CHEMICAL- BIO- STIMULANT,Live micro-organisms excluding biofertilizers and biopesticides,pH ,FCO 1985 SCD II Part B Cl.No.08,200,15,350,1,63,413,ABRL PRO 001,1 to 14,,,https://forms.gle/sHECK8iCUHJm39wK9
1048,NABL,CHEMICAL- BIO- STIMULANT,Live micro-organisms excluding biofertilizers and biopesticides,pH ,FCO 1985 SCD IV Part D Cl.No.1,100,15,400,1,72,472,ABRL PRO 041,1 to 14,,Minimum sample handeling charge is to be considered if providing service lower than 500 Rs.,https://forms.gle/1ummEPEzcdMaeP1XA
1049,NABL,CHEMICAL- BIO- STIMULANT,Live micro-organisms excluding biofertilizers and biopesticides,pH,IS 16556,100,15,400,1,72,472,ABRL PRO 041,1 to 14,,Minimum sample handeling charge is to be considered if providing service lower than 500 Rs.,https://forms.gle/1ummEPEzcdMaeP1XA
1050,NABL,CHEMICAL- BIO- STIMULANT,Live micro-organisms excluding biofertilizers and biopesticides,Physical State (Form),OPPTS 830.6303,50,15,100,1,18,118,ABRL PRO 092,NA,,,https://forms.gle/ZrVhayg6o6mkzWNy6
1051,NABL,CHEMICAL- BIO- STIMULANT,Live micro-organisms excluding biofertilizers and biopesticides,Plant available silicon % w/w,FCO 1985 SCD II Part B Cl.No.29,50,15,1500,1,270,1770,ABRL PRO 069,0.01 % to 50 %,,,https://forms.gle/1ZzQ7V7cKb1dgmj4A
1052,NABL,CHEMICAL- BIO- STIMULANT,Live micro-organisms excluding biofertilizers and biopesticides,Potassium as K mg/kg,ABRL STP 043 (MP-AES),100,15,1000,1,180,1180,ABRL PRO 028,1 mg/kg to 500000 mg/kg,,,https://forms.gle/CYNtvab5hedeJEEMA
1053,NABL,CHEMICAL- BIO- STIMULANT,Live micro-organisms excluding biofertilizers and biopesticides,Pourability (Residue) % w/w,CIPAC MT 148,1000,15,2000,1,360,2360,ABRL PRO 095,0.1 % to 70 %,,,https://forms.gle/49mTRqwiD6QxDFU87
1054,NABL,CHEMICAL- BIO- STIMULANT,Live micro-organisms excluding biofertilizers and biopesticides,Pourability (Rinsed Residue) % w/w,CIPAC MT 148,1000,15,2000,1,360,2360,ABRL PRO 095,0.01 % to 50 %,,,https://forms.gle/49mTRqwiD6QxDFU87
1055,NABL,CHEMICAL- BIO- STIMULANT,Live micro-organisms excluding biofertilizers and biopesticides,Quercetin % w/w,ABRL STP 007 (HPLC),50,15,3500,1,630,4130,ABRL PRO 002,0.0001 % to 95 %,0.39 mg/kg,,https://forms.gle/ZVvz31MkZnjJX1X38
1056,NABL,CHEMICAL- BIO- STIMULANT,Live micro-organisms excluding biofertilizers and biopesticides,Shape ,ABRL STP 091,50,15,100,1,18,118,ABRL PRO 092,NA,,,https://forms.gle/ZrVhayg6o6mkzWNy6
1057,NABL,CHEMICAL- BIO- STIMULANT,Live micro-organisms excluding biofertilizers and biopesticides,Sodium as Na mg/kg,ABRL STP 043 (MP-AES),50,15,3500,1,630,4130,ABRL PRO 028,1 mg/kg to 500000 mg/kg,,,https://forms.gle/CYNtvab5hedeJEEMA
1058,NABL,CHEMICAL- BIO- STIMULANT,Live micro-organisms excluding biofertilizers and biopesticides,Solid Content % w/w,IS 15106,50,15,450,1,81,531,ABRL PRO 004,0.1 % to 99 % w/w,,,https://forms.gle/r52g7ec3g7ZfoEhWA
1059,NABL,CHEMICAL- BIO- STIMULANT,Live micro-organisms excluding biofertilizers and biopesticides,Solubility % w/w,ABRL STP 036 (Gravimetric),50,15,350,1,63,413,ABRL PRO 020,0.1 % to 100 %,,,https://forms.gle/4mKKEZ5kDncKWzB86
1060,NABL,CHEMICAL- BIO- STIMULANT,Live micro-organisms excluding biofertilizers and biopesticides,Specific gravity ,CIPAC MT 3,50,15,350,1,63,413,ABRL PRO 066,0.500 to 2.500 g/ml,,,https://forms.gle/WXPbz5i1fZHux8bM9
1061,NABL,CHEMICAL- BIO- STIMULANT,Live micro-organisms excluding biofertilizers and biopesticides,Specific gravity,FCO 1985 SCD II Part B,50,15,350,1,63,413,ABRL PRO 066,0.500 to 2.500 g/ml,,,https://forms.gle/WXPbz5i1fZHux8bM9
1062,NABL,CHEMICAL- BIO- STIMULANT,Live micro-organisms excluding biofertilizers and biopesticides,Strontium as Sr mg/kg,ABRL STP 043 (MP-AES),50,15,3500,1,630,4130,ABRL PRO 028,1 mg/kg to 500000 mg/kg,,,https://forms.gle/CYNtvab5hedeJEEMA
1063,NABL,CHEMICAL- BIO- STIMULANT,Live micro-organisms excluding biofertilizers and biopesticides,Sulphate Sulphur % w/w,FCO 1985 SCD II Part B Cl. No.24,50,15,800,1,144,944,ABRL PRO 011,0.1 % to 70 %,,,https://forms.gle/NEPfFA1GmooQ6YAg8
1064,NABL,CHEMICAL- BIO- STIMULANT,Live micro-organisms excluding biofertilizers and biopesticides,Suspensibility % w/w,CIPAC MT 161,100,15,2000,1,360,2360,ABRL PRO 096,0.1 % to 105 %,,,https://forms.gle/1KM8MciJYXpU9Noz8
1065,NABL,CHEMICAL- BIO- STIMULANT,Live micro-organisms excluding biofertilizers and biopesticides,Thiamin mononitrate (Vitamin B1) % w/w,ABRL STP 009 (HPLC),50,15,3500,1,630,4130,ABRL PRO 002,0.0001 % to 99 %,,,https://forms.gle/ZVvz31MkZnjJX1X38
1066,NABL,CHEMICAL- BIO- STIMULANT,Live micro-organisms excluding biofertilizers and biopesticides,Total Amino acid % w/w,ABRL STP 052 (Ninhydrin),50,15,1500,1,270,1770,ABRL PRO 044,0.001 % to 99 %,,,https://forms.gle/KnFSJs2pxi9pDKaTA
1067,NABL,CHEMICAL- BIO- STIMULANT,Live micro-organisms excluding biofertilizers and biopesticides,Total Amino Nitrogen % w/w,Thai industrial standard Page no. 191-193,1500,15,2000,1,360,2360,ABRL PRO 092,0.001 % to 99 %,,,https://forms.gle/KnFSJs2pxi9pDKaTA
1068,NABL,CHEMICAL- BIO- STIMULANT,Live micro-organisms excluding biofertilizers and biopesticides,Total Carbohydrate % w/w,ABRL STP 046 (Anthrone),50,15,1500,1,270,1770,ABRL PRO 035,0.001 % to 99 %,10.05 mg/kg,,https://forms.gle/QExDSnE6janEauz8A
1069,NABL,CHEMICAL- BIO- STIMULANT,Live micro-organisms excluding biofertilizers and biopesticides,Total Chloride % w/w,FCO 1985 SCD II Part B Cl.No.18,50,15,300,1,54,354,ABRL PRO 078,0.01 % to 99 %,,,https://forms.gle/k6tf57dYD8yuAbRD8
1070,NABL,CHEMICAL- BIO- STIMULANT,Live micro-organisms excluding biofertilizers and biopesticides,Total Dissolved Solids (TDS) % w/w,ABRL STP 098 (Gravimetric),100,15,350,1,63,413,ABRL PRO 097,0.01 % to 60 % ,,,https://forms.gle/JbV95JkQizSL42Vm8
1071,NABL,CHEMICAL- BIO- STIMULANT,Live micro-organisms excluding biofertilizers and biopesticides,Total Humic acid % w/w,ISO 5073,50,15,1200,1,216,1416,ABRL PRO 005,0.1 % to 99 %,,,https://forms.gle/kGrK8JuttwQrNZqp7
1072,NABL,CHEMICAL- BIO- STIMULANT,Live micro-organisms excluding biofertilizers and biopesticides,Total Nitrogen % w/w,FCO 1985 SCD IV Part D Cl.No.06,50,15,1000,1,180,1180,ABRL PRO 007,0.05 % to 35 %,,,https://forms.gle/Q3mPhs2GWZHCcP1T6
1073,NABL,CHEMICAL- BIO- STIMULANT,Live micro-organisms excluding biofertilizers and biopesticides,Total Nitrogen % w/w,IS 16556,50,15,1000,1,180,1180,ABRL PRO 007,0.05 % to 35 %,,,https://forms.gle/Q3mPhs2GWZHCcP1T6
1074,NABL,CHEMICAL- BIO- STIMULANT,Live micro-organisms excluding biofertilizers and biopesticides,Total Organic Carbon/Organic Carbon % w/w,FCO 1985 SCD IV Part D Cl.No.05,50,15,900,1,162,1062,ABRL PRO 008,1 % to 55 %,,,https://forms.gle/b51JKPnT1J9kNucy8
1075,NABL,CHEMICAL- BIO- STIMULANT,Live micro-organisms excluding biofertilizers and biopesticides,Total Organic Carbon/Organic Carbon % w/w,IS 16556,50,15,900,1,162,1062,ABRL PRO 008,1 % to 55 %,,,https://forms.gle/b51JKPnT1J9kNucy8
1076,NABL,CHEMICAL- BIO- STIMULANT,Live micro-organisms excluding biofertilizers and biopesticides,Total phosphorous as P2O5 % w/w,FCO 1985 SCD IV Part D Cl.No.08,50,15,1200,1,216,1416,ABRL PRO 060,0.05% to 35 %,,,https://forms.gle/ALxktWakYxGehtMa9
1077,NABL,CHEMICAL- BIO- STIMULANT,Live micro-organisms excluding biofertilizers and biopesticides,Total phosphorous as P2O5 % w/w,IS 16556,50,15,1200,1,216,1416,ABRL PRO 060,0.05% to 35 %,,,https://forms.gle/ALxktWakYxGehtMa9
1078,NABL,CHEMICAL- BIO- STIMULANT,Live micro-organisms excluding biofertilizers and biopesticides,Total Potash K & K as K2O % w/w,IS 16556,50,15,800,1,144,944,ABRL PRO 060,0.05 % to 35 %,,,https://forms.gle/ALxktWakYxGehtMa9
1079,NABL,CHEMICAL- BIO- STIMULANT,Live micro-organisms excluding biofertilizers and biopesticides,Total Potash K & K as K2O % w/w,FCO 1985 SCD IV Part D Cl.No.09,50,15,800,1,144,944,ABRL PRO 060,0.05 % to 35 %,,,https://forms.gle/ALxktWakYxGehtMa9
1080,NABL,CHEMICAL- BIO- STIMULANT,Live micro-organisms excluding biofertilizers and biopesticides,Total Protein % w/w,ABRL STP 016 (Folin-lowery),50,15,1500,1,270,1770,ABRL PRO 018,0.001 % to 99 %,,,https://forms.gle/NVvh6HsVcqMFKm8bA
1081,NABL,CHEMICAL- BIO- STIMULANT,Live micro-organisms excluding biofertilizers and biopesticides,Total protein Calculative % w/w,Calculative based on conversion factor (Kjeldahl),50,15,100,1,18,118,ABRL PRO 007,0.05 % to 99 %,,,https://forms.gle/Q3mPhs2GWZHCcP1T6
1082,NABL,CHEMICAL- BIO- STIMULANT,Live micro-organisms excluding biofertilizers and biopesticides,Total Sulphur % w/w,FCO 1985 SCD IV Part D Cl.No.15,100,15,1200,1,216,1416,ABRL PRO 011, 0.05 % to 50 %,,,https://forms.gle/NEPfFA1GmooQ6YAg8
1083,NABL,CHEMICAL- BIO- STIMULANT,Live micro-organisms excluding biofertilizers and biopesticides,Triacontanol % w/w,ABRL STP 011 (GC),50,15,3500,1,630,4130,ABRL PRO 003,0.05 % to 99 %,502 mg/kg,,https://forms.gle/SWkKy6Q53AmRiEDg9
1084,NABL,CHEMICAL- BIO- STIMULANT,Live micro-organisms excluding biofertilizers and biopesticides,Viscosity cps,CIPAC MT 22,500,15,1000,1,180,1180,ABRL PRO 051,1 to 25000 cps,,,https://forms.gle/xMxncb1RieE6p3Gr7
1085,NABL,CHEMICAL- BIO- STIMULANT,Live micro-organisms excluding biofertilizers and biopesticides,Water Insoluble Nitrogen % w/w,FCO 1985 SCD IV Part D Cl.No.14,50,15,1000,1,180,1180,ABRL PRO 083,0.05 % to 35 %,,,https://forms.gle/pWdSyPGRKo795T8EA
1086,NABL,CHEMICAL- BIO- STIMULANT,Live micro-organisms excluding biofertilizers and biopesticides,Water Solubility % w/w,ABRL STP 036 (Gravimetric),50,15,350,1,63,413,ABRL PRO 020,0.1 % to 99 %,,,https://forms.gle/4mKKEZ5kDncKWzB86
1087,NABL,CHEMICAL- BIO- STIMULANT,Live micro-organisms excluding biofertilizers and biopesticides,Water Soluble potash as K2O % w/w,FCO 1985 SCD IV Part D Cl.No.09,50,15,800,1,144,944,ABRL PRO 060,0.05 % to 35 %,,,https://forms.gle/ALxktWakYxGehtMa9
1088,NABL,CHEMICAL- BIO- STIMULANT,Live micro-organisms excluding biofertilizers and biopesticides,Zinc as Zn mg/kg,FCO 1985 SCD IV Part D Cl.No.10,50,15,600,1,108,708,ABRL PRO 060,10 µg/kg to 50000 mg/kg,,,https://forms.gle/ALxktWakYxGehtMa9
1089,NABL,CHEMICAL- BIO- STIMULANT,Live micro-organisms excluding biofertilizers and biopesticides,Zinc as Zn mg/kg,IS 16556,50,15,600,1,108,708,ABRL PRO 060,10 µg/kg to 50000 mg/kg,,,https://forms.gle/ALxktWakYxGehtMa9
1090,NABL,CHEMICAL- FERTILIZERS,"Micronutrient fertilizer, Fortified fertilizer, 100 % water soluble fertilizer,Liquid Fertilizer",Accelerated stability study,CIPAC MT 46,500 ml,22,40000,1,7200,47200,ABRL PRO 083,Not applicable,Not applicable,,
1091,NABL,CHEMICAL- FERTILIZERS,Biofertilizer,Acid Insoluble Ash  % w/w,FCO 1985 SCD IV Part D Cl. No. 14,50,15,800,1,144,944,ABRL PRO 053,0.1 % w/w to 50 % w/w,,,https://forms.gle/pVZ3UfnzgqWD7U4x7
1092,NABL,CHEMICAL- FERTILIZERS,Organic fertilizer ,Acid Insoluble Ash  % w/w,FCO 1985 SCD IV Part D Cl. No. 14,50,15,800,1,144,944,ABRL PRO 053,0.1 % w/w to 50 % w/w,,,https://forms.gle/pVZ3UfnzgqWD7U4x7
1093,NABL,CHEMICAL- FERTILIZERS,Biofertilizer,Acid soluble Ash  % w/w,Calculative based on FCO 1985 SCD IV Part D Cl. No. 14,50,15,800,1,144,944,ABRL PRO 053,0.1 % w/w to 50 % w/w,,,https://forms.gle/pVZ3UfnzgqWD7U4x7
1094,NABL,CHEMICAL- FERTILIZERS,Organic fertilizer ,Acid soluble Ash  % w/w,Calculative based on FCO 1985 SCD IV Part D Cl. No. 14,50,15,800,1,144,944,ABRL PRO 053,0.1 % w/w to 50 % w/w,,,https://forms.gle/pVZ3UfnzgqWD7U4x7
1095,NABL,CHEMICAL- FERTILIZERS,"NP /NPK fertilizer, Straight Sulphur fertilizers, 100 % water
soluble complex fertilizers",Acidity as H2SO4 % w/w,FCO 1985 SCD II Part B Cl. No.03,50,15,350,1,63,413,ABRL PRO 039,0.001 % to 10 %,,,https://forms.gle/yQwUR2a2KMgpzniG9
1096,NABL,CHEMICAL- FERTILIZERS,"NP /NPK fertilizer, Straight Sulphur fertilizers, 100 % water
soluble complex fertilizers",Ammoniacal nitrogen % w/w,FCO 1985 SCD II Part B Cl.No.03,50,15,600,1,108,708,ABRL PRO 014,0.1 % to 40 %,,,https://forms.gle/eCp5pXhcQKkRUFpd8
1097,NABL,CHEMICAL- FERTILIZERS,Fortified fertilizers,Ammoniacal nitrogen % w/w,FCO 1985 SCD II Part B Cl.No.28,50,15,600,1,108,708,ABRL PRO 014,0.1 % to 40 %,,,https://forms.gle/eCp5pXhcQKkRUFpd8
1098,NABL,CHEMICAL- FERTILIZERS,Biofertilizer,Appearance ,ABRL STP 108,50,15,100,1,18,118,ABRL PRO 092,NA,,,https://forms.gle/ZrVhayg6o6mkzWNy6
1099,NABL,CHEMICAL- FERTILIZERS,Fortified fertilizers,Appearance,FCO 1985 SCD II Part B,50,15,100,1,18,118,ABRL PRO 092,NA,,,https://forms.gle/ZrVhayg6o6mkzWNy6
1100,NABL,CHEMICAL- FERTILIZERS,Organic fertilizer ,Appearance ,ABRL STP 108,50,15,100,1,18,118,ABRL PRO 092,NA,,,https://forms.gle/ZrVhayg6o6mkzWNy6
1101,NABL,CHEMICAL- FERTILIZERS,Biofertilizer,Arsenic as As/As2O3 mg/kg,FCO 1985 SCD IV Part D Cl. No. 12,50,15,1000,1,180,1180,ABRL PRO 060,10 µg/kg to 50000 mg/kg,,,https://forms.gle/ALxktWakYxGehtMa9
1102,NABL,CHEMICAL- FERTILIZERS,Organic fertilizer ,Arsenic as As/As2O3 mg/kg,FCO 1985 SCD IV Part D Cl. No. 12,50,15,1000,1,180,1180,ABRL PRO 060,10 µg/kg to 50000 mg/kg,,,https://forms.gle/ALxktWakYxGehtMa9
1103,NABL,CHEMICAL- FERTILIZERS,"Micronutrients , Amino acid chelated micronutrient, Liquid fertilizer",Arsenic as As/As2O3 % w/w,FCO 1985 SCD II Part B Cl. No.09,50,15,1000,1,180,1180,ABRL PRO 060,10 µg/kg to 50000 mg/kg,,,https://forms.gle/ALxktWakYxGehtMa9
1104,NABL,CHEMICAL- FERTILIZERS,Straight phosphorous fertilizers,Available phosphorous as P2O5 % w/w,FCO 1985 SCD II Part B Cl.No.4,50,15,1500,1,270,1770,ABRL PRO 056,0.1 % to 50 %,,,https://forms.gle/RehosVPeNW5cq9fs6
1105,NABL,CHEMICAL- FERTILIZERS,Fortified fertilizers,Available phosphorous as P2O5 % w/w,"FCO 1985 SCD II Part B
Cl.No.28(iii)",50,15,1500,1,270,1770,ABRL PRO 056,0.1 % to 50 %,,,https://forms.gle/RehosVPeNW5cq9fs6
1106,NABL,CHEMICAL- FERTILIZERS,"Micronutrients , Amino acid chelated micronutrient, Liquid fertilizer",Boron as B % w/w,FCO 1985 SCD II Part B Cl. No.22 A/23/11,50,15,1000,1,180,1180,ABRL PRO 076,0.1 % to 60%,,,https://forms.gle/54K5t8kZdHXyDnw17
1107,NABL,CHEMICAL- FERTILIZERS,Fortified fertilizers,Boron % w/w,"FCO 1985 SCD II Part B
Cl.No.28(vii)",50,15,800,1,144,944,ABRL PRO 064,0.1 % to 50 %,,,https://forms.gle/4F75XVA4wJS1LojT6
1108,NABL,CHEMICAL- FERTILIZERS,Biofertilizer,Bulk Density g/ml,FCO 1985 SCD IV Part D Cl.No.03,100,15,350,1,63,413,ABRL PRO 001, 0.1 g/ml to 2.5 g/ml,,,https://forms.gle/sHECK8iCUHJm39wK9
1109,NABL,CHEMICAL- FERTILIZERS,Organic fertilizer ,Bulk Density g/ml,FCO 1985 SCD IV Part D Cl.No.03,100,15,350,1,63,413,ABRL PRO 001, 0.1 g/ml to 2.5 g/ml,,,https://forms.gle/sHECK8iCUHJm39wK9
1110,NABL,CHEMICAL- FERTILIZERS,Biofertilizer,C:N Ratio,FCO 1985 SCD IV Part D Cl.No. 07,50,15,100,1,18,118,ABRL PRO 008,Calculative,,,"https://forms.gle/b51JKPnT1J9kNucy8 , https://forms.gle/Q3mPhs2GWZHCcP1T6"
1111,NABL,CHEMICAL- FERTILIZERS,Organic fertilizer ,C:N Ratio ,FCO 1985 SCD IV Part D Cl.No. 07,50,15,100,1,18,118,ABRL PRO 008,Calculative,,,"https://forms.gle/b51JKPnT1J9kNucy8 , https://forms.gle/Q3mPhs2GWZHCcP1T6"
1112,NABL,CHEMICAL- FERTILIZERS,Biofertilizer,Cadmium as Cd mg/kg,FCO 1985 SCD IV Part D Cl.No.10,50,15,3200,1,576,3776,ABRL PRO 060,10 µg/kg to 50000 mg/kg,,,https://forms.gle/ALxktWakYxGehtMa9
1113,NABL,CHEMICAL- FERTILIZERS,Organic fertilizer ,Cadmium as Cd mg/kg,FCO 1985 SCD IV Part D Cl.No.10,50,15,3200,1,576,3776,ABRL PRO 060,10 µg/kg to 50000 mg/kg,,,https://forms.gle/ALxktWakYxGehtMa9
1114,NABL,CHEMICAL- FERTILIZERS,"Micronutrients , Amino acid chelated micronutrient, Liquid fertilizer",Cadmium as Cd % w/w,FCO 1985 SCD II Part B Cl. No.09,50,15,3200,1,576,3776,ABRL PRO 065,10 µg/kg to 50000 mg/kg,,,https://forms.gle/XUuvBZeL3cHZSkD47
1115,NABL,CHEMICAL- FERTILIZERS,"Micronutrients , Amino acid chelated micronutrient, Liquid fertilizer",Calcium as Ca % w/w,FCO 1985 SCD II Part B Cl. No. 21 A,50,15,500,1,90,590,ABRL PRO 047,0.1 % to 60%,,,https://forms.gle/Z47U2iTafq1TmVc3A
1116,NABL,CHEMICAL- FERTILIZERS,Biofertilizer,Chromium as Cr mg/kg,FCO 1985 SCD IV Part D Cl.No.10,50,15,600,1,108,708,ABRL PRO 060,10 µg/kg to 50000 mg/kg,,,https://forms.gle/ALxktWakYxGehtMa9
1117,NABL,CHEMICAL- FERTILIZERS,Organic fertilizer ,Chromium as Cr mg/kg,FCO 1985 SCD IV Part D Cl.No.10,50,15,600,1,108,708,ABRL PRO 060,10 µg/kg to 50000 mg/kg,,,https://forms.gle/ALxktWakYxGehtMa9
1118,NABL,CHEMICAL- FERTILIZERS,Biofertilizer,Clarity,European Pharmacopiea 9.2,50,15,100,1,18,118,ABRL PRO 092,NA,,,https://forms.gle/ZrVhayg6o6mkzWNy6
1119,NABL,CHEMICAL- FERTILIZERS,Organic fertilizer ,Clarity,European Pharmacopiea 9.2,50,15,100,1,18,118,ABRL PRO 092,NA,,,https://forms.gle/ZrVhayg6o6mkzWNy6
1120,NABL,CHEMICAL- FERTILIZERS,Biofertilizer,Colour,OPPTS 830.6302,50,15,100,1,18,118,ABRL PRO 092,NA,,,https://forms.gle/ZrVhayg6o6mkzWNy6
1121,NABL,CHEMICAL- FERTILIZERS,Organic fertilizer ,Colour,OPPTS 830.6302,50,15,100,1,18,118,ABRL PRO 092,NA,,,https://forms.gle/ZrVhayg6o6mkzWNy6
1122,NABL,CHEMICAL- FERTILIZERS,Biofertilizer,Conductivity µS/cm,FCO 1985 SCD IV Part D Cl.No.04,50,15,450,1,81,531,ABRL PRO 017,1 µS/cm to 50000 µS/cm,,,https://forms.gle/NjLm8u7U1By8uar4A
1123,NABL,CHEMICAL- FERTILIZERS,Organic fertilizer ,Conductivity µS/cm,FCO 1985 SCD IV Part D Cl.No.04,50,15,450,1,81,531,ABRL PRO 017,1 µS/cm to 50000 µS/cm,,,https://forms.gle/NjLm8u7U1By8uar4A
1124,NABL,CHEMICAL- FERTILIZERS,Biofertilizer,Copper as Cu mg/kg,FCO 1985 SCD IV Part D Cl.No.10,50,15,600,1,108,708,ABRL PRO 060,10 µg/kg to 50000 mg/kg,,,https://forms.gle/ALxktWakYxGehtMa9
1125,NABL,CHEMICAL- FERTILIZERS,Organic fertilizer ,Copper as Cu mg/kg,FCO 1985 SCD IV Part D Cl.No.10,50,15,600,1,108,708,ABRL PRO 060,10 µg/kg to 50000 mg/kg,,,https://forms.gle/ALxktWakYxGehtMa9
1126,NABL,CHEMICAL- FERTILIZERS,"Micronutrients , Amino acid chelated micronutrient, Liquid fertilizer",Copper as Cu % w/w,FCO 1985 SCD II Part B Cl. No.22 A/12,50,15,600,1,108,708,ABRL PRO 077,0.1 % to 60 %,,,https://forms.gle/CAVQZtD1vYo5JwLh9
1127,NABL,CHEMICAL- FERTILIZERS,"Micronutrient fertilizer, Fortified fertilizer, 100 % water soluble fertilizer,Liquid Fertilizer",Dilution Stability,CIPAC MT 41,50,15,1500,1,270,1770,ABRL PRO 093,Not applicable,,,https://forms.gle/7WdUJ6YZ1kVrGfC77
1128,NABL,CHEMICAL- FERTILIZERS,Straight nitrogenous fertilizer,Elemental Sulphur % w/w,FCO 1985 SCD II Part B Cl. No.24,50,15,400,1,72,472,ABRL PRO 011,0.1 % to 50 %,,,https://forms.gle/NEPfFA1GmooQ6YAg8
1129,NABL,CHEMICAL- FERTILIZERS,"Micronutrients , Amino acid chelated micronutrient, Liquid fertilizer",Ferrous ion as Fe % w/w,FCO 1985 SCD II Part B Cl. No.13/22 A,100,15,600,1,108,708,ABRL PRO 064,0.1 % to 60 %,,,https://forms.gle/4F75XVA4wJS1LojT6
1130,NABL,CHEMICAL- FERTILIZERS,Biofertilizer,Inorganic matter (Ash) % w/w,Calculative based on FCO 1985 SCD IV Part D Cl.No.05,50,15,800,1,144,944,ABRL PRO 008,0.1 % to 99 %,,,https://forms.gle/b51JKPnT1J9kNucy8
1131,NABL,CHEMICAL- FERTILIZERS,Organic fertilizer ,Inorganic matter (Ash) % w/w,Calculative based on FCO 1985 SCD IV Part D Cl.No.05,50,15,800,1,144,944,ABRL PRO 008,0.1 % to 99 %,,,https://forms.gle/b51JKPnT1J9kNucy8
1132,NABL,CHEMICAL- FERTILIZERS,Fortified fertilizers,Inorganic Nitrogen (Nitrate nitrogen) % w/w,FCO 1985 SCD II Part B Cl.No.03,50,15,1000,1,180,1180,ABRL PRO 055,0.1 % to 35 %,,,https://forms.gle/3CzKP7dHJ2b1ptPq6
1133,NABL,CHEMICAL- FERTILIZERS,Biofertilizer,Lead as Pb mg/kg,FCO 1985 SCD IV Part D Cl.No.10,50,15,600,1,108,708,ABRL PRO 060,10 µg/kg to 50000 mg/kg,,,https://forms.gle/ALxktWakYxGehtMa9
1134,NABL,CHEMICAL- FERTILIZERS,Organic fertilizer ,Lead as Pb mg/kg,FCO 1985 SCD IV Part D Cl.No.10,50,15,600,1,108,708,ABRL PRO 060,10 µg/kg to 50000 mg/kg,,,https://forms.gle/ALxktWakYxGehtMa9
1135,NABL,CHEMICAL- FERTILIZERS,Fortified fertilizers,Lead as Pb % w/w,FCO 1985 SCD II Part B Cl.No.08,50,15,800,1,144,944,ABRL PRO 065,10 µg/kg to 10000 mg/kg,,,https://forms.gle/XUuvBZeL3cHZSkD47
1136,NABL,CHEMICAL- FERTILIZERS,"Micronutrients , Amino acid chelated micronutrient, Liquid fertilizer",Lead as Pb % w/w,FCO 1985 SCD II Part B Cl.No.08,50,15,800,1,144,944,ABRL PRO 065,10 µg/kg to 10000 mg/kg,,,https://forms.gle/XUuvBZeL3cHZSkD47
1137,NABL,CHEMICAL- FERTILIZERS,"Micronutrients , Amino acid chelated micronutrient, Liquid fertilizer",Magnesium as Mg % w/w,FCO 1985 SCD II Part B Cl. No.22 A,50,15,800,1,144,944,ABRL PRO 070,0.1 % to 70%,,,https://forms.gle/hFF7QVxzrQDe1E9EA
1138,NABL,CHEMICAL- FERTILIZERS,"Micronutrients , Amino acid chelated micronutrient, Liquid fertilizer",Manganese as Mn % w/w,FCO 1985 SCD II Part B Cl. No.22 A/09/10,50,15,800,1,144,944,ABRL PRO 074,0.1 % to 60%,,,https://forms.gle/d4UDc4RExZC8j7gh7
1139,NABL,CHEMICAL- FERTILIZERS,"Beneficial Elemental Fertilizer (Diato mite amorphous silica, Ortho silici acid (OSA))",Matter insoluble in water % w/w,FCO 1985 SCD II Part B Cl.No.08/07,50,15,350,1,63,413,ABRL PRO 020,0.1 % to 50 %,,,https://forms.gle/4mKKEZ5kDncKWzB86
1140,NABL,CHEMICAL- FERTILIZERS,Fortified fertilizers,Matter insoluble in water % w/w,FCO 1985 SCD II Part B Cl.No.08/07,50,15,350,1,63,413,ABRL PRO 020,0.1 % to 50 %,,,https://forms.gle/4mKKEZ5kDncKWzB86
1141,NABL,CHEMICAL- FERTILIZERS,Biofertilizer,Mercury as Hg mg/kg,FCO 1985 SCD IV Part D Cl.No.11,50,15,1000,1,180,1180,ABRL PRO 060,10 µg/kg to 50000 mg/kg,,,https://forms.gle/ALxktWakYxGehtMa9
1142,NABL,CHEMICAL- FERTILIZERS,Organic fertilizer ,Mercury as Hg mg/kg,FCO 1985 SCD IV Part D Cl.No.11,50,15,1000,1,180,1180,ABRL PRO 060,10 µg/kg to 50000 mg/kg,,,https://forms.gle/ALxktWakYxGehtMa9
1143,NABL,CHEMICAL- FERTILIZERS,Biofertilizer,Moisture Content % w/w,FCO 1985 SCD IV Part D Cl.No.02,200,15,450,1,81,531,ABRL PRO 004,0.1 % to 65 %,,,https://forms.gle/r52g7ec3g7ZfoEhWA
1144,NABL,CHEMICAL- FERTILIZERS,Organic fertilizer ,Moisture Content % w/w,FCO 1985 SCD IV Part D Cl.No.02,200,15,450,1,81,531,ABRL PRO 004,0.1 % to 65 %,,,https://forms.gle/r52g7ec3g7ZfoEhWA
1145,NABL,CHEMICAL- FERTILIZERS,Fortified fertilizers,Moisture Content % w/w,FCO 1985 SCD II Part B Cl.No.02,50,15,450,1,81,531,ABRL PRO 004,0.1 % to 50 %,,,https://forms.gle/r52g7ec3g7ZfoEhWA
1146,NABL,CHEMICAL- FERTILIZERS,Straight nitrogenous fertilizer,Moisture Content % w/w,FCO 1985 SCD II Part B Cl.No.02,50,15,450,1,81,531,ABRL PRO 004,0.1 % to 50 %,,,https://forms.gle/r52g7ec3g7ZfoEhWA
1147,NABL,CHEMICAL- FERTILIZERS,Organic fertilizer ,Moisture Content % w/w,ABRL STP 090 (IR Balance),200,15,450,1,81,531,ABRL PRO 030,0.1 % to 65 %,,,https://forms.gle/GVr8x5kg84nXY8ML9
1148,NABL,CHEMICAL- FERTILIZERS,"Micronutrients , Amino acid chelated micronutrient, Liquid fertilizer",Molybdenum as Mo % w/w,FCO 1985 SCD II Part B Cl. No.22A/14,50,15,800,1,144,944,ABRL PRO 070,0.1 % to 70%,,,https://forms.gle/hFF7QVxzrQDe1E9EA
1149,NABL,CHEMICAL- FERTILIZERS,"NP /NPK fertilizer, Straight Sulphur fertilizers, 100 % water
soluble complex fertilizers",Neutral Ammonium Citrate soluble phosphate(Available phosphorous ) % w/w,FCO 1985 SCD II Part B Cl.No.04,50,15,1500,1,270,1770,ABRL PRO 056,0.1 % to 50 %,,,https://forms.gle/RehosVPeNW5cq9fs6
1150,NABL,CHEMICAL- FERTILIZERS,Biofertilizer,Nickel as Ni mg/kg,FCO 1985 SCD IV Part D Cl.No.10,50,15,600,1,108,708,ABRL PRO 060,10 µg/kg to 50000 mg/kg,,,https://forms.gle/ALxktWakYxGehtMa9
1151,NABL,CHEMICAL- FERTILIZERS,Organic fertilizer ,Nickel as Ni mg/kg,FCO 1985 SCD IV Part D Cl.No.10,50,15,600,1,108,708,ABRL PRO 060,10 µg/kg to 50000 mg/kg,,,https://forms.gle/ALxktWakYxGehtMa9
1152,NABL,CHEMICAL- FERTILIZERS,Biofertilizer,Odor,OPPTS 830.6304,50,15,100,1,18,118,ABRL PRO 092,NA,,,https://forms.gle/ZrVhayg6o6mkzWNy6
1153,NABL,CHEMICAL- FERTILIZERS,Organic fertilizer ,Odor,OPPTS 830.6304,50,15,100,1,18,118,ABRL PRO 092,NA,,,https://forms.gle/ZrVhayg6o6mkzWNy6
1154,NABL,CHEMICAL- FERTILIZERS,Biofertilizer,Organic matter % w/w,FCO 1985 SCD IV Part D Cl.No.05,50,15,800,1,144,944,ABRL PRO 008, 0.1 % to 99 %,,,https://forms.gle/b51JKPnT1J9kNucy8
1155,NABL,CHEMICAL- FERTILIZERS,Organic fertilizer ,Organic matter % w/w,FCO 1985 SCD IV Part D Cl.No.05,50,15,800,1,144,944,ABRL PRO 008, 0.1 % to 99 %,,,https://forms.gle/b51JKPnT1J9kNucy8
1156,NABL,CHEMICAL- FERTILIZERS,"Beneficial Elemental Fertilizer (Diato mite amorphous silica, Ortho silici acid (OSA))",Ortho silicic acid  % w/w,FCO 1985 SCD II Part B Cl.No.29,50,15,1500,1,270,1770,ABRL PRO 069,0.01 % to 50 %,,,https://forms.gle/1ZzQ7V7cKb1dgmj4A
1157,NABL,CHEMICAL- FERTILIZERS,Biofertilizer,Particle size % w/w,FCO 1985 SCD IV Part D,100,15,300,1,54,354,ABRL PRO 061,0.1 % to 100 %,,,https://forms.gle/eSfFCX1syVcSxff18
1158,NABL,CHEMICAL- FERTILIZERS,Fortified fertilizers,Particle size % w/w,FCO 1985 SCD II Part B Cl.No.20,50,15,350,1,63,413,ABRL PRO 001,1 to 14,,,https://forms.gle/sHECK8iCUHJm39wK9
1159,NABL,CHEMICAL- FERTILIZERS,"NP /NPK fertilizer, Straight Sulphur fertilizers, 100 % water
soluble complex fertilizers",Particle size % w/w,FCO 1985 SCD II Part B Cl.No.20,200,15,350,1,63,413,ABRL PRO 001,1 to 14,,,https://forms.gle/sHECK8iCUHJm39wK9
1160,NABL,CHEMICAL- FERTILIZERS,Straight nitrogenous fertilizer,Particle size % w/w,FCO 1985 SCD II Part B Cl.No.20,50,15,350,1,63,413,ABRL PRO 001,1 to 14,,,https://forms.gle/sHECK8iCUHJm39wK9
1161,NABL,CHEMICAL- FERTILIZERS,Straight phosphorous fertilizers,Particle size % w/w,FCO 1985 SCD II Part B Cl.No.20,50,15,350,1,63,413,ABRL PRO 001,1 to 14,,,https://forms.gle/sHECK8iCUHJm39wK9
1162,NABL,CHEMICAL- FERTILIZERS,Straight Potassium fertilizers,Particle size % w/w,FCO 1985 SCD II Part B Cl.No.20,50,15,350,1,63,413,ABRL PRO 001,1 to 14,,,https://forms.gle/sHECK8iCUHJm39wK9
1163,NABL,CHEMICAL- FERTILIZERS,Organic fertilizer ,Particle Size % w/w,FCO 1985 SCD IV Part D,100,15,300,1,54,354,ABRL PRO 061,0.1 % to 100 %,,,https://forms.gle/eSfFCX1syVcSxff18
1164,NABL,CHEMICAL- FERTILIZERS,"Micronutrient fertilizer, Fortified fertilizer, 100 % water soluble fertilizer,Liquid Fertilizer",Persistant foaming,CIPAC MT 47,50,15,1000,1,180,1180,ABRL PRO 094,0.1 ml to 1000 ml,,,https://forms.gle/inQej5gjwJrvLm2S8
1165,NABL,CHEMICAL- FERTILIZERS,Biofertilizer,pH (% aqeous solution/ Liquid),ABRL STP 027(PH-Meter),100,15,350,1,63,413,ABRL PRO 001,1 to 14,,,https://forms.gle/sHECK8iCUHJm39wK9
1166,NABL,CHEMICAL- FERTILIZERS,Organic fertilizer ,pH (% aqeous solution/ Liquid),ABRL STP 027(PH-Meter),100,15,350,1,63,413,ABRL PRO 001,1 to 14,,,https://forms.gle/sHECK8iCUHJm39wK9
1167,NABL,CHEMICAL- FERTILIZERS,"Beneficial Elemental Fertilizer (Diato mite amorphous silica, Ortho silici acid (OSA))",PH ,FCO 1985 SCD II Part B Cl.No.08,100,15,350,1,63,413,ABRL PRO 001,1 to 14,,,https://forms.gle/sHECK8iCUHJm39wK9
1168,NABL,CHEMICAL- FERTILIZERS,Fortified fertilizers,PH ,FCO 1985 SCD II Part B Cl.No.08,100,15,350,1,63,413,ABRL PRO 001,1 to 14,,,https://forms.gle/sHECK8iCUHJm39wK9
1169,NABL,CHEMICAL- FERTILIZERS,"Micronutrients , Amino acid chelated micronutrient, Liquid fertilizer",PH ,FCO 1985 SCD II Part B Cl.No.08,100,15,350,1,63,413,ABRL PRO 001,1 to 14,,,https://forms.gle/sHECK8iCUHJm39wK9
1170,NABL,CHEMICAL- FERTILIZERS,"NP /NPK fertilizer, Straight Sulphur fertilizers, 100 % water
soluble complex fertilizers",PH ,FCO 1985 SCD II Part B Cl.No.08,100,15,350,1,63,413,ABRL PRO 001,1 to 14,,,https://forms.gle/sHECK8iCUHJm39wK9
1171,NABL,CHEMICAL- FERTILIZERS,Straight nitrogenous fertilizer,PH FCO SCD % w/w,FCO 1985 SCD II Part B Cl.No.08,100,15,350,1,63,413,ABRL PRO 001,1 to 14,,,https://forms.gle/sHECK8iCUHJm39wK9
1172,NABL,CHEMICAL- FERTILIZERS,Biofertilizer,pH ,FCO 1985 SCD IV Part D Cl.No.1,100,15,400,1,72,472,ABRL PRO 041,1 to 14,,Minimum sample handeling charge is to be considered if providing service lower than 500 Rs.,https://forms.gle/1ummEPEzcdMaeP1XA
1173,NABL,CHEMICAL- FERTILIZERS,Organic fertilizer ,pH ,FCO 1985 SCD IV Part D Cl.No.1,100,15,400,1,72,472,ABRL PRO 041,1 to 14,,Minimum sample handeling charge is to be considered if providing service lower than 500 Rs.,https://forms.gle/1ummEPEzcdMaeP1XA
1174,NABL,CHEMICAL- FERTILIZERS,Biofertilizer,Physical State (Form),OPPTS 830.6303,50,15,100,1,18,118,ABRL PRO 092,NA,,,https://forms.gle/ZrVhayg6o6mkzWNy6
1175,NABL,CHEMICAL- FERTILIZERS,Organic fertilizer ,Physical State (Form),OPPTS 830.6303,50,15,100,1,18,118,ABRL PRO 092,NA,,,https://forms.gle/ZrVhayg6o6mkzWNy6
1176,NABL,CHEMICAL- FERTILIZERS,"Beneficial Elemental Fertilizer (Diato mite amorphous silica, Ortho silici acid (OSA))",Plant available silicon  % w/w,FCO 1985 SCD II Part B Cl.No.29,50,15,1500,1,270,1770,ABRL PRO 069,0.01 % to 50 %,,,https://forms.gle/1ZzQ7V7cKb1dgmj4A
1177,NABL,CHEMICAL- FERTILIZERS,Fortified fertilizers,Potassium as K % w/w,FCO 1985 SCD II Part B,50,15,900,1,162,1062,ABRL PRO 068,0.1 % to 50 %,,,https://forms.gle/aCqm9bbJKrijbUNq8
1178,NABL,CHEMICAL- FERTILIZERS,"Micronutrient fertilizer, Fortified fertilizer, 100 % water soluble fertilizer,Liquid Fertilizer",Pourability (Residue),CIPAC MT 148,1000,15,2000,1,360,2360,ABRL PRO 095,0.1 % to 70 %,,,https://forms.gle/49mTRqwiD6QxDFU87
1179,NABL,CHEMICAL- FERTILIZERS,"Micronutrient fertilizer, Fortified fertilizer, 100 % water soluble fertilizer,Liquid Fertilizer",Pourability (Rinsed Residue),CIPAC MT 148,1000,15,2000,1,360,2360,ABRL PRO 095,0.01 % to 50 %,,,https://forms.gle/49mTRqwiD6QxDFU87
1180,NABL,CHEMICAL- FERTILIZERS,Biofertilizer,Shape ,ABRL STP 108,50,15,100,1,18,118,ABRL PRO 092,NA,,,https://forms.gle/ZrVhayg6o6mkzWNy6
1181,NABL,CHEMICAL- FERTILIZERS,Organic fertilizer ,Shape Fertilizer,ABRL STP 091,50,15,100,1,18,118,ABRL PRO 092,NA,,,https://forms.gle/ZrVhayg6o6mkzWNy6
1182,NABL,CHEMICAL- FERTILIZERS,"Beneficial Elemental Fertilizer (Diato mite amorphous silica, Ortho silici acid (OSA))",Sodium as NaCl  % w/w,FCO 1985 SCD II Part B Cl. No.17,50,15,800,1,144,944,ABRL PRO 073,0.01 % to 15%,,,https://forms.gle/ZrGFrV1NBJYQcPPT9
1183,NABL,CHEMICAL- FERTILIZERS,"Beneficial Elemental Fertilizer (Diato mite amorphous silica, Ortho silici acid (OSA))",Specific gravity ,FCO 1985 SCD II Part B,50,15,350,1,63,413,ABRL PRO 066,0.500 to 2.500 g/ml,,,https://forms.gle/WXPbz5i1fZHux8bM9
1184,NABL,CHEMICAL- FERTILIZERS,Fortified fertilizers,Sulphate Sulphur % w/w,FCO 1985 SCD II Part B Cl.No.28,50,15,800,1,144,944,ABRL PRO 011,0.1 % to 70 %,,,https://forms.gle/NEPfFA1GmooQ6YAg8
1185,NABL,CHEMICAL- FERTILIZERS,Organic fertilizer ,Sulphate Sulphur % w/w,FCO 1985 SCD IV Part D Cl.No.15(Iv),50,15,800,1,144,944,ABRL PRO 011,0.1 % to 70 %,,,https://forms.gle/NEPfFA1GmooQ6YAg8
1186,NABL,CHEMICAL- FERTILIZERS,"Micronutrient fertilizer, Fortified fertilizer, 100 % water soluble fertilizer,Liquid Fertilizer",Suspensibility,CIPAC MT 161,100,15,2000,1,360,2360,ABRL PRO 096,0.1 % to 105 %,,,https://forms.gle/1KM8MciJYXpU9Noz8
1187,NABL,CHEMICAL- FERTILIZERS,"Beneficial Elemental Fertilizer (Diato mite amorphous silica, Ortho silici acid (OSA))",Total Chloride  % w/w,FCO 1985 SCD II Part B Cl.No.18,50,15,300,1,54,354,ABRL PRO 078,0.01 % to 99 %,,,https://forms.gle/k6tf57dYD8yuAbRD8
1188,NABL,CHEMICAL- FERTILIZERS,Biofertilizer,Total Nitrogen % w/w,FCO 1985 SCD III Part D Cl. No. 05,50,15,1000,1,180,1180,ABRL PRO 007,0.05 % to 35 %,,,https://forms.gle/Q3mPhs2GWZHCcP1T6
1189,NABL,CHEMICAL- FERTILIZERS,Biofertilizer,Total Nitrogen % w/w,FCO 1985 SCD IV Part D Cl.No.06,50,15,1000,1,180,1180,ABRL PRO 007,0.05 % to 35 %,,,https://forms.gle/Q3mPhs2GWZHCcP1T6
1190,NABL,CHEMICAL- FERTILIZERS,"NP /NPK fertilizer, Straight Sulphur fertilizers, 100 % water
soluble complex fertilizers",Total Nitrogen % w/w,FCO 1985 SCD II Part B Cl.No.03,50,15,1000,1,180,1180,ABRL PRO 007,0.05 % to 35 %,,,https://forms.gle/Q3mPhs2GWZHCcP1T6
1191,NABL,CHEMICAL- FERTILIZERS,Fortified fertilizers,Total Nitrogen % w/w,FCO 1985 SCD II Part B Cl.No.28(i),50,15,1000,1,180,1180,ABRL PRO 007,0.05 % to 35 %,,,https://forms.gle/Q3mPhs2GWZHCcP1T6
1192,NABL,CHEMICAL- FERTILIZERS,Organic fertilizer ,Total Nitrogen % w/w,FCO 1985 SCD IV Part D Cl.No.06,50,15,1000,1,180,1180,ABRL PRO 007,0.05 % to 35 %,,,https://forms.gle/Q3mPhs2GWZHCcP1T6
1193,NABL,CHEMICAL- FERTILIZERS,Biofertilizer,Total NPK % w/w,FCO 1985 SCD IV Part D Cl.No.10,50,15,100,1,18,118,ABRL PRO 060,Calculative,,,https://forms.gle/ALxktWakYxGehtMa9
1194,NABL,CHEMICAL- FERTILIZERS,Organic fertilizer ,Total NPK % w/w,FCO 1985 SCD IV Part D Cl.No.10,50,15,100,1,18,118,ABRL PRO 060,Calculative,,,https://forms.gle/ALxktWakYxGehtMa9
1195,NABL,CHEMICAL- FERTILIZERS,Biofertilizer,Total Organic Carbon/Organic Carbon % w/w,FCO 1985 SCD IV Part D Cl.No.05,50,15,900,1,162,1062,ABRL PRO 008,1 % to 55 %,,,https://forms.gle/b51JKPnT1J9kNucy8
1196,NABL,CHEMICAL- FERTILIZERS,Organic fertilizer ,Total Organic Carbon/Organic Carbon % w/w,FCO 1985 SCD IV Part D Cl.No.05,50,15,900,1,162,1062,ABRL PRO 008,1 % to 55 %,,,https://forms.gle/b51JKPnT1J9kNucy8
1197,NABL,CHEMICAL- FERTILIZERS,Biofertilizer,Total phosphate as P2O5 % w/w,FCO 1985 SCD IV Part D Cl.No.08,50,15,1200,1,216,1416,ABRL PRO 060,0.05% to 35 %,,,https://forms.gle/ALxktWakYxGehtMa9
1198,NABL,CHEMICAL- FERTILIZERS,Organic fertilizer ,Total phosphate as P2O5 % w/w,FCO 1985 SCD IV Part D Cl.No.08,50,15,1200,1,216,1416,ABRL PRO 060,0.05% to 35 %,,,https://forms.gle/ALxktWakYxGehtMa9
1199,NABL,CHEMICAL- FERTILIZERS,Fortified fertilizers,Total phosphorous as P2O5 % w/w,FCO 1985 SCD II Part B Cl.No.04,50,15,1500,1,270,1770,ABRL PRO 056,0.1 % to 50 %,,,https://forms.gle/RehosVPeNW5cq9fs6
1200,NABL,CHEMICAL- FERTILIZERS,Biofertilizer,Total Potash K & K as K2O % w/w,FCO 1985 SCD IV Part D Cl.No.09,50,15,800,1,144,944,ABRL PRO 060,0.05 % to 35 %,,,https://forms.gle/ALxktWakYxGehtMa9
1201,NABL,CHEMICAL- FERTILIZERS,Organic fertilizer ,Total Potash K & K as K2O % w/w,FCO 1985 SCD IV Part D Cl.No.09,50,15,800,1,144,944,ABRL PRO 060,0.05 % to 35 %,,,https://forms.gle/ALxktWakYxGehtMa9
1202,NABL,CHEMICAL- FERTILIZERS,Biofertilizer,Total Sulphur % w/w,FCO 1985 SCD IV Part D Cl.No.15,100,15,1200,1,216,1416,ABRL PRO 011, 0.05 % to 50 %,,,https://forms.gle/NEPfFA1GmooQ6YAg8
1203,NABL,CHEMICAL- FERTILIZERS,"NP /NPK fertilizer, Straight Sulphur fertilizers, 100 % water
soluble complex fertilizers",Total Sulphur % w/w,FCO 1985 SCD II Part B Cl.No.24,100,15,1200,1,216,1416,ABRL PRO 011, 0.05 % to 50 %,,,https://forms.gle/NEPfFA1GmooQ6YAg8
1204,NABL,CHEMICAL- FERTILIZERS,Fortified fertilizers,Total Sulphur % w/w,FCO 1985 SCD II Part B Cl.No.28,100,15,1200,1,216,1416,ABRL PRO 011, 0.05 % to 50 %,,,https://forms.gle/NEPfFA1GmooQ6YAg8
1205,NABL,CHEMICAL- FERTILIZERS,Organic fertilizer ,Total Sulphur % w/w,FCO 1985 SCD IV Part D Cl.No.15,100,15,1200,1,216,1416,ABRL PRO 011, 0.05 % to 50 %,,,https://forms.gle/NEPfFA1GmooQ6YAg8
1206,NABL,CHEMICAL- FERTILIZERS,"NP /NPK fertilizer, Straight Sulphur fertilizers, 100 % water
soluble complex fertilizers",Urea Nitrogen % w/w,FCO 1985 SCD II Part B Cl.No.03,100,15,1000,1,180,1180,ABRL PRO 107,0.01 % to 50 %,,,https://forms.gle/1dGRqndDWo1wHPWSA
1207,NABL,CHEMICAL- FERTILIZERS,"Micronutrient fertilizer, Fortified fertilizer, 100 % water soluble fertilizer,Liquid Fertilizer",Viscosity,CIPAC MT 22,500,15,1000,1,180,1180,ABRL PRO 051,1 to 25000 cps,,,https://forms.gle/xMxncb1RieE6p3Gr7
1208,NABL,CHEMICAL- FERTILIZERS,Biofertilizer,Water Insoluble Nitrogen % w/w,FCO 1985 SCD IV Part D Cl.No.14,50,15,1000,1,180,1180,ABRL PRO 083,0.05 % to 35 %,,,https://forms.gle/pWdSyPGRKo795T8EA
1209,NABL,CHEMICAL- FERTILIZERS,Organic fertilizer ,Water Insoluble Nitrogen % w/w,FCO 1985 SCD IV Part D Cl.No.14,50,15,1000,1,180,1180,ABRL PRO 083,0.05 % to 35 %,,,https://forms.gle/pWdSyPGRKo795T8EA
1210,NABL,CHEMICAL- FERTILIZERS,Biofertilizer,Water Solubility % w/w,ABRL STP 036 (Gravimetric),50,15,350,1,63,413,ABRL PRO 020,0.1 % to 99 %,,,https://forms.gle/4mKKEZ5kDncKWzB86
1211,NABL,CHEMICAL- FERTILIZERS,Organic fertilizer ,Water Solubility % w/w,ABRL STP 036 (Gravimetric),50,15,350,1,63,413,ABRL PRO 020,0.1 % to 99 %,,,https://forms.gle/4mKKEZ5kDncKWzB86
1212,NABL,CHEMICAL- FERTILIZERS,"NP /NPK fertilizer, Straight Sulphur fertilizers, 100 % water
soluble complex fertilizers",Water soluble calcium as CaO % w/w,FCO 1985 SCD II Part B Cl.No.21 A,50,15,600,1,108,708,ABRL PRO 081, 0.1 % to 50 %,,,https://forms.gle/4Y1Wy7ra5KBbejA3A
1213,NABL,CHEMICAL- FERTILIZERS,"NP /NPK fertilizer, Straight Sulphur fertilizers, 100 % water
soluble complex fertilizers",Water Soluble K as K2O % w/w,FCO 1985 SCD II Part B Cl. No.05,50,15,900,1,162,1062,ABRL PRO 068,0.1 % to 50 %,,,https://forms.gle/aCqm9bbJKrijbUNq8
1214,NABL,CHEMICAL- FERTILIZERS,Fortified fertilizers,Water soluble K as K2O % w/w,FCO 1985 SCD II Part B Cl.No.28(v),50,15,900,1,162,1062,ABRL PRO 068,0.1 % to 50 %,,,https://forms.gle/aCqm9bbJKrijbUNq8
1215,NABL,CHEMICAL- FERTILIZERS,"NP /NPK fertilizer, Straight Sulphur fertilizers, 100 % water
soluble complex fertilizers",Water soluble phosphorous as P2O5 % w/w,FCO 1985 SCD II Part B Cl.No.04,50,15,900,1,162,1062,ABRL PRO 068,0.1 % to 50 %,,,https://forms.gle/aCqm9bbJKrijbUNq8
1216,NABL,CHEMICAL- FERTILIZERS,Fortified fertilizers,Water soluble phosphorous as P2O5 % w/w,"FCO 1985 SCD II Part B
Cl.No.28(iv)",50,15,900,1,162,1062,ABRL PRO 068,0.1 % to 50 %,,,https://forms.gle/aCqm9bbJKrijbUNq8
1217,NABL,CHEMICAL- FERTILIZERS,Straight Potassium fertilizers,Water soluble potash as K2O % w/w,FCO 1985 SCD II Part B Cl. No.05,50,15,900,1,162,1062,ABRL PRO 068,0.1 % to 50 %,,,https://forms.gle/aCqm9bbJKrijbUNq8
1218,NABL,CHEMICAL- FERTILIZERS,Organic fertilizer ,Water soluble potash as K2O % w/w,FCO 1985 SCD IV Part D Cl.No.09,50,15,800,1,144,944,ABRL PRO 060,0.05 % to 35 %,,,https://forms.gle/ALxktWakYxGehtMa9
1219,NABL,CHEMICAL- FERTILIZERS,Straight Potassium fertilizers,Water soluble potassium as K2O % w/w,FCO 1985 SCD II Part B Cl. No.05,50,15,900,1,162,1062,ABRL PRO 068,0.1 % to 50 %,,,https://forms.gle/aCqm9bbJKrijbUNq8
1220,NABL,CHEMICAL- FERTILIZERS,"Micronutrients , Amino acid chelated micronutrient, Liquid fertilizer",Water soluble zinc % w/w,FCO 1985 SCD II Part B 22 A/08,50,15,1500,1,270,1770,ABRL PRO 056,0.1 % to 50 %,,,https://forms.gle/RehosVPeNW5cq9fs6
1221,NABL,CHEMICAL- FERTILIZERS,Biofertilizer,Zinc as Zn mg/kg,FCO 1985 SCD IV Part D Cl.No.10,50,15,600,1,108,708,ABRL PRO 060,10 µg/kg to 50000 mg/kg,,,https://forms.gle/ALxktWakYxGehtMa9
1222,NABL,CHEMICAL- FERTILIZERS,Organic fertilizer ,Zinc as Zn mg/kg,FCO 1985 SCD IV Part D Cl.No.10,50,15,600,1,108,708,ABRL PRO 060,10 µg/kg to 50000 mg/kg,,,https://forms.gle/ALxktWakYxGehtMa9
1223,NABL,CHEMICAL- FERTILIZERS,"Micronutrients , Amino acid chelated micronutrient, Liquid fertilizer",Zinc as Zn % w/w,FCO 1985 SCD II Part B 26/22 A/08,50,15,800,1,144,944,ABRL PRO 047,0.1 % to 90 %,,,https://forms.gle/Z47U2iTafq1TmVc3A
1224,NABL,CHEMICAL- FERTILIZERS,Fortified fertilizers,Zinc as Zn % w/w,"FCO 1985 SCD II Part B
Cl.No.28(vii)",50,15,800,1,144,944,ABRL PRO 047,0.1 % to 90 %,,,https://forms.gle/Z47U2iTafq1TmVc3A
1225,NON NABL,CHEMICAL- FERTILIZERS,Inorganic fertilizer,Calcium Nitrate tetrahydrate purity % w/w,FCO 1985 SCD II PART B,50,15,500,1,90,590,ABRL PRO 081,,,,https://forms.gle/4Y1Wy7ra5KBbejA3A
1226,NABL,CHEMICAL- FERTILIZERS,"Micronutrients , Amino acid chelated micronutrient, Liquid fertilizer",Appearance ,FCO 1985 SCD II Part B,50,15,100,1,18,118,ABRL PRO 092,NA,,,https://forms.gle/ZrVhayg6o6mkzWNy6
1227,NABL,CHEMICAL- FERTILIZERS,"Micronutrients , Amino acid chelated micronutrient, Liquid fertilizer",Matter insoluble in water % w/w,FCO 1985 SCD II Part B Cl.No.08/07,50,15,350,1,63,413,ABRL PRO 020,0.1 % to 50 %,,,https://forms.gle/4mKKEZ5kDncKWzB86
1228,NABL,CHEMICAL- FERTILIZERS,"Micronutrients , Amino acid chelated micronutrient, Liquid fertilizer",Moisture Content % w/w,FCO 1985 SCD II Part B Cl.No.02,50,15,450,1,81,531,ABRL PRO 004,0.1 % to 50 %,,,https://forms.gle/r52g7ec3g7ZfoEhWA
1229,NABL,CHEMICAL- FERTILIZERS,"Micronutrients , Amino acid chelated micronutrient, Liquid fertilizer",Sodium as NaCl  % w/w,FCO 1985 SCD II Part B Cl. No.17,50,15,800,1,144,944,ABRL PRO 073,0.01 % to 15%,,,https://forms.gle/ZrGFrV1NBJYQcPPT9
1230,NABL,CHEMICAL- FERTILIZERS,"Micronutrients , Amino acid chelated micronutrient, Liquid fertilizer",Sulphate Sulphur % w/w,FCO 1985 SCD II Part B Cl. No.24,50,15,800,1,144,944,ABRL PRO 011,0.1 % to 70 %,,,https://forms.gle/NEPfFA1GmooQ6YAg8
1231,NABL,CHEMICAL- FERTILIZERS,"NP /NPK fertilizer, Straight Sulphur fertilizers, 100 % water
soluble complex fertilizers",Appearance ,FCO 1985 SCD II Part B,50,15,100,1,18,118,ABRL PRO 092,NA,,,https://forms.gle/ZrVhayg6o6mkzWNy6
1232,NABL,CHEMICAL- FERTILIZERS,"NP /NPK fertilizer, Straight Sulphur fertilizers, 100 % water
soluble complex fertilizers",Inorganic Nitrogen (Nitrate nitrogen) % w/w,FCO 1985 SCD II Part B Cl.No.03,50,15,1000,1,180,1180,ABRL PRO 055,0.1 % to 35 %,,,https://forms.gle/3CzKP7dHJ2b1ptPq6
1233,NABL,CHEMICAL- FERTILIZERS,"NP /NPK fertilizer, Straight Sulphur fertilizers, 100 % water
soluble complex fertilizers",Matter insoluble in water % w/w,FCO 1985 SCD II Part B Cl.No.08/07,50,15,350,1,63,413,ABRL PRO 020,0.1 % to 50 %,,,https://forms.gle/4mKKEZ5kDncKWzB86
1234,NABL,CHEMICAL- FERTILIZERS,"NP /NPK fertilizer, Straight Sulphur fertilizers, 100 % water
soluble complex fertilizers",Moisture Content % w/w,FCO 1985 SCD II Part B Cl.No.02,50,15,450,1,81,531,ABRL PRO 004,0.1 % to 50 %,,,https://forms.gle/r52g7ec3g7ZfoEhWA
1235,NABL,CHEMICAL- FERTILIZERS,"NP /NPK fertilizer, Straight Sulphur fertilizers, 100 % water
soluble complex fertilizers",Sodium as NaCl  % w/w,FCO 1985 SCD II Part B Cl. No.17,50,15,800,1,144,944,ABRL PRO 073,0.01 % to 15%,,,https://forms.gle/ZrGFrV1NBJYQcPPT9
1236,NABL,CHEMICAL- FERTILIZERS,"NP /NPK fertilizer, Straight Sulphur fertilizers, 100 % water
soluble complex fertilizers",Sulphate Sulphur % w/w,FCO 1985 SCD II Part B Cl. No.24,50,15,800,1,144,944,ABRL PRO 011,0.1 % to 70 %,,,https://forms.gle/NEPfFA1GmooQ6YAg8
1237,NABL,CHEMICAL- FERTILIZERS,"NP /NPK fertilizer, Straight Sulphur fertilizers, 100 % water
soluble complex fertilizers",Total Chloride  % w/w,FCO 1985 SCD II Part B Cl.No.18,50,15,300,1,54,354,ABRL PRO 078,0.01 % to 99 %,,,https://forms.gle/k6tf57dYD8yuAbRD8
1238,NABL,CHEMICAL- FERTILIZERS,Straight phosphorous fertilizers,Acidity as H2SO4 % w/w,FCO 1985 SCD II Part B Cl. No.03,50,15,350,1,63,413,ABRL PRO 039,0.001 % to 10 %,,,https://forms.gle/yQwUR2a2KMgpzniG9
1239,NABL,CHEMICAL- FERTILIZERS,Straight phosphorous fertilizers,Ammoniacal nitrogen % w/w,FCO 1985 SCD II Part B Cl.No.03,50,15,600,1,108,708,ABRL PRO 014,0.1 % to 40 %,,,https://forms.gle/eCp5pXhcQKkRUFpd8
1240,NABL,CHEMICAL- FERTILIZERS,Straight phosphorous fertilizers,Appearance ,FCO 1985 SCD II Part B,50,15,100,1,18,118,ABRL PRO 092,NA,,,https://forms.gle/ZrVhayg6o6mkzWNy6
1241,NABL,CHEMICAL- FERTILIZERS,Straight phosphorous fertilizers,Inorganic Nitrogen (Nitrate nitrogen) % w/w,FCO 1985 SCD II Part B Cl.No.03,50,15,1000,1,180,1180,ABRL PRO 055,0.1 % to 35 %,,,https://forms.gle/3CzKP7dHJ2b1ptPq6
1242,NABL,CHEMICAL- FERTILIZERS,Straight phosphorous fertilizers,Specific gravity,FCO 1985 SCD II Part B,50,15,350,1,63,413,ABRL PRO 066,0.500 to 2.500 g/ml,,,https://forms.gle/WXPbz5i1fZHux8bM9
1243,NABL,CHEMICAL- FERTILIZERS,Straight phosphorous fertilizers,Sulphate Sulphur % w/w,FCO 1985 SCD II Part B Cl. No.24,50,15,800,1,144,944,ABRL PRO 011,0.1 % to 70 %,,,https://forms.gle/NEPfFA1GmooQ6YAg8
1244,NABL,CHEMICAL- FERTILIZERS,Straight phosphorous fertilizers,Total Nitrogen % w/w,FCO 1985 SCD II Part B Cl.No.03,50,15,1000,1,180,1180,ABRL PRO 007,0.05 % to 35 %,,,https://forms.gle/Q3mPhs2GWZHCcP1T6
1245,NABL,CHEMICAL- FERTILIZERS,Straight Potassium fertilizers,Appearance,FCO 1985 SCD II Part B,50,15,100,1,18,118,ABRL PRO 092,NA,,,https://forms.gle/ZrVhayg6o6mkzWNy6
1246,NABL,CHEMICAL- FERTILIZERS,Straight Potassium fertilizers,Moisture Content % w/w,FCO 1985 SCD II Part B Cl.No.02,50,15,450,1,81,531,ABRL PRO 004,0.1 % to 50 %,,,https://forms.gle/r52g7ec3g7ZfoEhWA
1247,NABL,CHEMICAL- FERTILIZERS,Straight Potassium fertilizers,Sodium as NaCl  % w/w,FCO 1985 SCD II Part B Cl. No.17,50,15,800,1,144,944,ABRL PRO 073,0.01 % to 15%,,,https://forms.gle/ZrGFrV1NBJYQcPPT9
1248,NABL,CHEMICAL- FERTILIZERS,Straight Potassium fertilizers,Sulphate Sulphur % w/w,FCO 1985 SCD II Part B Cl. No.24,50,15,800,1,144,944,ABRL PRO 011,0.1 % to 70 %,,,https://forms.gle/NEPfFA1GmooQ6YAg8
1249,NABL,CHEMICAL- FERTILIZERS,Straight Potassium fertilizers,Total Chloride  % w/w,FCO 1985 SCD II Part B Cl.No.18,50,15,300,1,54,354,ABRL PRO 078,0.01 % to 99 %,,,https://forms.gle/k6tf57dYD8yuAbRD8
1250,NABL,CHEMICAL- INDUSTRIAL & FINE CHEMICALS,INDUSTRIAL & FINE CHEMICALS,6 Benzyl Amino Purine (6-BAP) % w/w,ABRL STP 006 (HPLC),50,15,3500,1,630,4130,ABRL PRO 002,1 mg/kg to 990000 mg/kg,0.86 mg/kg,,https://forms.gle/ZVvz31MkZnjJX1X38
1251,NABL,CHEMICAL- INDUSTRIAL & FINE CHEMICALS,INDUSTRIAL & FINE CHEMICALS,Alpha-tocopherol (Vitamin E) % w/w,ABRL STP 010 (HPLC),50,15,3500,1,630,4130,ABRL PRO 002,0.0001 % to 99 %,,,https://forms.gle/ZVvz31MkZnjJX1X38
1252,NABL,CHEMICAL- INDUSTRIAL & FINE CHEMICALS,Zinc Oxide,Arsenic as As/As2O3 % w/w,FCO 1985 SCD II Part B Cl. No.09,50,15,1000,1,180,1180,ABRL PRO 060,10 µg/kg to 50000 mg/kg,,,https://forms.gle/ALxktWakYxGehtMa9
1253,NABL,CHEMICAL- INDUSTRIAL & FINE CHEMICALS,INDUSTRIAL & FINE CHEMICALS,Ascorbic acid % w/w,ABRL STP 005 (HPLC),50,15,3500,1,630,4130,ABRL PRO 002,0.00001 % to 99 %,,,https://forms.gle/ZVvz31MkZnjJX1X38
1254,NABL,CHEMICAL- INDUSTRIAL & FINE CHEMICALS,Zinc Oxide,Cadmium as Cd % w/w,FCO 1985 SCD II Part B Cl. No.09,50,15,3200,1,576,3776,ABRL PRO 065,10 µg/kg to 50000 mg/kg,,,https://forms.gle/XUuvBZeL3cHZSkD47
1255,NABL,CHEMICAL- INDUSTRIAL & FINE CHEMICALS,INDUSTRIAL & FINE CHEMICALS,Folic acid % w/w,ABRL STP 001 (HPLC),50,15,3500,1,630,4130,ABRL PRO 002,0.005 % to 95 %,0.15 mg/kg,,https://forms.gle/ZVvz31MkZnjJX1X38
1256,NABL,CHEMICAL- INDUSTRIAL & FINE CHEMICALS,INDUSTRIAL & FINE CHEMICALS,Gibbrellic Acid -3 (GA3) % w/w,ABRL STP 003 (HPLC),50,15,3500,1,630,4130,ABRL PRO 002,0.001 % to 97 %,0.17 mg/kg,,https://forms.gle/ZVvz31MkZnjJX1X38
1257,NABL,CHEMICAL- INDUSTRIAL & FINE CHEMICALS,Soil Conditioner,Humic Acid % w/w,ISO 19822,50,15,4000,1,720,4720,ABRL PRO 029,1 % to 70 %,,,"https://forms.gle/BYPkiHP9Z2dBoFVs6 , https://forms.gle/NEPfFA1GmooQ6YAg8"
1258,NABL,CHEMICAL- INDUSTRIAL & FINE CHEMICALS,INDUSTRIAL & FINE CHEMICALS,Indole Acetic Acid % w/w,ABRL STP 002 (HPLC),50,15,3500,1,630,4130,ABRL PRO 002,0.005 % to 99 %,0.14 mg/kg,,https://forms.gle/ZVvz31MkZnjJX1X38
1259,NABL,CHEMICAL- INDUSTRIAL & FINE CHEMICALS,INDUSTRIAL & FINE CHEMICALS,Indole Butyric Acid % w/w,ABRL STP 022 (HPLC),50,15,3500,1,630,4130,ABRL PRO 002,0.005 % to 99 %,0.52 mg/kg,,https://forms.gle/ZVvz31MkZnjJX1X38
1260,NABL,CHEMICAL- INDUSTRIAL & FINE CHEMICALS,INDUSTRIAL & FINE CHEMICALS,Kinetin % w/w,ABRL STP 008 (HPLC),50,15,4000,1,720,4720,ABRL PRO 002,0.005 % to 99 %,0.03 mg/kg,,https://forms.gle/ZVvz31MkZnjJX1X38
1261,NABL,CHEMICAL- INDUSTRIAL & FINE CHEMICALS,Zinc Oxide,Lead as Pb % w/w,FCO 1985 SCD II Part B Cl.No.08,50,15,800,1,144,944,ABRL PRO 065,10 µg/kg to 10000 mg/kg,,,https://forms.gle/XUuvBZeL3cHZSkD47
1262,NABL,CHEMICAL- INDUSTRIAL & FINE CHEMICALS,INDUSTRIAL & FINE CHEMICALS,N-Acetyl Thiazolidine 4 Carboxylic Acid % w/w,ABRL STP 004 (HPLC),50,15,3500,1,630,4130,ABRL PRO 002,0.00001 % to 99 %,,,https://forms.gle/ZVvz31MkZnjJX1X38
1263,NABL,CHEMICAL- INDUSTRIAL & FINE CHEMICALS,INDUSTRIAL & FINE CHEMICALS,Naphthyl Acetic Acid (NAA) % w/w,ABRL STP 071 (HPLC),50,15,3500,1,630,4130,ABRL PRO 002,0.0001% to 99 %,0.41 mg/kg,,https://forms.gle/ZVvz31MkZnjJX1X38
1264,NABL,CHEMICAL- INDUSTRIAL & FINE CHEMICALS,INDUSTRIAL & FINE CHEMICALS,Thiamin mononitrate (Vitamin B1) % w/w,ABRL STP 009 (HPLC),50,15,3500,1,630,4130,ABRL PRO 002,0.0001 % to 99 %,,,https://forms.gle/ZVvz31MkZnjJX1X38
1265,NABL,CHEMICAL- INDUSTRIAL & FINE CHEMICALS,INDUSTRIAL & FINE CHEMICALS,Triacontanol % w/w,ABRL STP 011 (GC),50,15,3500,1,630,4130,ABRL PRO 003,0.05 % to 99 %,502 mg/kg,,https://forms.gle/SWkKy6Q53AmRiEDg9
1266,NABL,CHEMICAL- ORES & MINERALS,Rock Phosphate,Aluminum oxide as Al2O3 % w/w,IS 11224,50,15,750,1,135,885,ABRL PRO 057,0.1% w/w to 10% w/w,,,https://forms.gle/WgyaT8w5RCKGZnYt7
1267,NABL,CHEMICAL- ORES & MINERALS,Rock Phosphate,Chloride  % w/w,IS 11224,50,15,350,1,63,413,ABRL PRO 057,1 % w/w to 35 % w/w,,,https://forms.gle/WgyaT8w5RCKGZnYt7
1268,NABL,CHEMICAL- ORES & MINERALS,Rock Phosphate,Fluoride % w/w,IS 11224,50,15,900,1,162,1062,ABRL PRO 034,0.1 % w/w to 10 % w/w,,,https://forms.gle/tfRZZPrwcJxMnHGR7
1269,NABL,CHEMICAL- ORES & MINERALS,Rock Phosphate,Iron oxide as Fe2O3 % w/w,IS 11224,50,15,9,59,99,649,ABRL PRO 057,0.001% w/w to 10 % w/w,,0.001% w/w to 10 % w/w,https://forms.gle/WgyaT8w5RCKGZnYt7
1270,NABL,CHEMICAL- ORES & MINERALS,Rock Phosphate,Loss on ignition  % w/w,IS 11224,50,15,800,1,144,944,ABRL PRO 057,0.1 % w/w to 35 % w/w,,,https://forms.gle/WgyaT8w5RCKGZnYt7
1271,NABL,CHEMICAL- ORES & MINERALS,Rock Phosphate,MgO % w/w,IS 11224,50,15,750,1,135,885,ABRL PRO 057,0.01 % w/w to 10 % w/w,,,https://forms.gle/WgyaT8w5RCKGZnYt7
1272,NABL,CHEMICAL- ORES & MINERALS,"Leonardite, Lignite & Brown Coal",Moisture Content % w/w,ISO 5073,200,15,450,1,81,531,ABRL PRO 004,0.1 % to 65 %,,,https://forms.gle/r52g7ec3g7ZfoEhWA
1273,NABL,CHEMICAL- ORES & MINERALS,Rock Phosphate,Moisture Content  % w/w,IS 11224,50,15,450,1,81,531,ABRL PRO 004,0.1 % w/w to 35 % w/w,,,https://forms.gle/r52g7ec3g7ZfoEhWA
1274,NABL,CHEMICAL- ORES & MINERALS,Rock Phosphate,P2O5 (Phosphorous Pentoxide)  % w/w,IS 11224,50,15,1500,1,270,1770,ABRL PRO 026,0.1 % to 35 %,,,https://forms.gle/zrLzxnmfutu34PwW6
1275,NABL,CHEMICAL- ORES & MINERALS,"Leonardite, Lignite & Brown Coal",Total Humic acid % w/w,ISO 5073,50,15,1200,1,216,1416,ABRL PRO 005,0.1 % to 99 %,,,https://forms.gle/kGrK8JuttwQrNZqp7
1276,NABL,CHEMICAL- PESTICIDE FORMULATIONS,PESTICIDE FORMULATIONS,6 Benzyl Amino Purine (6-BAP) % w/w,ABRL STP 006 (HPLC),50,15,3500,1,630,4130,ABRL PRO 002,1 mg/kg to 990000 mg/kg,0.86 mg/kg,,https://forms.gle/ZVvz31MkZnjJX1X38
1277,NABL,CHEMICAL- PESTICIDE FORMULATIONS,Aqeous Suspension Concentrat Formulations,Accelerated stability study,CIPAC MT 46,500 ml,22,40000,1,7200,47200,ABRL PRO 083,Not applicable,Not applicable,,
1278,NABL,CHEMICAL- PESTICIDE FORMULATIONS,Blank Granules,Acidity as H2SO4 % w/w,IS 6940,50,15,350,1,63,413,ABRL PRO 039,0.0001 % to 10 %,,,https://forms.gle/yQwUR2a2KMgpzniG9
1279,NABL,CHEMICAL- PESTICIDE FORMULATIONS,Aqeous Suspension Concentrat Formulations,Appearance ,ABRL STP 108,50,15,100,1,18,118,ABRL PRO 092,NA,,,https://forms.gle/ZrVhayg6o6mkzWNy6
1280,NABL,CHEMICAL- PESTICIDE FORMULATIONS,Blank Granules,Arsenic as As/As2O3 mg/kg,FCO 1985 SCD IV Part D Cl. No. 12,50,15,1000,1,180,1180,ABRL PRO 060,10 µg/kg to 50000 mg/kg,,,https://forms.gle/ALxktWakYxGehtMa9
1281,NABL,CHEMICAL- PESTICIDE FORMULATIONS,Blank Granules,Bulk Density g/ml,IS 6940,100,15,350,1,63,413,ABRL PRO 001, 0.1 g/ml to 2.5 g/ml,,,https://forms.gle/sHECK8iCUHJm39wK9
1282,NABL,CHEMICAL- PESTICIDE FORMULATIONS,Blank Granules,Cadmium as Cd mg/kg,FCO 1985 SCD IV Part D Cl.No.10,50,15,3200,1,576,3776,ABRL PRO 060,10 µg/kg to 50000 mg/kg,,,https://forms.gle/ALxktWakYxGehtMa9
1283,NABL,CHEMICAL- PESTICIDE FORMULATIONS,Blank Granules,Chromium as Cr mg/kg,FCO 1985 SCD IV Part D Cl.No.10,50,15,600,1,108,708,ABRL PRO 060,10 µg/kg to 50000 mg/kg,,,https://forms.gle/ALxktWakYxGehtMa9
1284,NABL,CHEMICAL- PESTICIDE FORMULATIONS,Aqeous Suspension Concentrat Formulations,Colour,OPPTS 830.6302,50,15,100,1,18,118,ABRL PRO 092,NA,,,https://forms.gle/ZrVhayg6o6mkzWNy6
1285,NABL,CHEMICAL- PESTICIDE FORMULATIONS,Blank granules,Colour,OPPTS 830.6302,50,15,100,1,18,118,ABRL PRO 092,NA,,,https://forms.gle/ZrVhayg6o6mkzWNy6
1286,NABL,CHEMICAL- PESTICIDE FORMULATIONS,Blank granules,Copper as Cu mg/kg,FCO 1985 SCD IV Part D Cl.No.10,50,15,600,1,108,708,ABRL PRO 060,10 µg/kg to 50000 mg/kg,,,https://forms.gle/ALxktWakYxGehtMa9
1287,NABL,CHEMICAL- PESTICIDE FORMULATIONS,Aqeous Suspension Concentrat Formulations,Dilution Stability,CIPAC MT 41,50,15,1500,1,270,1770,ABRL PRO 093,Not applicable,,,https://forms.gle/7WdUJ6YZ1kVrGfC77
1288,NABL,CHEMICAL- PESTICIDE FORMULATIONS,PESTICIDE FORMULATIONS,Folic acid % w/w,ABRL STP 001 (HPLC),50,15,3500,1,630,4130,ABRL PRO 002,0.005 % to 95 %,0.15 mg/kg,,https://forms.gle/ZVvz31MkZnjJX1X38
1289,NABL,CHEMICAL- PESTICIDE FORMULATIONS,Aqeous Suspension Concentrat Formulations,Form (Phyiscal State),OPPTS 830.6303,50,15,100,1,18,118,ABRL PRO 092,NA,,,https://forms.gle/ZrVhayg6o6mkzWNy6
1290,NABL,CHEMICAL- PESTICIDE FORMULATIONS,Blank Granules,Form (Phyiscal State),OPPTS 830.6303,50,15,100,1,18,118,ABRL PRO 092,NA,,,https://forms.gle/ZrVhayg6o6mkzWNy6
1291,NABL,CHEMICAL- PESTICIDE FORMULATIONS,PESTICIDE FORMULATIONS,Gibbrellic Acid -3 (GA3) % w/w,ABRL STP 003 (HPLC),50,15,3500,1,630,4130,ABRL PRO 002,0.001 % to 97 %,0.17 mg/kg,,https://forms.gle/ZVvz31MkZnjJX1X38
1292,NABL,CHEMICAL- PESTICIDE FORMULATIONS,PESTICIDE FORMULATIONS,Indole Acetic Acid % w/w,ABRL STP 002 (HPLC),50,15,3500,1,630,4130,ABRL PRO 002,0.005 % to 99 %,0.14 mg/kg,,https://forms.gle/ZVvz31MkZnjJX1X38
1293,NABL,CHEMICAL- PESTICIDE FORMULATIONS,PESTICIDE FORMULATIONS,Indole Butyric Acid % w/w,ABRL STP 022 (HPLC),50,15,3500,1,630,4130,ABRL PRO 002,0.005 % to 99 %,0.52 mg/kg,,https://forms.gle/ZVvz31MkZnjJX1X38
1294,NABL,CHEMICAL- PESTICIDE FORMULATIONS,PESTICIDE FORMULATIONS,Kinetin % w/w,ABRL STP 008 (HPLC),50,15,4000,1,720,4720,ABRL PRO 002,0.005 % to 99 %,0.03 mg/kg,,https://forms.gle/ZVvz31MkZnjJX1X38
1295,NABL,CHEMICAL- PESTICIDE FORMULATIONS,Blank Granules,Lead as Pb mg/kg,FCO 1985 SCD IV Part D Cl.No.10,50,15,600,1,108,708,ABRL PRO 060,10 µg/kg to 50000 mg/kg,,,https://forms.gle/ALxktWakYxGehtMa9
1296,NABL,CHEMICAL- PESTICIDE FORMULATIONS,Blank Granules,Liquid Holding Capacity % w/w,IS 6940,50,15,250,1,45,295,ABRL PRO 027,0.1 % to 50 %,,,https://forms.gle/FUJ2TZf38aaX4ueR9
1297,NABL,CHEMICAL- PESTICIDE FORMULATIONS,Blank Granules,Mercury as Hg mg/kg,FCO 1985 SCD IV Part D Cl.No.11,50,15,1000,1,180,1180,ABRL PRO 060,10 µg/kg to 50000 mg/kg,,,https://forms.gle/ALxktWakYxGehtMa9
1298,NABL,CHEMICAL- PESTICIDE FORMULATIONS,Blank Granules,Moisture content % w/w,IS 6940,50,15,750,1,135,885,ABRL PRO 038,0.1 % to 15 %,,,https://forms.gle/AuSTWyBns5WqqC659
1299,NABL,CHEMICAL- PESTICIDE FORMULATIONS,PESTICIDE FORMULATIONS,N-Acetyl Thiazolidine 4 Carboxylic Acid % w/w,ABRL STP 004 (HPLC),50,15,3500,1,630,4130,ABRL PRO 002,0.00001 % to 99 %,,,https://forms.gle/ZVvz31MkZnjJX1X38
1300,NABL,CHEMICAL- PESTICIDE FORMULATIONS,PESTICIDE FORMULATIONS,Naphthyl Acetic Acid (NAA) % w/w,ABRL STP 071 (HPLC),50,15,3500,1,630,4130,ABRL PRO 002,0.0001% to 99 %,0.41 mg/kg,,https://forms.gle/ZVvz31MkZnjJX1X38
1301,NABL,CHEMICAL- PESTICIDE FORMULATIONS,Blank Granules,Nickel as Ni  mg/kg,FCO 1985 SCD IV Part D Cl.No.10,50,15,600,1,108,708,ABRL PRO 060,10 µg/kg to 50000 mg/kg,,,https://forms.gle/ALxktWakYxGehtMa9
1302,NABL,CHEMICAL- PESTICIDE FORMULATIONS,Aqeous Suspension Concentrat Formulations,Odor,OPPTS 830.6304,50,15,100,1,18,118,ABRL PRO 092,NA,,,https://forms.gle/ZrVhayg6o6mkzWNy6
1303,NABL,CHEMICAL- PESTICIDE FORMULATIONS,Blank Granules,Odor,OPPTS 830.6304,50,15,100,1,18,118,ABRL PRO 092,NA,,,https://forms.gle/ZrVhayg6o6mkzWNy6
1304,NABL,CHEMICAL- PESTICIDE FORMULATIONS,Blank Granules,Particle size % w/w,IS 6940,50,15,300,1,54,354,ABRL PRO 040,0.01 % to 100 %,,,https://forms.gle/jtA5kynvKQcXbv2z5
1305,NABL,CHEMICAL- PESTICIDE FORMULATIONS,Aqeous Suspension Concentrat Formulations,Persistant foaming (ml),CIPAC MT 47,50,15,1000,1,180,1180,ABRL PRO 094,0.1 ml to 1000 ml,,,https://forms.gle/inQej5gjwJrvLm2S8
1306,NABL,CHEMICAL- PESTICIDE FORMULATIONS,Blank Granules,pH ,FCO 1985 SCD IV Part D Cl.No.1,100,15,400,1,72,472,ABRL PRO 041,1 to 14,,Minimum sample handeling charge is to be considered if providing service lower than 500 Rs.,https://forms.gle/1ummEPEzcdMaeP1XA
1307,NABL,CHEMICAL- PESTICIDE FORMULATIONS,Aqeous Suspension Concentrat Formulations,Pourability (Residue) % w/w,CIPAC MT 148,1000,15,2000,1,360,2360,ABRL PRO 095,0.1 % to 70 %,,,https://forms.gle/49mTRqwiD6QxDFU87
1308,NABL,CHEMICAL- PESTICIDE FORMULATIONS,Aqeous Suspension Concentrat Formulations,Pourability (Rinsed Residue) % w/w,CIPAC MT 148,1000,15,2000,1,360,2360,ABRL PRO 095,0.01 % to 50 %,,,https://forms.gle/49mTRqwiD6QxDFU87
1309,NABL,CHEMICAL- PESTICIDE FORMULATIONS,Blank Granules,Shape ,ABRL STP 091,50,15,100,1,18,118,ABRL PRO 092,NA,,,https://forms.gle/ZrVhayg6o6mkzWNy6
1310,NABL,CHEMICAL- PESTICIDE FORMULATIONS,Aqeous Suspension Concentrat Formulations,Specific gravity ,CIPAC MT 3,50,15,350,1,63,413,ABRL PRO 066,0.500 to 2.500 g/ml,,,https://forms.gle/WXPbz5i1fZHux8bM9
1311,NABL,CHEMICAL- PESTICIDE FORMULATIONS,Aqeous Suspension Concentrat Formulations,Suspensibility % w/w,CIPAC MT 161,100,15,2000,1,360,2360,ABRL PRO 096,0.1 % to 105 %,,,https://forms.gle/1KM8MciJYXpU9Noz8
1312,NABL,CHEMICAL- PESTICIDE FORMULATIONS,PESTICIDE FORMULATIONS,Triacontanol % w/w,ABRL STP 011 (GC),50,15,3500,1,630,4130,ABRL PRO 003,0.05 % to 99 %,502 mg/kg,,https://forms.gle/SWkKy6Q53AmRiEDg9
1313,NABL,CHEMICAL- PESTICIDE FORMULATIONS,Aqeous Suspension Concentrat Formulations,Viscosity cps,CIPAC MT 22,500,15,1000,1,180,1180,ABRL PRO 051,1 to 25000 cps,,,https://forms.gle/xMxncb1RieE6p3Gr7
1314,NABL,CHEMICAL- PESTICIDE FORMULATIONS,Blank Granules,Zinc as Zn mg/kg,FCO 1985 SCD IV Part D Cl.No.10,50,15,600,1,108,708,ABRL PRO 060,10 µg/kg to 50000 mg/kg,,,https://forms.gle/ALxktWakYxGehtMa9
1315,NABL,CHEMICAL- SOIL AND ROCK,Soil,Aluminium as Al mg/kg,USEPA 3050 B,50,15,1000,1,180,1180,ABRL PRO 028,10 µg/kg to 100000 mg/kg,,,https://forms.gle/CYNtvab5hedeJEEMA
1316,NABL,CHEMICAL- SOIL AND ROCK,Soil,Cadmium as Cd mg/kg,USEPA 3050 B,20,15,1000,1,180,1180,ABRL PRO 028,5 mg/kg to 50000 mg/kg,,,https://forms.gle/CYNtvab5hedeJEEMA
1317,NABL,CHEMICAL- SOIL AND ROCK,Soil,Calcium as Ca mg/kg,USEPA 3050 B,20,15,500,1,90,590,ABRL PRO 028,900 mg/kg to 50000 mg/kg,,,https://forms.gle/CYNtvab5hedeJEEMA
1318,NABL,CHEMICAL- SOIL AND ROCK,Soil,Cation Exchange Capacity meq/g,IS 2720 (Part 24),50,15,1200,1,216,1416,ABRL PRO 062,1 meq/g to 50000 meq/g,,,https://forms.gle/M3pMLpUNNwZHk7Mb7
1319,NABL,CHEMICAL- SOIL AND ROCK,Soil,Chromium as Cr mg/kg,USEPA 3050 B,20,15,1000,1,180,1180,ABRL PRO 028,5 mg/kg to 50000 mg/kg,,,https://forms.gle/CYNtvab5hedeJEEMA
1320,NABL,CHEMICAL- SOIL AND ROCK,Soil,Cobalt as Co mg/kg,USEPA 3050 B,20,15,1000,1,180,1180,ABRL PRO 028,5 mg/kg to 50000 mg/kg,,,https://forms.gle/CYNtvab5hedeJEEMA
1321,NABL,CHEMICAL- SOIL AND ROCK,Soil,Conductivity µS/cm,IS 14767,50,15,450,1,81,531,ABRL PRO 017, 1 µS/cm to 50000 µS/cm,,,https://forms.gle/NjLm8u7U1By8uar4A
1322,NABL,CHEMICAL- SOIL AND ROCK,Soil,Copper as Cu mg/kg,USEPA 3050 B,50,15,1000,1,180,1180,ABRL PRO 028,10 µg/kg to 100000 mg/kg,,,https://forms.gle/CYNtvab5hedeJEEMA
1323,NABL,CHEMICAL- SOIL AND ROCK,Soil,Iron as Fe mg/kg,USEPA 3050 B,50,15,1000,1,180,1180,ABRL PRO 028,10 µg/kg to 100000 mg/kg,,,https://forms.gle/CYNtvab5hedeJEEMA
1324,NABL,CHEMICAL- SOIL AND ROCK,Soil,Lead as Pb mg/kg,USEPA 3050 B,50,15,1000,1,180,1180,ABRL PRO 028,10 µg/kg to 100000 mg/kg,,,https://forms.gle/CYNtvab5hedeJEEMA
1325,NABL,CHEMICAL- SOIL AND ROCK,Soil,Magnesium as Mg mg/kg,USEPA 3050 B,50,15,1000,1,180,1180,ABRL PRO 028,10 µg/kg to 100000 mg/kg,,,https://forms.gle/CYNtvab5hedeJEEMA
1326,NABL,CHEMICAL- SOIL AND ROCK,Soil,Manganese as Mn mg/kg,USEPA 3050 B,50,15,1000,1,180,1180,ABRL PRO 028,10 µg/kg to 100000 mg/kg,,,https://forms.gle/CYNtvab5hedeJEEMA
1327,NABL,CHEMICAL- SOIL AND ROCK,Soil,Moisture Content % w/w,IS 2720 (Part 26),50,15,450,1,81,531,ABRL PRO 004,0.1 % to 65 %,,,https://forms.gle/r52g7ec3g7ZfoEhWA
1328,NABL,CHEMICAL- SOIL AND ROCK,Soil,Molybdenum as Mo mg/kg,USEPA 3050 B,50,15,1000,1,180,1180,ABRL PRO 028,10 µg/kg to 100000 mg/kg,,,https://forms.gle/CYNtvab5hedeJEEMA
1329,NABL,CHEMICAL- SOIL AND ROCK,Soil,Nickle as Ni mg/kg,USEPA 3050 B,20,15,1000,1,180,1180,ABRL PRO 028,1 mg/kg to 500 mg/kg,,,https://forms.gle/CYNtvab5hedeJEEMA
1330,NABL,CHEMICAL- SOIL AND ROCK,Soil,Organic matter % w/w,IS 2720 (Part 22),50,15,700,1,126,826,ABRL PRO 059,1 % to 90 %,,,https://forms.gle/vghCM2HJPAgBdU3u5
1331,NABL,CHEMICAL- SOIL AND ROCK,Soil,PH ,IS 2720 (Part 26),200,15,400,1,72,472,ABRL PRO 041,1 to 14,,,https://forms.gle/1ummEPEzcdMaeP1XA
1332,NABL,CHEMICAL- SOIL AND ROCK,Soil,Phosphorus as P2O5 % w/w,IS 11224,50,15,1500,1,270,1770,ABRL PRO 026,0.1 % to 50 %,,,https://forms.gle/zrLzxnmfutu34PwW6
1333,NABL,CHEMICAL- SOIL AND ROCK,Soil,Potassium as K mg/kg,USEPA 3050 B,50,15,1000,1,180,1180,ABRL PRO 028,700 mg/kg to 50000 mg/kg,,,https://forms.gle/CYNtvab5hedeJEEMA
1334,NABL,CHEMICAL- SOIL AND ROCK,Soil,Sodium as Na mg/kg,USEPA 3050 B,50,15,3500,1,630,4130,ABRL PRO 028,1 mg/kg to 500000 mg/kg,,,https://forms.gle/CYNtvab5hedeJEEMA
1335,NABL,CHEMICAL- SOIL AND ROCK,Soil,Total Nitrogen % w/w,IS 14684,100,15,950,1,171,1121,ABRL PRO 059,0.1 % to 50 %,,,https://forms.gle/vghCM2HJPAgBdU3u5
1336,NABL,CHEMICAL- SOIL AND ROCK,Soil,Total Soluble Sulphate % w/w,IS 2720(Part 27),50,15,1200,1,216,1416,ABRL PRO 059,0.1 % to 50 %,,,https://forms.gle/vghCM2HJPAgBdU3u5
1337,NABL,CHEMICAL- SOIL AND ROCK,Soil,Zinc as Zn mg/kg,USEPA 3050 B,20,15,,1,0,0,ABRL PRO 028,25 mg/kg to 50000 mg/kg,,,https://forms.gle/CYNtvab5hedeJEEMA
1338,NON NABL,CHEMICAL- SOIL AND ROCK,Soil,B mg/kg Soil,USEPA 3050 B,20,15,3445,1,620.0928,4065,ABRL PRO 028,10 mg/kg to 50000 mg/kg,,,https://forms.gle/CYNtvab5hedeJEEMA
1339,NON NABL,BIOLOGICAL- BIOPESTICIDES AND BIOFERTILIZERS,Mycorrhiza biofertilizer,Total Viable Spores/g Technical,ABRL STP M 011,10,15,3500,1,630,4130,ABRL SP  M  011,,,,https://forms.gle/nDrko1FjKsTUw3DA9
1340,NABL,BIOLOGICAL- BIOPESTICIDES AND BIOFERTILIZERS,Mycorrhiza biofertilizer,Spore viability  %,FCO 1985 SCD III PART D ,10,15,2000,1,360,2360,ABRL SP  M  012,,,,https://forms.gle/98mBGgiLwWwUvGPu8
1341,NON NABL,BIOLOGICAL- BIOPESTICIDES AND BIOFERTILIZERS,Mycorrhiza biofertilizer,Total Viable Spores/g Formulation,ABRL STP M 010,100,15,2500,1,450,2950,ABRL SP  M  002,,,,https://forms.gle/zzMVcVFJu45aQ3GW8
1342,NON NABL,BIOLOGICAL- BIOPESTICIDES AND BIOFERTILIZERS,Rhizobium Biofertilizer,Contamination level,FCO 1985 SCD III PART D ,100,5,1000,1,180,1180,ABRL SP  M  001,,,,
1343,NON NABL,BIOLOGICAL- BIOPESTICIDES AND BIOFERTILIZERS,Rhizobium Biofertilizer,Total Viable Count as CFU/g or ml,FCO 1985 SCD III PART D ,100,10,2250,1,405,2655,ABRL SP  M  018,,,,https://forms.gle/sgeAvzj1TNXLGrtT7
1344,NON NABL,BIOLOGICAL- BIOPESTICIDES AND BIOFERTILIZERS,Azotobacter Biofertilizer,Contamination level,FCO 1985 SCD III PART D ,100,5,1000,1,180,1180,ABRL SP  M  001,,,,
1345,NON NABL,BIOLOGICAL- BIOPESTICIDES AND BIOFERTILIZERS,Azotobacter Biofertilizer,Total Viable Count as CFU/g or ml,FCO 1985 SCD III PART D ,100,10,2250,1,405,2655,ABRL SP  M  019,,,,https://forms.gle/bfL2C1bSBpU3w3ix9
1346,NON NABL,BIOLOGICAL- BIOPESTICIDES AND BIOFERTILIZERS,PSB Biofertilizer,Contamination level,FCO 1985 SCD III PART D ,100,5,1000,1,180,1180,ABRL SP  M  001,,,,
1347,NON NABL,BIOLOGICAL- BIOPESTICIDES AND BIOFERTILIZERS,PSB Biofertilizer,Total Viable Count as CFU/g or ml,FCO 1985 SCD III PART D ,100,15,2500,1,450,2950,ABRL SP  M  020,"combined quote for both parameters, not for separate quote",,,https://forms.gle/8dBCBWXj8BfKAnhV6
1348,NON NABL,BIOLOGICAL- BIOPESTICIDES AND BIOFERTILIZERS,PSB Biofertilizer,PSB Zone of solubilization,FCO 1985 SCD III PART D ,100,15,1500,1,270,1770,ABRL SP  M  007,,,,
1349,NON NABL,BIOLOGICAL- BIOPESTICIDES AND BIOFERTILIZERS,KMB Biofertilizer,Contamination level,FCO 1985 SCD III PART D ,100,5,1000,1,180,1180,ABRL SP  M  001,,,,
1350,NON NABL,BIOLOGICAL- BIOPESTICIDES AND BIOFERTILIZERS,KMB Biofertilizer,Total Viable Count as CFU/g or ml,FCO 1985 SCD III PART D ,100,15,2500,1,450,2950,ABRL SP  M  021,"combined quote for both parameters, not for separate quote",,,https://forms.gle/F77RkJuQssuzhsYX9
1351,NON NABL,BIOLOGICAL- BIOPESTICIDES AND BIOFERTILIZERS,KMB Biofertilizer,KMB Zone of solubilization,FCO 1985 SCD III PART D ,100,15,1500,1,270,1770,ABRL SP  M  009,,,,
1352,NON NABL,BIOLOGICAL- BIOPESTICIDES AND BIOFERTILIZERS,ZSB Biofertilizer,Contamination level,FCO 1985 SCD III PART D ,100,5,1000,1,180,1180,ABRL SP  M  001,,,,
1353,NON NABL,BIOLOGICAL- BIOPESTICIDES AND BIOFERTILIZERS,ZSB Biofertilizer,Total Viable Count as CFU/g or ml,FCO 1985 SCD III PART D ,100,15,2500,1,450,2950,ABRL SP  M  22,"combined quote for both parameters, not for separate quote",,,https://forms.gle/oZpy66eSfVVQmtvr9
1354,NON NABL,BIOLOGICAL- BIOPESTICIDES AND BIOFERTILIZERS,ZSB Biofertilizer,ZSB Zone of solubilization,FCO 1985 SCD III PART D ,100,15,1500,1,270,1770,ABRL SP  M  008,,,,
1355,NON NABL,BIOLOGICAL- BIOPESTICIDES AND BIOFERTILIZERS,Other Microbial Product,yeast and mold /g or ml,ABRL STP M 003,50,10,1500,1,270,1770,ABRL SP M 001,,,,
1356,NON NABL,BIOLOGICAL- BIOPESTICIDES AND BIOFERTILIZERS,Other Microbial Product,Bacterial CFU/ g or ml,ABRL STP M 003,50,10,1500,1,270,1770,ABRL SP M 001,,,,
1357,NON NABL,BIOLOGICAL- BIOPESTICIDES AND BIOFERTILIZERS,Other Microbial Product,Fungal CFU/ g or ml,ABRL STP M 003,50,10,1500,1,270,1770,ABRL SP M 001,,,,
1358,NABL,BIOLOGICAL- BIOPESTICIDES AND BIOFERTILIZERS,Mycorrhiza biofertilizer,Total Viable Spores/g FCO,FCO 1985 SCD III PART D,250,15,2500,1,450,2950,ABRL SP M 015,,,,https://forms.gle/EzbWxsUbNvaX3Ntv8
1359,NON NABL,BIOLOGICAL- BIOPESTICIDES AND BIOFERTILIZERS,Other Microbial Product,yeast and mold /g or ml  IS,IS 5403,50,10,1850,1,333,2183,ABRL SP M 017,,,,https://forms.gle/o8xcX4vRoTrbH3PT9
1360,NON NABL,BIOLOGICAL- BIOPESTICIDES AND BIOFERTILIZERS,Other Microbial Product,Bacterial (Total Plate Count) CFU/ g or ml  IS,IS 5402,50,10,2100,1,378,2478,ABRL SP M 016	,,,,https://forms.gle/Y7iM3YQyBPeuFNsr5
1361,NON NABL,BIOLOGICAL- BIOPESTICIDES AND BIOFERTILIZERS,Carrier Based  Consortia,Contamination level,FCO 1985 SCD III PART D ,100,5,1000,1,180,1180,ABRL SP  M  001,,,,
1362,NON NABL,BIOLOGICAL- BIOPESTICIDES AND BIOFERTILIZERS,Carrier Based  Consortia,Total Viable Count as CFU/g or ml,FCO 1985 SCD III PART D,200,15,5500,1,990,6490,ABRL SP M 023,,,,https://forms.gle/ei3QiyfVicTVi12r5
1363,NON NABL,BIOLOGICAL- BIOPESTICIDES AND BIOFERTILIZERS,Carrier Based  Consortia,Individual organism viable count as CFU/g or ml,FCO 1985 SCD III PART D,200,15,5500,1,990,6490,ABRL SP M 023,,,,https://forms.gle/ei3QiyfVicTVi12r5
1364,NON NABL,BIOLOGICAL- BIOPESTICIDES AND BIOFERTILIZERS,Liquid Based  Consortia,Contamination level,FCO 1985 SCD III PART D ,100,5,1000,1,180,1180,ABRL SP  M  001,,,,
1365,NON NABL,BIOLOGICAL- BIOPESTICIDES AND BIOFERTILIZERS,Liquid Based  Consortia,Total Viable Count as CFU/g or ml,FCO 1985 SCD III PART D,200,15,5500,1,990,6490,ABRL SP M 023,,,,https://forms.gle/ei3QiyfVicTVi12r5
1366,NON NABL,BIOLOGICAL- BIOPESTICIDES AND BIOFERTILIZERS,Liquid Based  Consortia,Individual organism viable count as CFU/g or ml,FCO 1985 SCD III PART D,200,15,5500,1,990,6490,ABRL SP M 023,,,,https://forms.gle/ei3QiyfVicTVi12r5
1367,NON NABL,BIOLOGICAL- BIOPESTICIDES AND BIOFERTILIZERS,Trichoderma viride Biopesticide,Trichoderma viride Total viable count CFU/g or ml,CIBRC Guidelines,200,15,5500,1,990,6490,ABRL SP M 024,,,,https://forms.gle/ei3QiyfVicTVi12r6
1368,NON NABL,BIOLOGICAL- BIOPESTICIDES AND BIOFERTILIZERS,Trichoderma viride Biopesticide,Trichoderma viride Contamination Level,CIBRC Guidelines,200,15,1000,1,180,1180,ABRL SP M 024,,,,https://forms.gle/ei3QiyfVicTVi12r7
1369,NON NABL,BIOLOGICAL- BIOPESTICIDES AND BIOFERTILIZERS,Trichoderma harzianum Biopesticide,Trichoderma harzianum Total viable count CFU/g or ml,CIBRC Guidelines,200,15,5500,1,990,6490,ABRL SP M 025,,,,https://forms.gle/ei3QiyfVicTVi12r8
1370,NON NABL,BIOLOGICAL- BIOPESTICIDES AND BIOFERTILIZERS,Trichoderma harzianum Biopesticide,Trichoderma harzianum Contamination Level,CIBRC Guidelines,200,15,1000,1,180,1180,ABRL SP M 025,,,,https://forms.gle/ei3QiyfVicTVi12r9
1371,NON NABL,BIOLOGICAL- BIOPESTICIDES AND BIOFERTILIZERS,Bacillus subtilis Biopesticide,Bacillus subtilis Total viable count CFU/g or ml,CIBRC Guidelines,200,15,5500,1,990,6490,ABRL SP M 026,,,,https://forms.gle/ei3QiyfVicTVi12r10
1372,NON NABL,BIOLOGICAL- BIOPESTICIDES AND BIOFERTILIZERS,Bacillus subtilis Biopesticide,Bacillus subtilis Contamination Level,CIBRC Guidelines,200,15,1000,1,180,1180,ABRL SP M 026,,,,
1373,NON NABL,BIOLOGICAL- BIOPESTICIDES AND BIOFERTILIZERS,Pseudomonas fluorescence Biopesticide,Pseudomonas fluorescence Total viable count CFU/g or ml,CIBRC Guidelines,200,15,5500,1,990,6490,ABRL SP M 027,,,,
1374,NON NABL,BIOLOGICAL- BIOPESTICIDES AND BIOFERTILIZERS,Pseudomonas fluorescence Biopesticide,Pseudomonas fluorescence Contamination Level,CIBRC Guidelines,200,15,1000,1,180,1180,ABRL SP M 027,,,,
1375,NON NABL,BIOLOGICAL- BIOPESTICIDES AND BIOFERTILIZERS,Metarhizium anisopliae Biopesticide,Metarhizium anisopliae Total viable count CFU/g or ml,CIBRC Guidelines,200,15,5500,1,990,6490,ABRL SP M 029,,,,
1376,NON NABL,BIOLOGICAL- BIOPESTICIDES AND BIOFERTILIZERS,Metarhizium anisopliae Biopesticide,Metarhizium anisopliae Contamination Level,CIBRC Guidelines,200,15,1000,1,180,1180,ABRL SP M 029,,,,
1377,NON NABL,BIOLOGICAL- BIOPESTICIDES AND BIOFERTILIZERS,Verticillium lecanii Biopesticide,Verticillium lecanii Total viable count CFU/g or ml,CIBRC Guidelines,200,15,5500,1,990,6490,ABRL SP M 030,,,,
1378,NON NABL,BIOLOGICAL- BIOPESTICIDES AND BIOFERTILIZERS,Verticillium lecanii Biopesticide,Verticillium lecanii Contamination Level,CIBRC Guidelines,200,15,1000,1,180,1180,ABRL SP M 030,,,,
1379,NON NABL,BIOLOGICAL- BIOPESTICIDES AND BIOFERTILIZERS,Beauveria bassiana Biopesticide,Beauveria bassiana Total viable count CFU/g or ml,CIBRC Guidelines,200,15,5500,1,990,6490,ABRL SP M 028,,,,
1380,NON NABL,BIOLOGICAL- BIOPESTICIDES AND BIOFERTILIZERS,Beauveria bassiana Biopesticide,Beauveria bassiana Contamination Level,CIBRC Guidelines,200,15,1000,1,180,1180,ABRL SP M 028,,,,
1381,NON NABL,BIOLOGICAL- BIOPESTICIDES AND BIOFERTILIZERS,Bacillus thuringiensis var israelensis Biopesticide,Bacillus thuringiensis var israelensis Total viable count CFU/g or ml,CIBRC Guidelines,200,15,5500,1,990,6490,ABRL SP M 031,,,,
1382,NON NABL,BIOLOGICAL- BIOPESTICIDES AND BIOFERTILIZERS,Bacillus thuringiensis var israelensis Biopesticide,Bacillus thuringiensis var israelensis Contamination Level,CIBRC Guidelines,200,15,1000,1,180,1180,ABRL SP M 031,,,,
1383,NON NABL,BIOLOGICAL- BIOPESTICIDES AND BIOFERTILIZERS,Bacillus thuringiensis var kurstaki Biopesticide,Bacillus thuringiensis var kurstaki Total viable count CFU/g or ml,CIBRC Guidelines,200,15,5500,1,990,6490,ABRL SP M 032,,,,
1384,NON NABL,BIOLOGICAL- BIOPESTICIDES AND BIOFERTILIZERS,Bacillus thuringiensis var kurstaki Biopesticide,Bacillus thuringiensis var kurstaki Contamination Level,CIBRC Guidelines,200,15,1000,1,180,1180,ABRL SP M 032,,,,
1385,NON NABL,BIOLOGICAL- BIOPESTICIDES AND BIOFERTILIZERS,Mycorrhiza biofertilizer,Number of spores as UPM spores/g,EN 17722:2024,200,15,3500,1,630,4130,ABRL SP M 033,,,,https://forms.gle/N2yEqKd9gHJs4VJ1A
1386,NON NABL,CHEMICAL- FERTILIZERS,"Micronutrient fertilizer, Fortified fertilizer, 100 % water soluble fertilizer,Liquid Fertilizer",Ferrous ion as Fe in Fe-EDTA % w/w ,FCO 1985 SCD II Part B ,50,10,650,1,117,767,ABRL PRO 099,,,,https://forms.gle/gKGgCmwm6zuS4QCB7
1387,NON NABL,CHEMICAL- ORES & MINERALS,Rock Phosphate,Calcium oxide as CaO % w/w ,ABRL STP 075 (MP-AES),50,10,750,1,135,885,ABRL PRO 067,0.1 % to 70 %,,,https://forms.gle/LJLrsPqJzigzTEgHA
1388,NON NABL,CHEMICAL- INDUSTRIAL & FINE CHEMICALS,Sulphuric acid,Acidity in Sulphuric acid % w/w,IS 266 :1993 RA 2020,50,10,300,1,54,354,ABRL PRO 012,,,,https://forms.gle/m55q5WjXu4HQBqyW8
1389,NON NABL,CHEMICAL- INDUSTRIAL & FINE CHEMICALS,Hydrochloric acid,Acidity in HCl  % w/w,IS 265 :1993 RA 2020,50,10,300,1,54,354,ABRL PRO 013,,,,https://forms.gle/5Z3JPVjGm1oQ2bxx8
1390,NON NABL,CHEMICAL- INDUSTRIAL & FINE CHEMICALS,Hydrochloric acid,Chloride Content ppm in HCl,IS 265 :1993 RA 2020,50,10,450,1,81,531,ABRL PRO 032,,,,https://forms.gle/9FyUdsVLuqTfzXif6
1391,NON NABL,CHEMICAL- INDUSTRIAL & FINE CHEMICALS,Hydrochloric acid,Sulphate as SO4 ppm in HCl,IS 265 :1993 RA 2020,50,10,500,1,90,590,ABRL PRO 032,,,,https://forms.gle/9FyUdsVLuqTfzXif6
1392,NON NABL,CHEMICAL- INDUSTRIAL & FINE CHEMICALS,Hydrochloric acid,Residue on IgnitioN in HCl w/w,IS 265 :1993 RA 2020,25,10,700,1,126,826,ABRL PRO 032,,,,https://forms.gle/9FyUdsVLuqTfzXif6
1393,NON NABL,CHEMICAL- INDUSTRIAL & FINE CHEMICALS,Hydrochloric acid,Residue on Evaporation in DW  % w/w,IS 15106 :2002 RA 2017,25,10,400,1,72,472,ABRL PRO 004,,,,https://forms.gle/r52g7ec3g7ZfoEhWA
1394,NON NABL,CHEMICAL- INDUSTRIAL & FINE CHEMICALS,Zeolite ,Zeolite % w/w,IS 15267:2003 RA 2019,50,10,700,1,126,826,ABRL PRO 049,,,,https://forms.gle/CfLaAExusvS24cj99
1395,NON NABL,CHEMICAL- INDUSTRIAL & FINE CHEMICALS,Mineral gypsum,CaSO4 % w/w,IS 1288:1982 RA 2016,50,10,600,1,108,708,ABRL PRO 054,,,,https://forms.gle/hoiNm322eb3VAFAe6
1396,NON NABL,CHEMICAL- INDUSTRIAL & FINE CHEMICALS,Inorganic fertilizer,Calcium Nitrate tetrahydrate purity % w/w,FCO 1985 SCD II PART B,50,10,500,1,90,590,ABRL PRO 081,,,,https://forms.gle/4Y1Wy7ra5KBbejA3A
1397,NON NABL,CHEMICAL- INDUSTRIAL & FINE CHEMICALS,Hydrochloric acid,Free chlorine ppm in HCl,IS 265 :1993 RA 2020,50,10,450,1,81,531,ABRL PRO 032,,,,https://forms.gle/9FyUdsVLuqTfzXif6
1398,NON NABL,CHEMICAL- INDUSTRIAL & FINE CHEMICALS,Hydrochloric acid,Non volatile matter % w/w in HCl,IS 265 :1993 RA 2020,50,10,700,1,126,826,ABRL PRO 004,,,,https://forms.gle/r52g7ec3g7ZfoEhWA
1399,NON NABL,CHEMICAL- INDUSTRIAL & FINE CHEMICALS,Hydrochloric acid,Sulphated ash % w/w in HCl,IS 265 :1993 RA 2020,50,10,700,1,126,826,ABRL PRO 032,,,,https://forms.gle/9FyUdsVLuqTfzXif6
1400,NON NABL,CHEMICAL- FERTILIZERS,Sodium Nitrate/Potassium nitrate,Purity % w/w ,IS 9157: 1979 (RA 2018),50,10,1000,1,180,1180,ABRL PRO 000,,,,
1401,NON NABL,CHEMICAL- FERTILIZERS,MgSO4,MgSO4 Purity % w/w,IS 2730:1977 RA 2020,50,10,500,1,90,590,ABRL PRO 031,,,,https://forms.gle/A1VdRqxhk6d6eDoU7
1402,NON NABL,CHEMICAL- INDUSTRIAL & FINE CHEMICALS,Hydrochloric acid/Suphuric acid,Fe mg/kg,ABRL STP 026 (MP-AES),100,10,600,1,108,708,ABRL PRO 010,,,,https://forms.gle/LdmTifGCfwDEvWTo8
1403,NON NABL,CHEMICAL- INDUSTRIAL & FINE CHEMICALS,Hydrochloric acid/Suphuric acid,Mn mg/kg,ABRL STP 026 (MP-AES),100,10,600,1,108,708,ABRL PRO 010,,,,https://forms.gle/LdmTifGCfwDEvWTo8
1404,NON NABL,CHEMICAL- INDUSTRIAL & FINE CHEMICALS,Hydrochloric acid/Suphuric acid,Pb mg/kg,ABRL STP 026 (MP-AES),100,10,600,1,108,708,ABRL PRO 010,,,,https://forms.gle/LdmTifGCfwDEvWTo8
1405,NON NABL,CHEMICAL- BIO- STIMULANT,"Botanical Extracts, including seaweed extracts",Alginic acid % w/w FCO,FCO 1985 SCD VI Part D ,50,10,3500,1,630,4130,ABRL PRO 112,,,,https://forms.gle/gXqXvP55JxrbwTnR6
1406,NON NABL,CHEMICAL- BIO- STIMULANT,"Botanical Extracts, including seaweed extracts",Mannitol % w/w FCO,FCO 1985 SCD VI Part D ,50,10,3500,1,630,4130,ABRL PRO 114,,,,https://forms.gle/f4wMVkTVxZKnBWs88
1407,NON NABL,CHEMICAL- BIO- STIMULANT,"Botanical Extracts, including seaweed extracts",Folic acid % w/w FCO,FCO 1985 SCD VI Part D ,50,10,3500,1,630,4130,ABRL PRO 115,,,,https://forms.gle/Ez2kQRtTaDNo4V6d6
1408,NON NABL,CHEMICAL- BIO- STIMULANT,"Botanical Extracts, including seaweed extracts",Fucoidan % w/w FCO,FCO 1985 SCD VI Part D ,50,10,3500,1,630,4130,ABRL PRO 113,,,,https://forms.gle/CpqHmBmYV8ToRFDP6
1409,NON NABL,CHEMICAL- BIO- STIMULANT,"Botanical Extracts, including seaweed extracts",Carbohydrate % w/w FCO,FCO 1985 SCD VI Part D ,50,10,1500,1,270,1770,ABRL PRO 110,,,,https://forms.gle/zKkYxtPix1PpvNVZ6
1410,NON NABL,CHEMICAL- BIO- STIMULANT,"Botanical Extracts, including seaweed extracts",Total Phenolics as Gallic acid equivalent (GAE) mg/g,FCO 1985 SCD VI Part D ,50,10,1500,1,270,1770,ABRL PRO 111,,,,https://forms.gle/939KNJht8uA5hPYs9
1411,NON NABL,CHEMICAL- BIO- STIMULANT,"Botanical Extracts, including seaweed extracts",Humic Acid % w/w,FCO 1985 SCD VI Part D ,50,10,3000,1,540,3540,ABRL PRO 029,,,,https://forms.gle/939KNJht8uA5hPYs9
1412,NON NABL,CHEMICAL- BIO- STIMULANT,"Botanical Extracts, including seaweed extracts",Alginic acid % w/w FCO,FCO 1985 SCD VI Part D ,50,10,3500,1,630,4130,ABRL PRO 112,,,,https://forms.gle/gXqXvP55JxrbwTnR6
1413,NON NABL,CHEMICAL- BIO- STIMULANT,"Botanical Extracts, including seaweed extracts",Mannitol % w/w FCO,FCO 1985 SCD VI Part D ,50,10,3500,1,630,4130,ABRL PRO 114,,,,https://forms.gle/f4wMVkTVxZKnBWs88
1414,NON NABL,CHEMICAL- BIO- STIMULANT,"Botanical Extracts, including seaweed extracts",Folic acid % w/w FCO,FCO 1985 SCD VI Part D ,50,10,3500,1,630,4130,ABRL PRO 115,,,,https://forms.gle/Ez2kQRtTaDNo4V6d6
1415,NON NABL,CHEMICAL- BIO- STIMULANT,"Botanical Extracts, including seaweed extracts",Fucoidan % w/w FCO,FCO 1985 SCD VI Part D ,50,10,3500,1,630,4130,ABRL PRO 113,,,,https://forms.gle/CpqHmBmYV8ToRFDP6
1416,NON NABL,CHEMICAL- BIO- STIMULANT,"Botanical Extracts, including seaweed extracts",Carbohydrate % w/w FCO,FCO 1985 SCD VI Part D ,50,10,1500,1,270,1770,ABRL PRO 110,,,,https://forms.gle/zKkYxtPix1PpvNVZ6
1417,NON NABL,CHEMICAL- BIO- STIMULANT,"Botanical Extracts, including seaweed extracts",Total Phenolics as Gallic acid equivalent (GAE) mg/g,FCO 1985 SCD VI Part D ,50,10,1500,1,270,1770,ABRL PRO 111,,,,https://forms.gle/939KNJht8uA5hPYs9
1418,NON NABL,CHEMICAL- BIO- STIMULANT,"Botanical Extracts, including seaweed extracts",Humic Acid % w/w,FCO 1985 SCD VI Part D ,50,10,3000,1,540,3540,ABRL PRO 029,,,,https://forms.gle/939KNJht8uA5hPYs9
1419,NON NABL,CHEMICAL- BIO- STIMULANT,Anti-transpirants formulations,Alginic acid % w/w FCO,FCO 1985 SCD VI Part D ,50,10,3500,1,630,4130,ABRL PRO 112,,,,https://forms.gle/gXqXvP55JxrbwTnR6
1420,NON NABL,CHEMICAL- BIO- STIMULANT,Anti-transpirants formulations,Mannitol % w/w FCO,FCO 1985 SCD VI Part D ,50,10,3500,1,630,4130,ABRL PRO 114,,,,https://forms.gle/f4wMVkTVxZKnBWs88
1421,NON NABL,CHEMICAL- BIO- STIMULANT,Anti-transpirants formulations,Folic acid % w/w FCO,FCO 1985 SCD VI Part D ,50,10,3500,1,630,4130,ABRL PRO 115,,,,https://forms.gle/Ez2kQRtTaDNo4V6d6
1422,NON NABL,CHEMICAL- BIO- STIMULANT,Anti-transpirants formulations,Fucoidan % w/w FCO,FCO 1985 SCD VI Part D ,50,10,3500,1,630,4130,ABRL PRO 113,,,,https://forms.gle/CpqHmBmYV8ToRFDP6
1423,NON NABL,CHEMICAL- BIO- STIMULANT,Anti-transpirants formulations,Carbohydrate % w/w FCO,FCO 1985 SCD VI Part D ,50,10,1500,1,270,1770,ABRL PRO 110,,,,https://forms.gle/zKkYxtPix1PpvNVZ6
1424,NON NABL,CHEMICAL- BIO- STIMULANT,Anti-transpirants formulations,Total Phenolics as Gallic acid equivalent (GAE) mg/g,FCO 1985 SCD VI Part D ,50,10,1500,1,270,1770,ABRL PRO 111,,,,https://forms.gle/939KNJht8uA5hPYs9
1425,NON NABL,CHEMICAL- BIO- STIMULANT,Anti-transpirants formulations,Humic Acid % w/w,FCO 1985 SCD VI Part D ,50,10,3000,1,540,3540,ABRL PRO 029,,,,https://forms.gle/939KNJht8uA5hPYs9
1426,NON NABL,CHEMICAL- BIO- STIMULANT,Antioxidants formulations,Alginic acid % w/w FCO,FCO 1985 SCD VI Part D ,50,10,3500,1,630,4130,ABRL PRO 112,,,,https://forms.gle/gXqXvP55JxrbwTnR6
1427,NON NABL,CHEMICAL- BIO- STIMULANT,Antioxidants formulations,Mannitol % w/w FCO,FCO 1985 SCD VI Part D ,50,10,3500,1,630,4130,ABRL PRO 114,,,,https://forms.gle/f4wMVkTVxZKnBWs88
1428,NON NABL,CHEMICAL- BIO- STIMULANT,Antioxidants formulations,Folic acid % w/w FCO,FCO 1985 SCD VI Part D ,50,10,3500,1,630,4130,ABRL PRO 115,,,,https://forms.gle/Ez2kQRtTaDNo4V6d6
1429,NON NABL,CHEMICAL- BIO- STIMULANT,Antioxidants formulations,Fucoidan % w/w FCO,FCO 1985 SCD VI Part D ,50,10,3500,1,630,4130,ABRL PRO 113,,,,https://forms.gle/CpqHmBmYV8ToRFDP6
1430,NON NABL,CHEMICAL- BIO- STIMULANT,Antioxidants formulations,Carbohydrate % w/w FCO,FCO 1985 SCD VI Part D ,50,10,1500,1,270,1770,ABRL PRO 110,,,,https://forms.gle/zKkYxtPix1PpvNVZ6
1431,NON NABL,CHEMICAL- BIO- STIMULANT,Antioxidants formulations,Total Phenolics as Gallic acid equivalent (GAE) mg/g,FCO 1985 SCD VI Part D ,50,10,1500,1,270,1770,ABRL PRO 111,,,,https://forms.gle/939KNJht8uA5hPYs9
1432,NON NABL,CHEMICAL- BIO- STIMULANT,Antioxidants formulations,Humic Acid % w/w,FCO 1985 SCD VI Part D ,50,10,3000,1,540,3540,ABRL PRO 029,,,,https://forms.gle/939KNJht8uA5hPYs9
1433,NON NABL,CHEMICAL- BIO- STIMULANT,Vitamins Formulations,Alginic acid % w/w FCO,FCO 1985 SCD VI Part D ,50,10,3500,1,630,4130,ABRL PRO 112,,,,https://forms.gle/gXqXvP55JxrbwTnR6
1434,NON NABL,CHEMICAL- BIO- STIMULANT,Vitamins Formulations,Mannitol % w/w FCO,FCO 1985 SCD VI Part D ,50,10,3500,1,630,4130,ABRL PRO 114,,,,https://forms.gle/f4wMVkTVxZKnBWs88
1435,NON NABL,CHEMICAL- BIO- STIMULANT,Vitamins Formulations,Folic acid % w/w FCO,FCO 1985 SCD VI Part D ,50,10,3500,1,630,4130,ABRL PRO 115,,,,https://forms.gle/Ez2kQRtTaDNo4V6d6
1436,NON NABL,CHEMICAL- BIO- STIMULANT,Vitamins Formulations,Fucoidan % w/w FCO,FCO 1985 SCD VI Part D ,50,10,3500,1,630,4130,ABRL PRO 113,,,,https://forms.gle/CpqHmBmYV8ToRFDP6
1437,NON NABL,CHEMICAL- BIO- STIMULANT,Vitamins Formulations,Carbohydrate % w/w FCO,FCO 1985 SCD VI Part D ,50,10,1500,1,270,1770,ABRL PRO 110,,,,https://forms.gle/zKkYxtPix1PpvNVZ6
1438,NON NABL,CHEMICAL- BIO- STIMULANT,Vitamins Formulations,Total Phenolics as Gallic acid equivalent (GAE) mg/g,FCO 1985 SCD VI Part D ,50,10,1500,1,270,1770,ABRL PRO 111,,,,https://forms.gle/939KNJht8uA5hPYs9
1439,NON NABL,CHEMICAL- BIO- STIMULANT,Vitamins Formulations,Humic Acid % w/w,FCO 1985 SCD VI Part D ,50,10,3000,1,540,3540,ABRL PRO 029,,,,https://forms.gle/939KNJht8uA5hPYs9
1440,NON NABL,CHEMICAL- BIO- STIMULANT,Humic acid and their Formulations,Alginic acid % w/w FCO,FCO 1985 SCD VI Part D ,50,10,3500,1,630,4130,ABRL PRO 112,,,,https://forms.gle/gXqXvP55JxrbwTnR6
1441,NON NABL,CHEMICAL- BIO- STIMULANT,Humic acid and their Formulations,Mannitol % w/w FCO,FCO 1985 SCD VI Part D ,50,10,3500,1,630,4130,ABRL PRO 114,,,,https://forms.gle/f4wMVkTVxZKnBWs88
1442,NON NABL,CHEMICAL- BIO- STIMULANT,Humic acid and their Formulations,Folic acid % w/w FCO,FCO 1985 SCD VI Part D ,50,10,3500,1,630,4130,ABRL PRO 115,,,,https://forms.gle/Ez2kQRtTaDNo4V6d6
1443,NON NABL,CHEMICAL- BIO- STIMULANT,Humic acid and their Formulations,Fucoidan % w/w FCO,FCO 1985 SCD VI Part D ,50,10,3500,1,630,4130,ABRL PRO 113,,,,https://forms.gle/CpqHmBmYV8ToRFDP6
1444,NON NABL,CHEMICAL- BIO- STIMULANT,Humic acid and their Formulations,Carbohydrate % w/w FCO,FCO 1985 SCD VI Part D ,50,10,1500,1,270,1770,ABRL PRO 110,,,,https://forms.gle/zKkYxtPix1PpvNVZ6
1445,NON NABL,CHEMICAL- BIO- STIMULANT,Humic acid and their Formulations,Total Phenolics as Gallic acid equivalent (GAE) mg/g,FCO 1985 SCD VI Part D ,50,10,1500,1,270,1770,ABRL PRO 111,,,,https://forms.gle/939KNJht8uA5hPYs9
1446,NON NABL,CHEMICAL- BIO- STIMULANT,Humic acid and their Formulations,Humic Acid % w/w,FCO 1985 SCD VI Part D ,50,10,3000,1,540,3540,ABRL PRO 029,,,,https://forms.gle/939KNJht8uA5hPYs9
1447,NON NABL,CHEMICAL- BIO- STIMULANT,"Protein hydrolysate(Plant, Bacterial and animal origin)",Alginic acid % w/w FCO,FCO 1985 SCD VI Part D ,50,10,3500,1,630,4130,ABRL PRO 112,,,,https://forms.gle/gXqXvP55JxrbwTnR6
1448,NON NABL,CHEMICAL- BIO- STIMULANT,"Protein hydrolysate(Plant, Bacterial and animal origin)",Mannitol % w/w FCO,FCO 1985 SCD VI Part D ,50,10,3500,1,630,4130,ABRL PRO 114,,,,https://forms.gle/f4wMVkTVxZKnBWs88
1449,NON NABL,CHEMICAL- BIO- STIMULANT,"Protein hydrolysate(Plant, Bacterial and animal origin)",Folic acid % w/w FCO,FCO 1985 SCD VI Part D ,50,10,3500,1,630,4130,ABRL PRO 115,,,,https://forms.gle/Ez2kQRtTaDNo4V6d6
1450,NON NABL,CHEMICAL- BIO- STIMULANT,"Protein hydrolysate(Plant, Bacterial and animal origin)",Fucoidan % w/w FCO,FCO 1985 SCD VI Part D ,50,10,3500,1,630,4130,ABRL PRO 113,,,,https://forms.gle/CpqHmBmYV8ToRFDP6
1451,NON NABL,CHEMICAL- BIO- STIMULANT,"Protein hydrolysate(Plant, Bacterial and animal origin)",Carbohydrate % w/w FCO,FCO 1985 SCD VI Part D ,50,10,1500,1,270,1770,ABRL PRO 110,,,,https://forms.gle/zKkYxtPix1PpvNVZ6
1452,NON NABL,CHEMICAL- BIO- STIMULANT,"Protein hydrolysate(Plant, Bacterial and animal origin)",Total Phenolics as Gallic acid equivalent (GAE) mg/g,FCO 1985 SCD VI Part D ,50,10,1500,1,270,1770,ABRL PRO 111,,,,https://forms.gle/939KNJht8uA5hPYs9
1453,NON NABL,CHEMICAL- BIO- STIMULANT,"Protein hydrolysate(Plant, Bacterial and animal origin)",Humic Acid % w/w,FCO 1985 SCD VI Part D ,50,10,3000,1,540,3540,ABRL PRO 029,,,,https://forms.gle/939KNJht8uA5hPYs9
1454,NON NABL,CHEMICAL- BIO- STIMULANT,Live micro-organisms excluding biofertilizers and biopesticides,Alginic acid % w/w FCO,FCO 1985 SCD VI Part D ,50,10,3500,1,630,4130,ABRL PRO 112,,,,https://forms.gle/gXqXvP55JxrbwTnR6
1455,NON NABL,CHEMICAL- BIO- STIMULANT,Live micro-organisms excluding biofertilizers and biopesticides,Mannitol % w/w FCO,FCO 1985 SCD VI Part D ,50,10,3500,1,630,4130,ABRL PRO 114,,,,https://forms.gle/f4wMVkTVxZKnBWs88
1456,NON NABL,CHEMICAL- BIO- STIMULANT,Live micro-organisms excluding biofertilizers and biopesticides,Folic acid % w/w FCO,FCO 1985 SCD VI Part D ,50,10,3500,1,630,4130,ABRL PRO 115,,,,https://forms.gle/Ez2kQRtTaDNo4V6d6
1457,NON NABL,CHEMICAL- BIO- STIMULANT,Live micro-organisms excluding biofertilizers and biopesticides,Fucoidan % w/w FCO,FCO 1985 SCD VI Part D ,50,10,3500,1,630,4130,ABRL PRO 113,,,,https://forms.gle/CpqHmBmYV8ToRFDP6
1458,NON NABL,CHEMICAL- BIO- STIMULANT,Live micro-organisms excluding biofertilizers and biopesticides,Carbohydrate % w/w FCO,FCO 1985 SCD VI Part D ,50,10,1500,1,270,1770,ABRL PRO 110,,,,https://forms.gle/zKkYxtPix1PpvNVZ6
1459,NON NABL,CHEMICAL- BIO- STIMULANT,Live micro-organisms excluding biofertilizers and biopesticides,Total Phenolics as Gallic acid equivalent (GAE) mg/g,FCO 1985 SCD VI Part D ,50,10,1500,1,270,1770,ABRL PRO 111,,,,https://forms.gle/939KNJht8uA5hPYs9
1460,NON NABL,CHEMICAL- BIO- STIMULANT,Live micro-organisms excluding biofertilizers and biopesticides,Humic Acid % w/w,FCO 1985 SCD VI Part D ,50,10,3000,1,540,3540,ABRL PRO 029,,,,https://forms.gle/939KNJht8uA5hPYs9
1461,NON NABL,CHEMICAL- BIO- STIMULANT,Biochemicals Formulations,Alginic acid % w/w FCO,FCO 1985 SCD VI Part D ,50,10,3500,1,630,4130,ABRL PRO 112,,,,https://forms.gle/gXqXvP55JxrbwTnR6
1462,NON NABL,CHEMICAL- BIO- STIMULANT,Biochemicals Formulations,Mannitol % w/w FCO,FCO 1985 SCD VI Part D ,50,10,3500,1,630,4130,ABRL PRO 114,,,,https://forms.gle/f4wMVkTVxZKnBWs88
1463,NON NABL,CHEMICAL- BIO- STIMULANT,Biochemicals Formulations,Folic acid % w/w FCO,FCO 1985 SCD VI Part D ,50,10,3500,1,630,4130,ABRL PRO 115,,,,https://forms.gle/Ez2kQRtTaDNo4V6d6
1464,NON NABL,CHEMICAL- BIO- STIMULANT,Biochemicals Formulations,Fucoidan % w/w FCO,FCO 1985 SCD VI Part D ,50,10,3500,1,630,4130,ABRL PRO 113,,,,https://forms.gle/CpqHmBmYV8ToRFDP6
1465,NON NABL,CHEMICAL- BIO- STIMULANT,Biochemicals Formulations,Carbohydrate % w/w FCO,FCO 1985 SCD VI Part D ,50,10,1500,1,270,1770,ABRL PRO 110,,,,https://forms.gle/zKkYxtPix1PpvNVZ6
1466,NON NABL,CHEMICAL- BIO- STIMULANT,Biochemicals Formulations,Total Phenolics as Gallic acid equivalent (GAE) mg/g,FCO 1985 SCD VI Part D ,50,10,1500,1,270,1770,ABRL PRO 111,,,,https://forms.gle/939KNJht8uA5hPYs9
1467,NON NABL,CHEMICAL- BIO- STIMULANT,Biochemicals Formulations,Humic Acid % w/w,FCO 1985 SCD VI Part D ,50,10,3000,1,540,3540,ABRL PRO 029,,,,https://forms.gle/939KNJht8uA5hPYs9
1468,NON NABL,CHEMICAL- BIO- STIMULANT,Cell-free microbial product extract and Formulation,Alginic acid % w/w FCO,FCO 1985 SCD VI Part D ,50,10,3500,1,630,4130,ABRL PRO 112,,,,https://forms.gle/gXqXvP55JxrbwTnR6
1469,NON NABL,CHEMICAL- BIO- STIMULANT,Cell-free microbial product extract and Formulation,Mannitol % w/w FCO,FCO 1985 SCD VI Part D ,50,10,3500,1,630,4130,ABRL PRO 114,,,,https://forms.gle/f4wMVkTVxZKnBWs88
1470,NON NABL,CHEMICAL- BIO- STIMULANT,Cell-free microbial product extract and Formulation,Folic acid % w/w FCO,FCO 1985 SCD VI Part D ,50,10,3500,1,630,4130,ABRL PRO 115,,,,https://forms.gle/Ez2kQRtTaDNo4V6d6
1471,NON NABL,CHEMICAL- BIO- STIMULANT,Cell-free microbial product extract and Formulation,Fucoidan % w/w FCO,FCO 1985 SCD VI Part D ,50,10,3500,1,630,4130,ABRL PRO 113,,,,https://forms.gle/CpqHmBmYV8ToRFDP6
1472,NON NABL,CHEMICAL- BIO- STIMULANT,Cell-free microbial product extract and Formulation,Carbohydrate % w/w FCO,FCO 1985 SCD VI Part D ,50,10,1500,1,270,1770,ABRL PRO 110,,,,https://forms.gle/zKkYxtPix1PpvNVZ6
1473,NON NABL,CHEMICAL- BIO- STIMULANT,Cell-free microbial product extract and Formulation,Total Phenolics as Gallic acid equivalent (GAE) mg/g,FCO 1985 SCD VI Part D ,50,10,1500,1,270,1770,ABRL PRO 111,,,,https://forms.gle/939KNJht8uA5hPYs9
1474,NON NABL,CHEMICAL- BIO- STIMULANT,Cell-free microbial product extract and Formulation,Humic Acid % w/w,FCO 1985 SCD VI Part D ,50,10,3000,1,540,3540,ABRL PRO 029,,,,https://forms.gle/939KNJht8uA5hPYs9